school,course,subject,free_exam_names,extract,question,choiceA,choiceB,choiceC,choiceD,choiceE,choiceF,choiceG,correctAnswer,rationale,image,qtype,heading
Real Estate Licensing Exams,Salesperson and Broker License Exam,Alabama Real Estate Exams,Alabama Real Estate Practice Test,,The primary purpose of the Insuring Agreement is to specify the ______ of an insurance policy.,policy period,coverages,location,damages,,,,B,"<h2>Coverages are specified in the Insuring Agreement of an insurance policy.</h2>  
The Insuring Agreement outlines the specific coverages provided by the policy, detailing what risks are insured and under what conditions. This foundational component ensures that both the insurer and the insured have a clear understanding of the protections afforded under the policy.

<b>A) Policy period</b>  
The policy period refers to the duration for which the insurance coverage is effective, but it does not define the specific protections or risks covered. While the policy period is an important aspect of an insurance policy, it is separate from the details provided in the Insuring Agreement, which focuses specifically on coverages.

<b>B) Coverages</b>  
As stated, the Insuring Agreement is fundamentally about coverages. It specifies the risks that are insured against, the limits of liability, and any exclusions that may apply. Understanding the coverages is crucial for policyholders to know what protection they have, making this the correct answer.

<b>C) Location</b>  
While location may be relevant in determining the applicability of certain coverages (like property insurance), it is not the primary focus of the Insuring Agreement. The Insuring Agreement itself does not specify a location; rather, it identifies what is covered regardless of where the insured property is situated.

<b>D) Damages</b>  
Damages refer to the financial losses or injuries that an insured may claim under the policy. However, the Insuring Agreement does not specify the damages themselves but rather the coverages under which such damages may be compensated. Therefore, while related, damages are not the primary purpose of the Insuring Agreement.

<b>Conclusion</b>  
The Insuring Agreement serves a critical role in any insurance policy by specifying the coverages that define the scope of protection provided. Understanding this aspect is essential for policyholders to effectively utilize their insurance and ensure they are adequately protected against specific risks. The other options, while related to the policy, do not capture the primary function of the Insuring Agreement as accurately as coverages do.",,Regular,
Real Estate Licensing Exams,Salesperson and Broker License Exam,Alabama Real Estate Exams,Alabama Real Estate Exam Prep,,"In terms of risk management techniques, if a risk is both very severe and very common, the best approach is:",risk reduction.,risk retention.,risk avoidance.,risk transference.,,,,C,"<h2>Risk avoidance is the best approach for a risk that is both very severe and very common.</h2>  
In risk management, when a risk presents itself as both severe and common, the optimal strategy is to avoid the risk altogether. This approach minimizes the potential for negative outcomes by eliminating the risk factor, rather than attempting to manage it in other ways.

<b>A) Risk reduction</b>  
Risk reduction involves implementing measures to minimize the likelihood or impact of a risk. While this can be effective for some risks, when faced with a risk that is both very severe and very common, merely reducing the risk may still leave significant potential for loss, which is not ideal.

<b>B) Risk retention</b>  
Risk retention is the decision to accept the risk and its consequences, often because the costs of mitigating the risk are deemed higher than the potential losses. This is not advisable for a risk that is both severe and common, as accepting such a risk can lead to substantial negative outcomes.

<b>C) Risk avoidance</b>  
Risk avoidance entails eliminating the risk entirely, which is the best strategy when the risk is both very severe and very common. By avoiding the risk, an organization can protect itself from potential losses, making this approach the most effective in this scenario.

<b>D) Risk transference</b>  
Risk transference involves shifting the risk to another party, such as through insurance or outsourcing. While this can be a useful strategy for managing certain risks, it does not eliminate the risk itself. For a risk that is both severe and common, avoidance is more effective than merely transferring the responsibility.

<b>Conclusion</b>  
In risk management, the approach taken should reflect the severity and commonality of the risk. For risks that are both very severe and very common, risk avoidance is the most prudent strategy, as it eliminates the potential for loss entirely. Other strategies such as risk reduction, retention, or transference do not adequately address the significant threat posed by such risks.",,Regular,
Real Estate Licensing Exams,Salesperson and Broker License Exam,Alabama Real Estate Exams,Alabama Real Estate Practice Test,,Which statement about subrogation is FALSE?,Subrogation allows the insurer to demand payment from the negligent party after paying the policyholder.,Subrogation prevents a policyholder from legally being compensated twice for the same loss.,The policyholder transfers their right to the insurer to recover losses from the negligent party.,The amount an insurer can recover through subrogation is always decided by a court of law.,,,,D,"<h2>The amount an insurer can recover through subrogation is always decided by a court of law.</h2>  
Subrogation allows insurers to recover costs from a liable third party after compensating the policyholder, but the recovery amount is not always determined by a court. Often, insurers negotiate settlements directly with the third party or their insurer, which may not necessitate judicial intervention.

<b>A) Subrogation allows the insurer to demand payment from the negligent party after paying the policyholder.</b>  
This statement is true, as subrogation is a legal right that enables insurers to seek reimbursement from the party responsible for the loss after fulfilling their obligations to the policyholder. It ensures that the negligent party is held accountable for their actions.

<b>B) Subrogation prevents a policyholder from legally being compensated twice for the same loss.</b>  
This statement is accurate because subrogation is intended to protect the principle of indemnity, ensuring that a policyholder does not receive double compensation for a single loss. It allows the insurer to recoup what they have paid out, thereby preserving the policyholder's right to be compensated only once.

<b>C) The policyholder transfers their right to the insurer to recover losses from the negligent party.</b>  
This statement is correct, as part of the subrogation process involves the policyholder assigning their rights to the insurer. This transfer allows the insurer to pursue recovery directly from the liable party, streamlining the claims process.

<b>Conclusion</b>  
In summary, while subrogation serves essential functions in insurance claims, it does not inherently require a court to determine recovery amounts. Instead, insurers typically negotiate directly with the liable parties. Understanding subrogation helps ensure that policyholders are adequately compensated while maintaining accountability for negligent actions.",,Regular,
Real Estate Licensing Exams,Salesperson and Broker License Exam,Alabama Real Estate Exams,Alabama Real Estate Exam Prep,,PAP holders have several duties after a loss. Which of the following is NOT one of them?,The policyholder must authorize the insurer to obtain medical reports.,The policyholder must submit to examination under oath.,The policyholder must authorize the insurer to obtain any pertinent records.,The policyholder must complete a driving safety course.,,,,D,"<h2>The policyholder must complete a driving safety course.</h2>  
This duty is not required of policyholders following a loss, as it does not pertain to the claims process or the responsibilities associated with a policyholder's obligations to their insurer.

<b>A) The policyholder must authorize the insurer to obtain medical reports.</b>  
This is a standard requirement for policyholders after a loss, especially in cases involving medical claims. By authorizing the insurer to access medical reports, the policyholder ensures that the insurer has the necessary information to assess the claim accurately.

<b>B) The policyholder must submit to examination under oath.</b>  
Submitting to an examination under oath is a legitimate duty of the policyholder after a loss. This process allows the insurer to gather detailed information about the claim and verify the circumstances surrounding it, which is crucial for fraud prevention.

<b>C) The policyholder must authorize the insurer to obtain any pertinent records.</b>  
This choice reflects a typical obligation of policyholders. By allowing the insurer to obtain pertinent records, such as police reports or medical records, the policyholder facilitates the claims investigation and processing, ensuring that the claim is handled efficiently.

<b>D) The policyholder must complete a driving safety course.</b>  
This option is not a duty related to the claims process and does not exist as a requirement after a loss. While driving safety courses may be beneficial for reducing future risks, they do not pertain to the obligations of a policyholder when filing a claim.

<b>Conclusion</b>  
After a loss, policyholders have specific duties related to the claims process, which include authorizing access to medical reports and pertinent records, as well as submitting to examinations under oath. However, completing a driving safety course is not a requirement in this context, making it the correct answer for the question. Understanding these responsibilities helps ensure that policyholders navigate the claims process effectively and fulfill their obligations to their insurer.",,Regular,
Real Estate Licensing Exams,Salesperson and Broker License Exam,Alabama Real Estate Exams,Alabama Real Estate Practice Test,,A Flood Insurance Rate Map:,outlines the special hazard areas and flood zones in a community.,details the locations of every WYO (Write Your Own) insurer in the country.,shows which areas of a community currently have NFIP insurance coverage.,"rates each building insured by the NFIP on a scale of 1 to 10, based on its durability.",,,,A,"<h2>A Flood Insurance Rate Map outlines the special hazard areas and flood zones in a community.</h2>
Flood Insurance Rate Maps (FIRMs) are essential tools used by communities to identify flood risk areas and are crucial for determining flood insurance requirements. They visually represent flood zones and special hazard areas, helping both residents and local governments understand flood risks.

<b>A) outlines the special hazard areas and flood zones in a community.</b>  
This choice is correct because FIRMs specifically illustrate areas at higher risk of flooding, categorizing them into different flood zones based on historical data and modeling. This information is vital for planning, zoning, and insurance purposes.

<b>B) details the locations of every WYO (Write Your Own) insurer in the country.</b>  
This option is incorrect as FIRMs do not provide information on insurance providers. Instead, they focus solely on mapping flood hazard areas rather than detailing the locations or specifics of insurance companies that may write policies.

<b>C) shows which areas of a community currently have NFIP insurance coverage.</b>  
This choice is misleading because while FIRMs indicate flood zones, they do not track or display the insurance coverage status of specific areas. The focus is on risk assessment rather than the existence of insurance policies.

<b>D) rates each building insured by the NFIP on a scale of 1 to 10, based on its durability.</b>  
This statement is incorrect as FIRMs do not assess or rate individual buildings. Rather, they categorize areas based on flood risk and do not evaluate the structural integrity or durability of buildings.

<b>Conclusion</b>  
FIRMs are critical for identifying flood risks in communities, allowing residents and officials to understand where special hazard areas lie. By outlining flood zones, they play a vital role in floodplain management, insurance requirements, and disaster preparedness, while the other options misrepresent the purpose and content of these maps.",,Regular,
Real Estate Licensing Exams,Salesperson and Broker License Exam,Alabama Real Estate Exams,Alabama Real Estate Exam Prep,,"XYZ Trucking Company has a Commercial Property policy with a franchise deductible of $100,000. A severe storm causes $965,000 in covered damage to their property. Considering the type of deductible, how much of this loss will XYZ Trucking Company be responsible for paying out-of-pocket?","$865,000",$0,"$100,000",The policy limit,,,,B,"<h2>XYZ Trucking Company will be responsible for paying out-of-pocket $0.</h2>  
In this scenario, the franchise deductible of $100,000 applies only when the total loss exceeds that amount. Since the total damage of $965,000 surpasses the deductible, the insurance will cover the entire loss, leaving the company with no out-of-pocket expense.

<b>A) $865,000</b>  
This choice incorrectly suggests that the company must pay the deductible amount against the total loss. However, since the loss exceeds the deductible, the insurance policy covers the full amount of the damage, resulting in no out-of-pocket costs for XYZ Trucking Company.

<b>B) $0</b>  
This is the correct choice as it reflects the fact that the total loss of $965,000 exceeds the deductible of $100,000. As a result, the insurance policy covers the entire amount of damage, leaving XYZ Trucking Company with no financial responsibility.

<b>C) $100,000</b>  
This option implies that the company must pay the deductible amount. However, in this case, the total damage surpasses the deductible, meaning that the insurance will fully cover the loss, and the company does not incur any out-of-pocket costs.

<b>D) The policy limit</b>  
This selection erroneously suggests that the company must pay up to the policy limit. The policy limit would apply if the losses were below the deductible, but since the damages exceed the deductible, the insurance covers the entire loss, making this option incorrect.

<b>Conclusion</b>  
In summary, when faced with a loss that exceeds a franchise deductible, the insured party is not responsible for any out-of-pocket expenses beyond the deductible amount. In this instance, XYZ Trucking Company incurs no costs, as their insurance policy covers the entirety of the damage amounting to $965,000, thereby illustrating how franchise deductibles work in practice.",,Regular,
Real Estate Licensing Exams,Salesperson and Broker License Exam,Alabama Real Estate Exams,Alabama Real Estate Practice Test,,"During a storm, heavy winds blow a tree over in Norman's back yard, causing it to fall on his house and damage his roof. The wind blowing over the tree would be considered:",a physical hazard.,an indirect loss.,an exposure.,an occurrence.,,,,D,"<h2>The wind blowing over the tree would be considered an occurrence.</h2>  
An occurrence refers to an event that results in damage or loss, such as the heavy winds causing the tree to fall on Norman's house. This definition captures the nature of the situation as a specific incident that leads to the subsequent damage.

<b>A) a physical hazard.</b>  
A physical hazard typically refers to a condition or object that poses a risk of injury or damage, such as the tree itself before it falls. While the tree was indeed a physical hazard in Norman's yard, the question specifically addresses the wind event that led to the damage, not the inherent risk posed by the tree.

<b>B) an indirect loss.</b>  
An indirect loss involves damage that occurs as a consequence of a primary event, such as business interruption due to property damage. In this scenario, the damage to the roof is a direct result of the occurrence (the wind), making it a direct loss rather than an indirect one.

<b>C) an exposure.</b>  
Exposure refers to a condition in which a person or property is subject to potential harm or loss. While Norman's house was exposed to the risks posed by the wind, the term does not encapsulate the specific event that caused the damage. Thus, exposure is not the best description of the wind as an event.

<b>Conclusion</b>  
In this context, the wind blowing over the tree is correctly classified as an occurrence, as it represents a specific event that resulted in damage to property. Understanding the distinction between an occurrence and other terms like physical hazard, indirect loss, and exposure is critical in assessing risk and damage in insurance and liability contexts.",,Regular,
Real Estate Licensing Exams,Salesperson and Broker License Exam,Alabama Real Estate Exams,Alabama Real Estate Exam Prep,,"Megan is an out of state driver who holds her home state's minimum liability insurance coverage of 20/40/20. When she causes an accident in Alabama, how much liability coverage will her policy provide for the damage?",35/75/35,40471-,20/40/20,25/50/25,,,,D,"<h2>Megan's policy will provide liability coverage of 25/50/25 in Alabama.</h2>  
Alabama law requires a minimum liability insurance coverage of 25/50/25. Although Megan holds a lower home state's minimum coverage of 20/40/20, she must adhere to Alabama's legal requirements, which will adjust her coverage to meet the state's minimum standards when driving there.

<b>A) 35/75/35</b>  
This option exceeds Alabama's minimum requirements and is not relevant to Megan's situation. While it reflects a higher level of coverage, it does not apply since insurance laws mandate that policies cannot provide less than the minimum required coverage but can only meet or exceed it.

<b>B) 40471-</b>  
This choice does not represent a valid format for insurance coverage and seems to be a typographical error. It lacks the structure of a standard liability policy and does not convey any meaningful information regarding coverage amounts.

<b>C) 20/40/20</b>  
Megan's home state's minimum liability coverage of 20/40/20 is insufficient for her situation in Alabama. Although this reflects what she carries, it does not comply with Alabama's required minimum coverage of 25/50/25, which she must meet upon driving in the state.

<b>D) 25/50/25</b>  
This is the correct answer, as it represents the minimum liability coverage required by Alabama law. When driving in Alabama, Megan's insurance will adjust to these minimum limits, ensuring compliance with state regulations.

<b>Conclusion</b>  
Insurance laws vary by state, and out-of-state drivers must adhere to the minimum coverage requirements of the state they are in. In Megan's case, although she holds a minimum liability coverage of 20/40/20 from her home state, her policy will automatically adjust to meet Alabama's required minimum of 25/50/25 when she causes an accident, ensuring legal compliance and adequate protection for all parties involved.",,Regular,
Real Estate Licensing Exams,Salesperson and Broker License Exam,Alabama Real Estate Exams,Alabama Real Estate Practice Test,,"An agent performs an action not explicitly allowed in their contract. If the insurer is aware of this but does not intervene or correct the agent, what type of authority has the insurer effectively granted?",Apparent,Contract,Implied,Express,,,,C,"<h2>Implied authority has been effectively granted by the insurer.</h2>  
Implied authority arises when an agent acts in a way that is not specifically outlined in their contract, but the insurer's inaction or awareness of such actions suggests consent. This authority allows the agent to perform tasks that are reasonably necessary to fulfill their responsibilities, even if those tasks are not explicitly stated in the contract.

<b>A) Apparent</b>  
Apparent authority occurs when a third party is led to believe that the agent has the authority to act on behalf of the insurer, based on the insurer's conduct. While the insurer's awareness of the agent's actions may contribute to apparent authority, it does not directly relate to the insurer's failure to intervene, which is indicative of implied authority rather than apparent authority.

<b>B) Contract</b>  
Contract authority refers to the specific powers granted to the agent as outlined in the contractual agreement with the insurer. Since the agent acted outside the bounds of the contract, this type of authority is not applicable. The insurer's failure to correct the agent's actions indicates a broader interpretation of authority rather than strictly adhering to the contract.

<b>D) Express</b>  
Express authority is explicitly stated in the contract between the insurer and the agent. Since the agent's actions were not explicitly allowed, express authority does not apply. The insurer's awareness and lack of intervention instead suggest a tacit approval, aligning more closely with implied authority.

<b>Conclusion</b>  
In this scenario, the insurer has granted implied authority by not intervening when the agent acted outside their explicit contractual powers. This implies that the insurer acknowledges the agent's actions as necessary and acceptable within the scope of their role, even if not formally documented. Understanding the distinction between implied and other forms of authority is essential in evaluating the dynamics of agency relationships in insurance.",,Regular,
Real Estate Licensing Exams,Salesperson and Broker License Exam,Alabama Real Estate Exams,Alabama Real Estate Exam Prep,,How do Government Crime policies handle new premises and employees?,They are not covered.,They are covered only after a new policy is signed and notarized.,"They are automatically covered, and the premium will not increase in the current policy term.","They are automatically covered, but the premium immediately increases.",,,,C,"<h2>They are automatically covered, and the premium will not increase in the current policy term.</h2>  
Government crime policies typically provide automatic coverage for new premises and employees without requiring additional steps, ensuring that the insured is protected without disruption. This feature allows organizations to adapt to changes in their operations without incurring immediate financial penalties in the form of premium increases.

<b>A) They are not covered.</b>  
This choice is incorrect because government crime policies are designed to adapt and extend coverage to new premises and employees as part of their standard provisions. Not covering new additions would undermine the effectiveness of the policy in safeguarding against potential risks associated with expanding operations.

<b>B) They are covered only after a new policy is signed and notarized.</b>  
This option misrepresents the nature of government crime policies, which do not typically require a new policy to be signed and notarized for coverage to take effect. Such a requirement would create unnecessary delays and administrative burdens, contradicting the intent of providing seamless protection for new entities within the insured organization.

<b>C) They are automatically covered, and the premium will not increase in the current policy term.</b>  
This statement accurately reflects how government crime policies function, allowing for the automatic inclusion of new premises and employees without imposing additional costs on the insured during the current policy term. This ensures that coverage remains comprehensive and adaptable to changing needs without financial penalty.

<b>D) They are automatically covered, but the premium immediately increases.</b>  
While this choice acknowledges the automatic coverage of new premises and employees, it incorrectly suggests that an immediate premium increase occurs. In reality, the terms of government crime policies are structured to maintain existing premium levels for the duration of the policy term, thereby offering stable financial management for the insured.

<b>Conclusion</b>  
Government crime policies are designed to provide automatic coverage for new premises and employees without necessitating additional costs during the current policy term. This feature ensures that organizations can expand and adapt while remaining protected against potential risks. The incorrect choices highlight misunderstandings about the policy's flexibility and the nature of its coverage, emphasizing the importance of understanding policy terms in risk management.",,Regular,
Real Estate Licensing Exams,Salesperson and Broker License Exam,Alabama Real Estate Exams,Alabama Real Estate Practice Test,,The Equipment Breakdown Protection Coverage Form would cover losses caused by:,malfunction caused by cleaning.,electrical failure.,computer errors.,computer viruses.,,,,B,"<h2>Electrical failure.</h2>  
The Equipment Breakdown Protection Coverage Form specifically covers losses arising from mechanical or electrical failure of equipment. This type of coverage is designed to protect against sudden and accidental breakdowns, making electrical failure a relevant and applicable cause for claims.

<b>A) Malfunction caused by cleaning.</b>  
This option refers to damage that may occur during the cleaning process, which is generally not considered an insurable event under Equipment Breakdown Protection. Such incidents are often categorized as maintenance issues, not covered by the policy, as they do not stem from mechanical or electrical failure.

<b>B) Electrical failure.</b>  
Electrical failure is a primary reason for claims under the Equipment Breakdown Protection Coverage Form. This type of failure falls within the scope of mechanical breakdowns that the policy is designed to cover, as it represents a sudden malfunction of equipment due to electrical issues.

<b>C) Computer errors.</b>  
While computer errors can lead to operational issues, they are typically categorized as software-related problems rather than mechanical or electrical failures. Equipment Breakdown Protection does not extend coverage to operational errors or failures stemming from software malfunctions.

<b>D) Computer viruses.</b>  
Computer viruses are a form of cybersecurity threat that impacts software functionality rather than the mechanical integrity of equipment. Equipment Breakdown Protection Coverage does not extend to losses caused by malicious software, as these incidents do not arise from physical breakdowns of equipment.

<b>Conclusion</b>  
The Equipment Breakdown Protection Coverage Form is specifically tailored to address losses resulting from mechanical and electrical failures, making electrical failure the only applicable choice among the options provided. Other choices involve maintenance issues, software-related problems, or cybersecurity threats, which do not fall within the coverage scope of this insurance policy. Understanding these distinctions helps ensure proper coverage for equipment-related incidents.",,Regular,
Real Estate Licensing Exams,Salesperson and Broker License Exam,Alabama Real Estate Exams,Alabama Real Estate Exam Prep,,Which of the following is NOT a contributing factor in the problem of widespread insurance fraud in this country?,"Insurance fraud is seen as a high-risk, low-profit crime.",Prosecutors treat it as a low legal priority.,The health system is an easy target for con artists.,Some insurers would rather pay claims than go to court.,,,,A,"<h2>Insurance fraud is seen as a high-risk, low-profit crime.</h2>  
This statement is incorrect as a contributing factor because insurance fraud is generally perceived as a low-risk, high-reward crime, which encourages fraudulent activities. The perception of minimal consequences and the potential for significant financial gain make it an attractive option for criminals.

<b>A) Insurance fraud is seen as a high-risk, low-profit crime.</b>  
This choice inaccurately characterizes the motivation behind insurance fraud. In reality, many perpetrators view it as a low-risk endeavor due to the difficulty of prosecution and the potentially high financial rewards, which contradicts the claim of it being a high-risk crime.

<b>B) Prosecutors treat it as a low legal priority.</b>  
This statement reflects a contributing factor to insurance fraud, as many prosecutors may not prioritize cases of fraud due to resource constraints or the perception that these cases are less severe than others. This lack of focus can lead to fewer prosecutions and increased opportunities for fraudulent activities.

<b>C) The health system is an easy target for con artists.</b>  
This choice accurately highlights a significant issue contributing to insurance fraud. The complexity and high costs associated with the health system can make it vulnerable to fraudulent claims, as con artists exploit the system's intricacies for personal gain.

<b>D) Some insurers would rather pay claims than go to court.</b>  
This statement also serves as a contributing factor, as some insurance companies may choose to settle claims quickly rather than engage in costly and lengthy legal battles. This practice may embolden fraudsters, knowing that they can potentially receive payouts without facing prosecution.

<b>Conclusion</b>  
The dynamics surrounding insurance fraud involve various factors, including how legal priorities are set and the vulnerabilities within the health system. However, the notion that insurance fraud is a high-risk, low-profit crime is a misconception that does not align with the realities of the crime's appeal. Understanding these contributing factors is crucial in developing strategies to combat insurance fraud effectively.",,Regular,
Real Estate Licensing Exams,Salesperson and Broker License Exam,Alabama Real Estate Exams,Alabama Real Estate Practice Test,,"Lillian owns an antiques shop and Sandy works part time for her. One afternoon, while Sandy is decorating the window display, she loses her balance and falls backward off a step stool, breaking some very expensive lamps in the process. What policy condition in Lillian's commercial property policy provides evidence that this loss may be covered?",Control of Property,Liberalization,No Benefit to Bailee,Subrogation,,,,C,"<h2>No Benefit to Bailee.</h2>  
The ""No Benefit to Bailee"" condition in Lillian's commercial property policy ensures that any losses incurred while Sandy, as an employee, is handling or managing property belonging to Lillian will not provide coverage to Sandy herself, but rather to Lillian. This condition indicates that the insurance is intended to protect Lillian's interests in her property, even when damage results from an employee's actions.

<b>A) Control of Property</b>  
The ""Control of Property"" condition refers to the insured's responsibility for the property and does not directly address employee actions or losses resulting from their handling of that property. This condition emphasizes the importance of the insured's management but does not provide explicit evidence of coverage for losses incurred due to an employee's accident involving the property.

<b>B) Liberalization</b>  
The ""Liberalization"" condition allows for automatic coverage enhancements if the insurer introduces new or improved policy conditions. While this could potentially broaden coverage, it does not specifically relate to the circumstances of Sandy's accidental damage to the lamps, thus failing to establish the basis for coverage in this scenario.

<b>D) Subrogation</b>  
The ""Subrogation"" condition deals with the insurer's right to recover costs from third parties responsible for a loss after they have compensated the insured. This condition does not provide evidence of coverage for the specific loss incurred by Lillian due to Sandy's actions and is more focused on recovery after a claim has been paid.

<b>Conclusion</b>  
In this scenario, the ""No Benefit to Bailee"" condition is crucial as it illustrates that while Sandy may have caused damage to Lillian's property, the coverage remains protective of Lillian's interests. This provision clarifies that even though Sandy was acting in her capacity as an employee, Lillian's policy is designed to cover losses resulting from such incidents, thus ensuring her financial protection despite the situation at hand.",,Regular,
Real Estate Licensing Exams,Salesperson and Broker License Exam,Alabama Real Estate Exams,Alabama Real Estate Exam Prep,,Which of the following sequences is most likely in the correct chronological order?,"Negotiate a settlement, then complete the investigation.","Determine the cost of repairs, then investigate the claim.","Acknowledge the claim, then open a line of communication with the claimant.","Determine the amount of damages, then see if the claim is covered under the policy.",,,,C,"<h2>Acknowledge the claim, then open a line of communication with the claimant.</h2>  
The first step in handling a claim typically involves acknowledging receipt of the claim, followed by initiating communication with the claimant to gather further information and clarify any details. This process is essential for establishing rapport and ensuring that all parties are aligned on the next steps.

<b>A) Negotiate a settlement, then complete the investigation.</b>  
Negotiating a settlement usually occurs after an investigation has been completed and the facts of the claim are clear. This option suggests an incorrect order, as one must first gather evidence and evaluate the claim before entering into discussions about settlement terms.

<b>B) Determine the cost of repairs, then investigate the claim.</b>  
Determining the cost of repairs is contingent on the investigation of the claim. This choice incorrectly implies that costs should be estimated before fully understanding the claim's validity and the extent of damages, which is not a logical approach in claims processing.

<b>C) Acknowledge the claim, then open a line of communication with the claimant.</b>  
Acknowledging the claim is the initial step in the claims process, followed by engaging with the claimant to discuss the details and gather necessary information. This sequence is crucial for ensuring proper communication and understanding throughout the claims handling process.

<b>D) Determine the amount of damages, then see if the claim is covered under the policy.</b>  
Establishing the amount of damages should follow the assessment of coverage under the policy. This option misplaces the sequence, as one must first verify whether the claim is valid under the terms of the insurance policy before calculating damages.

<b>Conclusion</b>  
The effective handling of claims begins with acknowledging the claim and establishing communication with the claimant. This approach fosters clarity and trust, allowing for a smoother claims process. Understanding the correct sequence of steps is vital for efficient claims management, ensuring that all necessary evaluations are conducted appropriately before making determinations related to settlements or damages.",,Regular,
Real Estate Licensing Exams,Salesperson and Broker License Exam,Alabama Real Estate Exams,Alabama Real Estate Practice Test,,Which aviation coverage would indemnify a farmer for damage to his crop if a plane crashed on his farm?,Airport Liability,Property Damage Liability,Bodily Injury Excluding Passengers,Admitted Aircraft Liability,,,,B,"<h2>Property Damage Liability would indemnify a farmer for damage to his crop if a plane crashed on his farm.</h2>  
Property Damage Liability insurance covers damages to someone else's property caused by the insured party. In this scenario, if a plane crashes on the farmer's land, this insurance would provide coverage for the damage to the crops, as they are considered property.

<b>A) Airport Liability</b>  
Airport Liability insurance is specifically designed to cover liabilities arising from airport operations, including accidents or injuries occurring on airport premises. This type of coverage does not extend to incidents occurring on private property, such as a farmer's land, making it irrelevant in this case.

<b>B) Property Damage Liability</b>  
Property Damage Liability is the appropriate coverage that would indemnify the farmer for damages to his crops. This policy specifically addresses damages caused to property owned by others, which includes agricultural products, thereby providing the necessary protection in the event of a plane crash.

<b>C) Bodily Injury Excluding Passengers</b>  
Bodily Injury Excluding Passengers coverage pertains to injuries sustained by individuals, excluding those who are passengers in the aircraft. While this coverage addresses personal injuries, it does not offer any protection against damage to property, such as crops, making it unsuitable for the farmer's needs.

<b>D) Admitted Aircraft Liability</b>  
Admitted Aircraft Liability insurance provides coverage for liabilities associated with the operation of aircraft, including coverage for third-party claims. However, it typically does not cover damages to crops or property owned by the insured, thus failing to protect the farmer's interests in this scenario.

<b>Conclusion</b>  
In summary, Property Damage Liability is essential for protecting the farmer against crop damage resulting from a plane crash on his property. Other options, such as Airport Liability, Bodily Injury Excluding Passengers, and Admitted Aircraft Liability, either focus on different contexts or do not provide the necessary coverage for property damage. Understanding the specific types of insurance available ensures that farmers can adequately protect their livelihoods from unexpected incidents.",,Regular,
Real Estate Licensing Exams,Salesperson and Broker License Exam,Alabama Real Estate Exams,Alabama Real Estate Exam Prep,,"Sam is in the process of building his furniture warehouse when he inherits another business property and decides to just move his business there, rather than finish construction on the original property. Why would that cause the policy period to end on the Builder's Risk Coverage Form in his commercial property policy?",The property is abandoned.,More than 30 days have passed since the start of construction.,Coverage B - Business Personal Property supersedes Builder's Risk coverage.,Extra Expense coverage supersedes Builder's Risk coverage.,,,,A,"<h2>The property is abandoned.</h2>
Abandonment of the property typically leads to the termination of Builder's Risk Coverage, as insurance policies generally require that the insured property be actively under construction. When a business relocates to another property, the original site is deemed abandoned, thus nullifying the coverage intended to protect ongoing construction activities.

<b>A) The property is abandoned.</b>  
Abandonment directly affects the validity of the Builder's Risk policy. Since the coverage is designed for properties actively being constructed, if Sam decides to move his business to a different location, the original property ceases to be a project under construction, leading to the conclusion that it is abandoned and therefore causing the policy period to end.

<b>B) More than 30 days have passed since the start of construction.</b>  
The Builder's Risk policy typically allows for coverage to continue for a specified period, often up to 30 days without any issues. However, if the construction is ongoing and not abandoned, simply exceeding this time frame does not automatically terminate the policy; it remains in effect as long as construction is active.

<b>C) Coverage B - Business Personal Property supersedes Builder's Risk coverage.</b>  
Coverage B pertains to business personal property, which is separate from Builder's Risk coverage. These two coverages serve different purposes and do not supersede each other. Builder's Risk is specifically for properties under construction, while Coverage B addresses personal property owned by the business, meaning they operate concurrently rather than one replacing the other.

<b>D) Extra Expense coverage supersedes Builder's Risk coverage.</b>  
Extra Expense coverage is designed to cover additional costs incurred to maintain operations during a property loss, but it does not supersede Builder's Risk coverage. Both coverages can exist simultaneously, serving different needs related to business operations and construction projects.

<b>Conclusion</b>  
In summary, the decision to abandon the original construction site leads to the termination of Builder's Risk Coverage, as the policy is contingent upon the property being actively under construction. While other options may present scenarios affecting coverage, none align as directly with the abandonment condition that renders the Builder's Risk policy void. Understanding these distinctions is crucial for effective property insurance management.",,Regular,
Real Estate Licensing Exams,Salesperson and Broker License Exam,Alabama Real Estate Exams,Alabama Real Estate Practice Test,,Tom purchases a new car from his local car dealer. He also decides to get insurance coverage that will pay to repair the car if he were to get into an accident. This is because Tom wants to protect:,his insurance company's profit margins.,other drivers on the road.,his own financial interest in the car.,any passengers who ride in his car.,,,,C,"<h2>Tom wants to protect his own financial interest in the car.</h2>  
By obtaining insurance coverage for his new car, Tom is primarily concerned with safeguarding his investment. Vehicle insurance helps mitigate the financial loss he would incur in the event of an accident, ensuring that he can repair or replace the car without severe financial repercussions.

<b>A) his insurance company's profit margins.</b>  
This choice misinterprets Tom's motivation for purchasing insurance. While insurance companies do aim to maintain profit margins, the primary reason for Tom's insurance purchase is to protect his own financial investment rather than to benefit the company.

<b>B) other drivers on the road.</b>  
Although having car insurance can provide liability coverage that protects other drivers in the event of an accident, Tom's decision to insure his car is motivated by his own financial interests. Therefore, this option does not accurately reflect his personal reason for acquiring the insurance.

<b>C) his own financial interest in the car.</b>  
This is the correct choice, as Tom's decision to purchase insurance is fundamentally about protecting his investment in the vehicle. Insurance provides financial security against potential losses from accidents, ensuring that he does not face unexpected repair costs.

<b>D) any passengers who ride in his car.</b>  
While insurance may offer coverage for passengers in the event of an accident, Tom's primary concern is about his financial interest in the car itself. The decision to insure the vehicle is based more on protecting his assets than on passenger safety alone.

<b>Conclusion</b>  
Tom's choice to purchase car insurance illustrates a common financial strategy aimed at safeguarding personal investments. The primary motivation behind this decision is to protect his financial interest in the vehicle, ensuring that he is not burdened with costly repairs should an accident occur. Understanding this rationale clarifies the purpose of insurance as a tool for risk management in personal finance.",,Regular,
Real Estate Licensing Exams,Salesperson and Broker License Exam,Alabama Real Estate Exams,Alabama Real Estate Exam Prep,,Insurance that covers losses to property in transport or property that is involved in the transportation of goods is called:,shipment insurance.,portable property insurance.,inland marine insurance.,travel insurance.,,,,C,"<h2>Inland marine insurance covers losses to property in transport or property involved in the transportation of goods.</h2>  
Inland marine insurance is specifically designed to protect goods while they are being transported over land, ensuring coverage for property that is mobile or in transit. This type of insurance is crucial for businesses that frequently ship goods to various locations.

<b>A) Shipment insurance</b>  
While ""shipment insurance"" might imply coverage for goods in transit, it is not a recognized term in the insurance industry. Inland marine insurance is the correct terminology for this type of coverage, which includes more than just shipments, extending to various forms of mobile property.

<b>B) Portable property insurance</b>  
Portable property insurance is not a standard term used in the industry. While it suggests coverage for property that can be moved, it does not specifically refer to property in transit or the transportation of goods. Inland marine insurance specifically addresses these needs, making it the appropriate choice.

<b>C) Travel insurance</b>  
Travel insurance is designed to cover personal risks associated with traveling, such as trip cancellations or medical emergencies while abroad. It does not provide coverage for property in transport or goods involved in transportation, thus making it unrelated to the question.

<b>D) Inland marine insurance</b>  
Inland marine insurance is indeed the correct answer, as it covers property in transit and is tailored for goods being transported over land. This specific focus on movable property sets it apart from other types of insurance.

<b>Conclusion</b>  
Inland marine insurance is essential for protecting property during transport, addressing the unique risks associated with moving goods. Other options, while they may hint at related concepts, do not accurately describe the coverage needed for property in transit. Understanding this distinction is vital for businesses engaged in shipping and logistics.",,Regular,
Real Estate Licensing Exams,Salesperson and Broker License Exam,Alabama Real Estate Exams,Alabama Real Estate Practice Test,,Risk reduction:,mitigates risk.,eliminates risk.,transfers risk.,accepts risk.,,,,A,"<h2>Risk reduction mitigates risk.</h2>  
Risk reduction involves implementing strategies to lessen the likelihood or impact of potential risks, thereby effectively mitigating them instead of completely eliminating or transferring them.

<b>A) mitigates risk</b>  
This option accurately describes the primary function of risk reduction strategies, which aim to decrease the severity or probability of adverse events. By employing various methods, such as safety protocols or preventive measures, organizations can minimize potential threats while still acknowledging their existence.

<b>B) eliminates risk</b>  
This choice is incorrect because it is impossible to completely eliminate all risks. While risk reduction can significantly decrease risks, some level of risk typically remains, making total elimination an unrealistic goal in most scenarios.

<b>C) transfers risk</b>  
Transferring risk involves shifting the responsibility of risk to another party, often through mechanisms like insurance or outsourcing. This does not align with the concept of risk reduction, which focuses on directly minimizing risks rather than passing them on.

<b>D) accepts risk</b>  
Accepting risk means recognizing that certain risks cannot be avoided and choosing to bear the consequences if they occur. This approach contrasts with risk reduction, which seeks to actively lower the chances or impacts of risks instead of simply accepting them.

<b>Conclusion</b>  
Risk reduction is a proactive approach to managing potential threats by implementing measures that mitigate their effects. While risk elimination, transfer, and acceptance are valid risk management strategies, they do not align with the essence of risk reduction, which is fundamentally about decreasing risk exposure and impact. Understanding these distinctions is crucial for effective risk management in any organization.",,Regular,
Real Estate Licensing Exams,Salesperson and Broker License Exam,Alabama Real Estate Exams,Alabama Real Estate Exam Prep,,"Jackie has a valued insurance policy on her antique square grand piano with a $35,000 limit. After thieves break into her house and steal her piano, she files a claim with her insurer. In an effort to support her claim, she provides her insurer with an article showing a similar piano that was recently sold at auction for $52,000. Ignoring any deductible, how much can Jackie expect to receive in indemnification for her claim?","$17,000","$52,000",$0,"$35,000",,,,D,"<h2>Jackie can expect to receive $35,000 in indemnification for her claim.</h2>  
The insurance policy has a limit of $35,000, which sets the maximum amount Jackie can receive for her loss. Regardless of the higher sale price of a similar piano, the policy limit dictates the indemnification amount.

<b>A) $17,000</b>  
This amount does not reflect any logical calculation based on the information provided. Since the policy limit is $35,000, indemnification cannot be lower than that unless there were specific deductibles or depreciation considered, which are not mentioned in the scenario.

<b>B) $52,000</b>  
While the article shows a similar piano sold for $52,000, this figure does not affect Jackie's claim. Insurance policies typically compensate based on the established limit, not on market values. Therefore, Jackie cannot expect to receive this amount.

<b>C) $0</b>  
This choice suggests that Jackie would receive no compensation, which is incorrect. Given that she has a valid insurance policy and has reported the theft, she is entitled to some level of indemnification up to the policy limit, which is $35,000.

<b>D) $35,000</b>  
This is the maximum indemnification amount that Jackie can receive according to her insurance policy. The insurer is obligated to compensate her for her loss up to this limit, regardless of the auction price of a similar piano.

<b>Conclusion</b>  
In summary, Jackie will receive $35,000 as indemnification for her stolen piano, aligning with the limit specified in her insurance policy. The market value of a similar piano does not influence the amount she can claim, as insurance contracts define compensation based on agreed limits rather than fluctuating market prices.",,Regular,
Real Estate Licensing Exams,Salesperson and Broker License Exam,Alabama Real Estate Exams,Alabama Real Estate Practice Test,,Which of the following statements about insurance is FALSE?,Insurance transfers the risk of financial loss from one party to another.,"If the policy limit is greater than the value of the insured item, the claimant may profit from a total loss.","Depending on the type of loss, a claimant may receive money for damaged property, additional living expenses, or car rental fees.","In exchange for a premium, the insurer promises to pay for any loss covered under an insurance policy.",,,,B,"<h2>If the policy limit is greater than the value of the insured item, the claimant may profit from a total loss.</h2>  
This statement is false because insurance is designed to indemnify the insured, meaning they should only recover up to the value of their loss, not profit from it. The principle of indemnity ensures that claimants are compensated for their financial loss without gaining an advantage.

<b>A) Insurance transfers the risk of financial loss from one party to another.</b>  
This statement is true as it accurately describes the core function of insurance. By purchasing insurance, individuals and businesses transfer the financial risk associated with potential losses to the insurance company, which assumes that risk in exchange for premiums.

<b>C) Depending on the type of loss, a claimant may receive money for damaged property, additional living expenses, or car rental fees.</b>  
This statement is also true, as it reflects the variety of coverages that insurance policies can provide. Insurers typically compensate claimants based on the specifics of their policy and the nature of the loss, including various forms of financial support as outlined in the agreement.

<b>D) In exchange for a premium, the insurer promises to pay for any loss covered under an insurance policy.</b>  
This statement is true as well, as it summarizes the fundamental agreement between the insurer and the insured. The insurer's obligation to cover losses is contingent upon the insured paying the agreed premium and adhering to the terms of the policy.

<b>Conclusion</b>  
Insurance operates on principles designed to protect individuals and businesses from financial loss through risk transfer and indemnity. While statements A, C, and D accurately convey the nature and functions of insurance, statement B misrepresents the principle of indemnity, which prevents claimants from profiting from their losses. Understanding these principles is crucial for effective insurance utilization and claims processing.",,Regular,
Real Estate Licensing Exams,Salesperson and Broker License Exam,Alabama Real Estate Exams,Alabama Real Estate Exam Prep,,"Tom has two commercial property policies covering his warehouse. Policy A is the primary policy and has a $200,000 limit, and Policy B is an excess policy with a $100,000 limit. After a fire causes $140,000 in damage to his warehouse, how will each of Tom's policies respond (ignoring any deductible)?","Policy A will pay $70,000 and Policy B will pay $70,000.","Policy A will pay $93,333 and Policy B will pay $46,667.","Policy A will pay $40,000 and Policy B will pay $100,000.","Policy A will pay $140,000 and Policy B will pay $0.",,,,D,"<h2>Policy A will pay $140,000 and Policy B will pay $0.</h2>  
In this scenario, Policy A is the primary policy that covers the first $200,000 of any damage, while Policy B acts as an excess policy that only pays once Policy A's limit has been reached. Since the total damage of $140,000 is within the limit of Policy A, it will cover the entire amount, leaving Policy B with no amount to pay.

<b>A) Policy A will pay $70,000 and Policy B will pay $70,000.</b>  
This choice incorrectly divides the damage between the two policies. Since Policy A is the primary insurance and fully covers the loss up to its limit, it will pay the entire $140,000, and Policy B will not contribute at all.

<b>B) Policy A will pay $93,333 and Policy B will pay $46,667.</b>  
This option miscalculates the distribution of the claim. Policy A is responsible for the full amount of damage up to its limit of $200,000. Therefore, it will not pay a fraction of the claim; it will cover the entire loss of $140,000.

<b>C) Policy A will pay $40,000 and Policy B will pay $100,000.</b>  
This choice also misrepresents how the policies work. Policy A will not only pay $40,000; it will cover the full amount of damage since it is less than its limit. Policy B will not pay anything since Policy A has already covered the entire loss.

<b>D) Policy A will pay $140,000 and Policy B will pay $0.</b>  
This is the correct choice, as Policy A will fully cover the damage of $140,000, remaining within its limit, and Policy B will not be activated since Policy A has satisfied the claim.

<b>Conclusion</b>  
In this case, understanding the function of primary versus excess insurance policies is crucial. Policy A, as the primary policy with a limit of $200,000, fully covers the $140,000 loss, while Policy B remains inactive since the claim falls entirely within the limits of the primary coverage. This highlights the importance of knowing how various insurance policies interact when multiple coverages are in place.",,Regular,
Real Estate Licensing Exams,Salesperson and Broker License Exam,Alabama Real Estate Exams,Alabama Real Estate Practice Test,,"The set of patient privacy rules that all health care providers, insurance companies, physicians offices, hospitals and pharmacies must follow is called the ______.",FCRA (Fair Credit Reporting Act),AIGA (Alabama Insurance Guaranty Act),IIPPA (Insurance Information and Privacy Protection Act),HIPAA (Health Insurance Portability and Accountability Act),,,,D,"<h2>HIPAA (Health Insurance Portability and Accountability Act).</h2>  
HIPAA establishes a set of national standards for the protection of individual health information, mandating that all health care providers and associated entities safeguard patient privacy and secure health information.

<b>A) FCRA (Fair Credit Reporting Act)</b>  
The Fair Credit Reporting Act pertains to the accuracy and privacy of information in consumer credit reports. It is not related to health care provisions or patient privacy, making it irrelevant to the context of health information protection.

<b>B) AIGA (Alabama Insurance Guaranty Act)</b>  
The Alabama Insurance Guaranty Act is specific to the state of Alabama and provides protection to policyholders in the event of an insurance company's insolvency. This act does not govern patient privacy or health care practices at a national level.

<b>C) IIPPA (Insurance Information and Privacy Protection Act)</b>  
While the Insurance Information and Privacy Protection Act addresses privacy issues related to insurance information, it is not as comprehensive or widely applicable as HIPAA. IIPPA varies by state and does not encompass the broad range of health care entities mandated by HIPAA.

<b>D) HIPAA (Health Insurance Portability and Accountability Act)</b>  
HIPAA is the federal law that establishes national standards to protect sensitive patient health information from being disclosed without the patient's consent or knowledge. It applies to all health care providers, insurance companies, and related entities, ensuring a uniform approach to patient privacy across the United States.

<b>Conclusion</b>  
HIPAA is the cornerstone legislation for patient privacy in the health care sector, defining the responsibilities of various entities to protect health information. Unlike the other options, which focus on different aspects of privacy or insurance, HIPAA specifically addresses the handling of health information across all health care providers and organizations, making it the essential framework for patient privacy rights.",,Regular,
Real Estate Licensing Exams,Salesperson and Broker License Exam,Alabama Real Estate Exams,Alabama Real Estate Exam Prep,,"A customer was injured while using a product on January 27, 2020. The customer did not file a claim for this injury until March 29, 2023, after the manufacturer had gone out of business. Which type of Commercial General Liability (CGL) policy would provide coverage for this claim, based on its primary trigger?","An Occurrence-form CGL policy that was active on January 27, 2020.",Any CGL policy active at the time the business ceased operations.,"A Claims-made form CGL policy that was active on January 27, 2020.","A Claims-made form CGL policy with an extended reporting period purchased after March 30, 2023.",,,,A,"<h2>An Occurrence-form CGL policy that was active on January 27, 2020.</h2>  
An Occurrence-form Commercial General Liability (CGL) policy provides coverage for claims based on when the incident occurred, rather than when the claim is filed. Since the injury happened on January 27, 2020, the coverage from a policy active at that time would apply, regardless of when the claim was made.

<b>A) An Occurrence-form CGL policy that was active on January 27, 2020.</b>  
This option is correct because an Occurrence-form policy covers claims for incidents that occur during the policy period, making it applicable to the injury sustained on January 27, 2020, regardless of when the claim was submitted.

<b>B) Any CGL policy active at the time the business ceased operations.</b>  
This choice is incorrect because coverage under a CGL policy is not determined solely by the timing of the business's operations. If the injury occurred before the business ceased operations, the relevant policy must be in effect at the time of the incident, not merely active when operations ended.

<b>C) A Claims-made form CGL policy that was active on January 27, 2020.</b>  
This option is incorrect because Claims-made policies require that both the incident occur and the claim be filed during the policy period. Since the claim was filed more than three years after the injury, it would not be covered by a Claims-made policy active at that time.

<b>D) A Claims-made form CGL policy with an extended reporting period purchased after March 30, 2023.</b>  
This choice is incorrect because while an extended reporting period (ERP) allows claims to be reported after the policy ends, the Claims-made policy must still have been in effect when the injury occurred. Since the incident happened before the ERP was activated, coverage would not apply.

<b>Conclusion</b>  
In this scenario, the Occurrence-form CGL policy that was active on the date of the injury is the only option that provides coverage for the claim. This highlights the significance of the timing of incidents in determining liability coverage, as Claims-made policies have stricter requirements that can limit the ability to file claims after a significant delay. Understanding these distinctions is crucial for both consumers and businesses in managing liability risks effectively.",,Regular,
Real Estate Licensing Exams,Salesperson and Broker License Exam,Alabama Real Estate Exams,Alabama Real Estate Practice Test,,"Anytown Pediatrics is struggling with high medical malpractice insurance premiums. To gain more control over costs and allow any profits to return to their organization, the directors decide to establish their own insurance company that will exclusively provide coverage for Anytown Pediatrics. What kind of insurance company have they created?",Stock insurance company,Reciprocal insurer,Fraternal Benefit Society,Captive insurer,,,,D,"<h2>They have created a captive insurer.</h2>  
A captive insurer is an insurance company that is established to provide coverage for a specific group or organization, allowing it to manage its own risks and retain profits within the group. In this scenario, Anytown Pediatrics is forming an insurance company solely for its own use, which is the defining characteristic of a captive insurer.

<b>A) Stock insurance company</b>  
A stock insurance company is owned by shareholders and operates for profit, providing insurance coverage to the general public. This structure does not align with Anytown Pediatrics' goal of creating a company solely for its own organizational needs and cost management.

<b>B) Reciprocal insurer</b>  
A reciprocal insurer involves a group of individuals or entities that agree to insure one another, sharing the risks and rewards of their collective insurance arrangements. While this model promotes mutual benefit, it is not exclusive to one organization like the captive insurer model being implemented by Anytown Pediatrics.

<b>C) Fraternal Benefit Society</b>  
A fraternal benefit society is a type of organization that provides insurance and other benefits to its members, typically based on a common bond or affiliation, such as religion or culture. In contrast, Anytown Pediatrics is not creating a society for a broader community but rather a specific insurance operation for its own benefit.

<b>D) Captive insurer</b>  
A captive insurer is specifically designed to provide insurance coverage exclusively for a parent organization or group, allowing them to control costs and retain profits. This is precisely what Anytown Pediatrics is doing by establishing their own insurance company.

<b>Conclusion</b>  
Anytown Pediatrics' decision to create a separate insurance company for its own coverage needs exemplifies the concept of a captive insurer. This approach enables the organization to have greater control over its insurance costs and to benefit directly from any profits, distinguishing it from other types of insurance entities that serve broader audiences or operate on different principles.",,Regular,
Real Estate Licensing Exams,Salesperson and Broker License Exam,Alabama Real Estate Exams,Alabama Real Estate Exam Prep,,"Julie owns the local shopping mall. One day, Julie sees Greg walking through the mall and doesn't like the way he looks, so she forces him to leave the premises. Greg then sues Julie for her actions. This is an example of what type of personal injury covered under Julie's Commercial General Liability policy?",Malicious Prosecution,Libel and Slander,Advertising Injury,Wrongful Eviction,,,,D,"<h2>Wrongful Eviction.</h2>  
Julie's actions towards Greg, forcing him to leave the mall based solely on her personal dislike, exemplify wrongful eviction. This act involves the unlawful removal of an individual from property, violating their right to access the premises.

<b>A) Malicious Prosecution</b>  
Malicious prosecution refers to the initiation of a legal action without probable cause, intending to harm the defendant's reputation or to harass them. In this scenario, while Greg may pursue legal action against Julie, her act of evicting him does not involve a prior unjust legal proceeding against him, making this choice inapplicable.

<b>B) Libel and Slander</b>  
Libel and slander are forms of defamation involving written and spoken false statements that damage a person's reputation. Since Julie's action does not involve making false statements about Greg but rather forcibly removing him from her property, this option does not apply to the situation.

<b>C) Advertising Injury</b>  
Advertising injury typically encompasses offenses such as copyright infringement or misappropriation of advertising ideas. Julie's eviction of Greg does not relate to any form of advertising, but rather to her personal decision to exclude him from her property, making this choice irrelevant.

<b>D) Wrongful Eviction</b>  
This incident is a direct example of wrongful eviction, as Julie's action to remove Greg from the premises was not legally justified. The act of excluding someone from property without lawful cause is a clear violation of their rights, which is what this type of personal injury encompasses.

<b>Conclusion</b>  
Julie's forced removal of Greg from the shopping mall is a clear case of wrongful eviction, as it infringes upon Greg's rights without legal justification. This exemplifies a personal injury covered under commercial general liability policies, highlighting the importance of lawful conduct in property management. Other options, such as malicious prosecution, defamation, and advertising injury, do not pertain to the actions taken by Julie in this scenario.",,Regular,
Real Estate Licensing Exams,Salesperson and Broker License Exam,Alabama Real Estate Exams,Alabama Real Estate Practice Test,,"Oscar is applying for health insurance, and writes on the application that he does not smoke, even though he does have a few cigarettes each day. This is an example of:",Intimidation.,Defamation.,Coercion.,Misrepresentation.,,,,D,"<h2>Oscar's action is an example of misrepresentation.</h2>  
By stating that he does not smoke while actually having a few cigarettes daily, Oscar is providing false information on his health insurance application. This act of presenting incorrect facts can lead to serious consequences, including denial of coverage or future claims.

<b>A) Intimidation.</b>  
Intimidation refers to the act of frightening someone into doing something, often through threats or coercive behavior. Oscar's situation does not involve any threat or coercive technique aimed at influencing the insurance company; rather, it is about providing false information, which does not align with the definition of intimidation.

<b>B) Defamation.</b>  
Defamation involves making false statements about someone that damage their reputation. In this case, Oscar is not making any statements about others; he is simply misrepresenting his own behavior. Thus, this choice is not applicable to the scenario described.

<b>C) Coercion.</b>  
Coercion is the practice of persuading someone to do something by using force or threats. Oscar is not being forced to misrepresent himself; he is making a conscious choice to omit the truth about his smoking habit. Therefore, coercion does not accurately describe his actions.

<b>D) Misrepresentation.</b>  
Misrepresentation occurs when an individual provides false or misleading information, which affects the perception of a situation or individual. Oscar's claim to not smoke, despite his daily smoking habit, is a clear example of misrepresentation, as it involves a deliberate distortion of the truth on a health insurance application.

<b>Conclusion</b>  
Oscar's declaration of not smoking, despite his actual smoking habit, is a classic case of misrepresentation. This act of providing false information can have significant ramifications in the context of health insurance, as insurers rely on accurate disclosures to assess risk and determine coverage. Understanding the nature of misrepresentation is crucial for both applicants and insurers in making informed decisions.",,Regular,
Real Estate Licensing Exams,Salesperson and Broker License Exam,Alabama Real Estate Exams,Alabama Real Estate Exam Prep,,Which of the following best describes the difference between an interline endorsement and a monoline endorsement in a Commercial Package Policy?,"An interline endorsement adds new lines of coverage, while a monoline endorsement modifies existing ones.","A monoline endorsement is filed with the Department of Insurance, but an interline endorsement is not.","Interline endorsements affect premiums, while monoline endorsements do not.","An interline endorsement applies to multiple lines of insurance, while a monoline endorsement applies to only one.",,,,D,"<h2>An interline endorsement applies to multiple lines of insurance, while a monoline endorsement applies to only one.</h2>  
Interline endorsements are designed to provide coverage modifications that can apply across different lines of insurance within a Commercial Package Policy, whereas monoline endorsements pertain specifically to a single line of coverage. This distinction is crucial for understanding how these endorsements function in insurance policies.

<b>A) An interline endorsement adds new lines of coverage, while a monoline endorsement modifies existing ones.</b>  
This statement is misleading because interline endorsements do not necessarily add new lines of coverage; rather, they modify or clarify coverage across existing lines. Monoline endorsements are used to modify specific terms within a single line of coverage, not to create new lines.

<b>B) A monoline endorsement is filed with the Department of Insurance, but an interline endorsement is not.</b>  
Filing requirements can vary based on jurisdiction and specific circumstances, but this statement incorrectly implies a universal rule. Both types of endorsements may have different filing requirements depending on the regulatory framework, and this is not a defining characteristic between the two.

<b>C) Interline endorsements affect premiums, while monoline endorsements do not.</b>  
This choice is inaccurate because both interline and monoline endorsements can potentially affect premiums by altering the coverage or risks associated with the policies. The impact on premiums is not exclusive to either type of endorsement.

<b>Conclusion</b>  
Understanding the distinction between interline and monoline endorsements is critical for navigating insurance policies. An interline endorsement applies to multiple lines of insurance, providing broader coverage modifications, while a monoline endorsement pertains to a single line. This difference plays a significant role in policy management and coverage strategies within commercial insurance frameworks.",,Regular,
Real Estate Licensing Exams,Salesperson and Broker License Exam,Alabama Real Estate Exams,Alabama Real Estate Practice Test,,An economic device used to protect against the risk of realizing unforeseen and extraordinary financial loss is called:,subrogation.,insurance.,risk avoidance.,indemnification.,,,,B,"<h2>Insurance is an economic device used to protect against the risk of realizing unforeseen and extraordinary financial loss.</h2>  
Insurance functions as a financial safety net, allowing individuals and businesses to transfer the risk of significant financial loss to an insurance provider in exchange for regular premium payments. This mechanism enables policyholders to mitigate potential losses arising from unexpected events.

<b>A) Subrogation</b>  
Subrogation is a legal process that allows an insurance company to pursue a third party responsible for a loss after compensating the insured. While it is related to insurance, it does not serve as a protective device against financial loss itself; rather, it is a recovery mechanism after a loss has occurred.

<b>B) Insurance</b>  
Insurance is a financial product specifically designed to manage risk and provide compensation for losses due to unforeseen events. By pooling resources from many policyholders, insurance companies can offer protection against extraordinary financial losses, making it the correct answer to the question.

<b>C) Risk avoidance</b>  
Risk avoidance refers to strategies aimed at eliminating potential risks before they can result in losses. While it can be an effective approach in certain scenarios, it does not function as a financial device for managing risks that cannot be avoided. Thus, it does not provide protection against unforeseen financial losses.

<b>D) Indemnification</b>  
Indemnification is a principle where one party agrees to compensate another for loss or damage incurred. While it is often a component of insurance contracts, it is not itself an economic device. Rather, it describes the process of making someone whole after a loss has occurred, which is contingent upon the existence of insurance.

<b>Conclusion</b>  
Insurance serves as a crucial economic device that offers protection against unforeseen financial losses by allowing individuals and businesses to share risk. Unlike subrogation, risk avoidance, and indemnification, which play supporting roles in the realm of risk management and compensation, insurance stands out as the primary tool for safeguarding against extraordinary financial risks.",,Regular,
Real Estate Licensing Exams,Salesperson and Broker License Exam,Alabama Real Estate Exams,Alabama Real Estate Exam Prep,,"Carrie is a member of the Benevolent and Protective Order of the Elks. As such, she receives discounts on things like hotels, bike tours, online shopping, and insurance. She decides to purchase a $20,000 whole life insurance policy through the Order of the Elks. This is possible because the Elks are:",a mutual insurance company.,a reciprocal insurance group.,a stock insurance company.,a fraternal benefit society.,,,,D,"<h2>a fraternal benefit society.</h2>  
Fraternal benefit societies are organizations that provide insurance and other benefits to their members, who typically share a common bond, such as membership in a lodge or club. The Benevolent and Protective Order of the Elks operates as a fraternal benefit society, allowing members like Carrie to access services such as whole life insurance policies.

<b>A) a mutual insurance company.</b>  
Mutual insurance companies are owned by their policyholders, who participate in the profits and losses of the company. While they do provide insurance products, they do not typically require a fraternal bond among members, which distinguishes them from fraternal benefit societies.

<b>B) a reciprocal insurance group.</b>  
Reciprocal insurance groups consist of members who exchange insurance contracts among themselves, often managed by an attorney-in-fact. Although they provide mutual coverage, they lack the fraternal aspect and community focus that characterizes fraternal benefit societies like the Elks.

<b>C) a stock insurance company.</b>  
Stock insurance companies are owned by shareholders and aim to generate profits for them. They may offer a variety of insurance products, but they do not provide the communal and charitable benefits associated with fraternal organizations, which is essential in Carrie's case with the Elks.

<b>Conclusion</b>  
Fraternal benefit societies, such as the Benevolent and Protective Order of the Elks, uniquely provide insurance and other benefits to members who share a common bond. This structure allows Carrie to purchase a whole life insurance policy through her membership, while other types of insurance organizations, like mutual and stock companies, do not offer the same community-focused benefits. Understanding these distinctions clarifies the role of fraternal organizations in providing supportive services to their members.",,Regular,
Real Estate Licensing Exams,Salesperson and Broker License Exam,California Real Estate Exams,California Real Estate Mock Exam,,Ten-year-old Joey got a newspaper route. Twenty-two-year-old Samantha signed a modeling agency contract. Thirty-year-old Jeremy hired someone to rough up his boss. And 60-year-old Rachel verbally agreed to buy a house. Choose the answer that correctly matches these people to their contract description.,"Joey/voidable contract, Samantha/valid contract, Jeremy/void contract, Rachel/unenforceable contract","Joey/valid contract, Samantha/voidable contract, Jeremy/unenforceable contract, Rachel/void contract","Joey/valid contract, Samantha/unenforceable contract, Jeremy/voidable contract, Rachel/void contract","Joey/void contract, Samantha/voidable contract, Jeremy/valid contract, Rachel/unenforceable contract",,,,D,"<h2>Joey/void contract, Samantha/voidable contract, Jeremy/valid contract, Rachel/unenforceable contract.</h2>  
Joey, being a minor, cannot enter into a legally binding contract, rendering his contract void. Samantha, as a young adult, has a valid contract that can be voided if she chooses. Jeremy's contract is valid since it involves criminal activity, making it enforceable in court, while Rachel's verbal agreement to buy a house is unenforceable due to the Statute of Frauds requiring written contracts for real estate transactions.

<b>A) Joey/voidable contract, Samantha/valid contract, Jeremy/void contract, Rachel/unenforceable contract</b>  
This option incorrectly categorizes Joey's situation; his contract is void due to his status as a minor, not voidable. It also misclassifies Jeremy's contract as void when it is valid, as the criminal nature of the agreement does not negate its enforceability in this context.

<b>B) Joey/valid contract, Samantha/voidable contract, Jeremy/unenforceable contract, Rachel/void contract</b>  
This choice wrongly states that Joey has a valid contract, which is inaccurate due to his age. Furthermore, it misclassifies Jeremy's contract as unenforceable, overlooking that while it may involve illegal activity, it is still a valid contract in terms of its formation.

<b>C) Joey/valid contract, Samantha/unenforceable contract, Jeremy/voidable contract, Rachel/void contract</b>  
This option incorrectly asserts that Joey has a valid contract. It also mislabels Samantha's situation as unenforceable instead of voidable, and it inaccurately categorizes Jeremy's contract as voidable when it is valid.

<b>Conclusion</b>  
In summary, Joey's contract is void because he is a minor, while Samantha's contract is voidable due to her age, giving her the option to affirm or reject it. Jeremy's contract is valid as it is executed, despite its criminal implications. Lastly, Rachel's verbal agreement is unenforceable because it does not comply with the Statute of Frauds, which mandates written contracts for real estate transactions. Understanding these distinctions is crucial in contract law and its practical applications.",,Regular,
Real Estate Licensing Exams,Salesperson and Broker License Exam,California Real Estate Exams,California Real Estate Practice Questions,,"Under the NAR Code of Ethics, the following are all listed as protected classes EXCEPT:",national origin,age,familial status,color,,,,B,"<h2>Age is not listed as a protected class under the NAR Code of Ethics.</h2>
The NAR Code of Ethics outlines various protected classes to ensure fair treatment in real estate transactions, but age is not among them, distinguishing it from other characteristics that are protected.

<b>A) National origin</b>  
National origin is explicitly protected under the NAR Code of Ethics, which prohibits discrimination based on an individual's country of origin or ancestry. This protection helps to ensure that individuals are treated fairly regardless of their ethnic background or nationality.

<b>B) Age</b>  
Age is not considered a protected class under the NAR Code of Ethics, which focuses on safeguarding individuals from discrimination based on characteristics such as race, color, religion, sex, handicap, familial status, and national origin. Therefore, age does not receive the same legal protections within this framework.

<b>C) Familial status</b>  
Familial status is included as a protected class, which means that discrimination against individuals based on their family situation, such as having children under 18, is prohibited. This protection is vital for ensuring that families can find housing without facing bias.

<b>D) Color</b>  
Color is recognized as a protected class under the NAR Code of Ethics, which prohibits discrimination based on an individual's skin color. This protection aims to prevent biases that may arise from racial or ethnic differences, promoting equality in housing opportunities.

<b>Conclusion</b>  
The NAR Code of Ethics protects various classes to foster equality and prevent discrimination in real estate. Among the options presented, age is not listed as a protected characteristic, while national origin, familial status, and color are included. Understanding these distinctions is crucial for ensuring compliance with ethical standards in the real estate profession.",,Regular,
Real Estate Licensing Exams,Salesperson and Broker License Exam,California Real Estate Exams,California Real Estate Mock Exam,,Which of these is a phrase used to communicate when a party to a contract must perform their contractual duties by a specific date and time in order to avoid a breach of contract?,time is of the essence,caveat emptor,express contract,constructive eviction,,,,A,"<h2>Time is of the essence.</h2>  
This phrase is commonly used in contract law to indicate that parties must fulfill their contractual obligations by a specific date and time. Failing to do so can result in a breach of contract, emphasizing the critical nature of timely performance.

<b>A) Time is of the essence</b>  
This phrase explicitly conveys that timely performance of contractual duties is essential to avoid a breach. It underscores the importance of adhering to specified deadlines within the contract, making it a key legal term in various agreements.

<b>B) Caveat emptor</b>  
Caveat emptor, meaning ""let the buyer beware,"" is a principle that places the burden on buyers to perform due diligence before making a purchase. It does not address performance deadlines or contractual obligations but rather the responsibilities of buyers in transactions.

<b>C) Express contract</b>  
An express contract refers to an agreement where the terms are explicitly stated, either orally or in writing. While it can include deadlines, the term itself does not inherently communicate the necessity for timely performance, as it encompasses a broader definition of contractual arrangements.

<b>D) Constructive eviction</b>  
Constructive eviction occurs when a tenant is unable to use the leased premises due to the landlord's actions or inactions, effectively forcing them to vacate. This legal term is unrelated to contractual performance deadlines and focuses instead on the landlord-tenant relationship.

<b>Conclusion</b>  
The phrase ""time is of the essence"" is essential in contract law, signaling that timely performance is crucial to avoid breaches. Other options like caveat emptor, express contract, and constructive eviction address different legal concepts and do not convey the critical nature of deadlines in fulfilling contractual obligations. Understanding these terms helps parties navigate their responsibilities effectively in contractual agreements.",,Regular,
Real Estate Licensing Exams,Salesperson and Broker License Exam,California Real Estate Exams,California Real Estate Practice Questions,,What type of contingency is meant to protect buyers from owning two homes at once?,financing contingency,appraisal contingency,inspection contingency,sale of another property contingency,,,,D,"<h2>Sale of another property contingency protects buyers from owning two homes at once.</h2>  
This type of contingency allows buyers to make the purchase of a new home contingent upon the sale of their current home, thus preventing them from being responsible for two mortgages simultaneously.

<b>A) Financing contingency</b>  
A financing contingency is designed to protect buyers by ensuring that they can secure a loan to purchase the new property. This does not address the situation of owning two homes at once, as it solely focuses on the buyer's ability to obtain funding.

<b>B) Appraisal contingency</b>  
An appraisal contingency protects buyers by ensuring that the property's appraised value meets or exceeds the purchase price, thereby safeguarding their investment. However, it does not relate to the circumstance of managing two homes, as it is concerned solely with property valuation.

<b>C) Inspection contingency</b>  
An inspection contingency allows buyers to have the property inspected and to negotiate repairs or withdraw from the sale if significant issues are found. While it is an important aspect of home buying, it does not provide protection against the risk of owning two homes simultaneously.

<b>D) Sale of another property contingency</b>  
This contingency specifically allows buyers to make the purchase of a new home contingent upon the successful sale of their current home. If the buyer's home does not sell, they are not obligated to complete the purchase of the new home, effectively protecting them from the burden of two mortgage payments.

<b>Conclusion</b>  
The sale of another property contingency is crucial for buyers looking to avoid the financial strain of owning two homes at once. By ensuring that the purchase of a new home depends on the sale of their current one, buyers can confidently navigate the transition without the risk of dual homeownership. This contingency is essential for smooth real estate transactions where timing and financial obligations are critical factors.",,Regular,
Real Estate Licensing Exams,Salesperson and Broker License Exam,California Real Estate Exams,California Real Estate Mock Exam,,Rosa is trying to get approved for a loan so she can purchase a new home. What type of value will the lender use to determine whether or not to approve Rosa's loan?,Assessed value,Market value,Appraised value,Insurable value,,,,C,"<h2>Appraised value is the type of value the lender will use to determine whether or not to approve Rosa's loan.</h2>  
The appraised value is an estimate of the property's worth determined by a professional appraiser. Lenders utilize this assessment to ascertain the value of the home and ensure it aligns with the amount being borrowed.

<b>A) Assessed value</b>  
Assessed value is used primarily for property tax purposes and represents the value assigned to a property by a public tax assessor. This value may not reflect the current market conditions or the property's true worth, making it less relevant for loan approval processes.

<b>B) Market value</b>  
Market value refers to the price a property would likely sell for in the open market, influenced by supply and demand dynamics. While relevant, lenders typically rely on the appraised value rather than market value alone, as the appraisal provides a more objective assessment of the property's condition and worth.

<b>C) Appraised value</b>  
The appraised value is determined by a certified appraiser who assesses the property based on various factors, including its condition, location, and recent sales of comparable properties. This value is crucial for lenders as it provides a reliable basis for deciding loan amounts, ensuring that the loan does not exceed the actual worth of the property.

<b>D) Insurable value</b>  
Insurable value reflects the cost to replace or repair the property in case of damage or loss. While it is essential for determining insurance coverage, it does not directly influence the loan approval process, which focuses on the property's market and appraised value.

<b>Conclusion</b>  
In the context of loan approval, the appraised value serves as the most critical metric for lenders. It provides an objective and thorough evaluation of the property's worth, ensuring that the loan amount is justified. While assessed, market, and insurable values play roles in property ownership, they do not hold the same significance in the loan approval process as the appraised value does.",,Regular,
Real Estate Licensing Exams,Salesperson and Broker License Exam,California Real Estate Exams,California Real Estate Practice Questions,,What are ethics?,laws and morals,"rules that are enforced by a local, state, or federal government authority to help create order in society",standards of conduct agreed upon and recognized by a particular group or culture,personal values derived from a system of beliefs,,,,C,"<h2>Standards of conduct agreed upon and recognized by a particular group or culture.</h2>  
Ethics refer to the principles and standards that govern the behavior of individuals within a specific group or culture, shaping their understanding of right and wrong. These standards are often formalized and recognized by members of the group, thereby influencing collective behavior and decision-making.

<b>A) Laws and morals</b>  
While laws are formalized rules created by governmental bodies and morals represent personal beliefs about right and wrong, ethics specifically relates to the agreed-upon standards of conduct within a group. Laws and morals can vary significantly, whereas ethics are more about the collective agreement of a community's values.

<b>B) Rules that are enforced by a local, state, or federal government authority to help create order in society</b>  
This choice describes laws rather than ethics. Laws are imposed by governmental authorities and are mandatory, while ethics arise from social consensus and cultural norms that guide behavior but are not legally enforceable. Ethics focus on moral philosophy and values rather than governmental regulation.

<b>C) Standards of conduct agreed upon and recognized by a particular group or culture</b>  
This accurately defines ethics, emphasizing that they are derived from collective agreement and understanding within a specific context. Ethics serve as a framework for evaluating behaviors and decisions based on shared values within a community.

<b>D) Personal values derived from a system of beliefs</b>  
Although personal values can influence ethical behavior, ethics themselves are broader and pertain to group standards rather than individual belief systems. Ethics are established through collective consensus rather than solely through personal convictions, highlighting the difference between individual beliefs and communal ethical standards.

<b>Conclusion</b>  
Ethics encompass the shared standards of conduct recognized by a group or culture, guiding behavior and decision-making within that context. Unlike laws, which are enforced by authority, or personal values, which are subjective, ethics are a collective understanding of right and wrong that shapes the moral framework of a community. This distinction is crucial for navigating ethical dilemmas in various social and cultural settings.",,Regular,
Real Estate Licensing Exams,Salesperson and Broker License Exam,California Real Estate Exams,California Real Estate Mock Exam,,Friable particles from asbestos are dangerous to humans when:,heated,wet,inhaled,encapsulated,,,,C,"<h2>Friable particles from asbestos are dangerous to humans when inhaled.</h2>  
Asbestos fibers are particularly hazardous when they become airborne and are inhaled, leading to serious health risks such as lung diseases and cancer. Inhalation allows these tiny particles to enter the respiratory system, where they can cause significant damage over time.

<b>A) heated</b>  
While heating asbestos can release fibers into the air, it is the act of inhaling these fibers that poses the greatest danger. Heating alone does not directly cause harm; it is the subsequent inhalation of friable particles that leads to health issues. Therefore, this option does not accurately convey the primary risk.

<b>B) wet</b>  
Wet asbestos can reduce the likelihood of fibers becoming airborne, as moisture helps to bind the particles together. Although wet conditions can prevent inhalation, they do not eliminate the inherent dangers of asbestos exposure. Consequently, this choice does not represent the most critical aspect of asbestos-related health risks.

<b>C) inhaled</b>  
Inhalation of friable asbestos fibers directly introduces these harmful particles into the lungs, where they can lead to serious respiratory conditions, including asbestosis and mesothelioma. This choice correctly identifies the primary route of exposure that results in health hazards associated with asbestos.

<b>D) encapsulated</b>  
When asbestos is encapsulated, it is contained and poses minimal risk of exposure. Encapsulation is often used as a method of managing asbestos in buildings to prevent fibers from becoming airborne. Thus, this option inaccurately suggests a dangerous scenario when in fact it describes a safe condition.

<b>Conclusion</b>  
The inhalation of friable asbestos particles represents the critical pathway through which serious health risks arise. While other conditions like heating, wetness, and encapsulation can influence the state of asbestos, none compare to the direct dangers posed by inhaling airborne fibers. Understanding this risk is essential for effective asbestos management and ensuring safety in environments where asbestos may be present.",,Regular,
Real Estate Licensing Exams,Salesperson and Broker License Exam,California Real Estate Exams,California Real Estate Practice Questions,,"Two years into his contract to coach Jerry's semi-pro football team, Jimmy choked on a cream cheese bagel and died. Jimmy's estate is not obligated to perform according to the terms and conditions of Jimmy and Jerry's contract. Why?",Death or incapacity relieves a party from contractual obligations only if the surviving party agrees.,Death or incapacity relieves a party from contractual obligations in all bilateral contracts.,Death or incapacity relieves a party from contractual obligations regardless of the type of contract.,Death or incapacity relieves a party from contractual obligations in personal service contracts.,,,,D,"<h2>Death or incapacity relieves a party from contractual obligations in personal service contracts.</h2>  
In personal service contracts, the unique skills or personal attributes of the individual are critical to the execution of the contract. Therefore, if one party dies or becomes incapacitated, the remaining party cannot fulfill the contract as originally intended, relieving the deceased party's estate from any obligations.

<b>A) Death or incapacity relieves a party from contractual obligations only if the surviving party agrees.</b>  
This statement is incorrect because the obligation to perform under a contract does not depend on the agreement of the surviving party. The legal principle is that death or incapacity automatically affects the obligations of the deceased party's estate, without needing consent from the other party.

<b>B) Death or incapacity relieves a party from contractual obligations in all bilateral contracts.</b>  
This choice is misleading because not all bilateral contracts are affected by death or incapacity. For instance, contracts involving the sale of goods or real estate may still be enforceable even after one party's death, as the performance does not rely on the personal capabilities of the party.

<b>C) Death or incapacity relieves a party from contractual obligations regardless of the type of contract.</b>  
This statement is too broad and inaccurate. While death or incapacity may relieve obligations in certain cases, it does not apply universally across all contract types. Many contracts can still be enforced after the death of a party, particularly if the contract is assignable or does not hinge on personal performance.

<b>Conclusion</b>  
In personal service contracts, the unique attributes and skills of the individual are essential, making death or incapacity a valid reason for relieving contractual obligations. Other types of contracts may not provide the same relief, as their enforceability typically remains intact regardless of the personal circumstances of the parties involved. This legal principle ensures that obligations tied to personal capability are respected, preserving the essence of the contract.",,Regular,
Real Estate Licensing Exams,Salesperson and Broker License Exam,California Real Estate Exams,California Real Estate Mock Exam,,"Buyer's Agent Liana, who belongs to CAR, is getting ready to fill in the blanks of the Residential Purchase Agreement and Joint Escrow Instructions (RPA). Her client wants her to draft an unusual contingency. What should Liana do?",Liana should write the contingency and send it to CAR for approval.,Liana should refer her client to an attorney.,Liana can only write the contingency if her broker agrees to it.,Liana should write the contingency and have her broker look at it.,,,,B,"<h2>Liana should refer her client to an attorney.</h2>  
In situations where a buyer requests an unusual contingency, it is prudent for Liana to advise her client to seek legal counsel. This ensures that the contingency is legally sound and appropriately drafted, as real estate transactions often involve complex legal implications that require professional legal expertise.

<b>A) Liana should write the contingency and send it to CAR for approval.</b>  
Sending a contingency to CAR for approval is not advisable since CAR does not provide legal advice or approve specific contractual contingencies. Additionally, writing the contingency herself may expose Liana to legal liabilities if the language is flawed or inadequate, making it essential to involve a qualified attorney instead.

<b>C) Liana can only write the contingency if her broker agrees to it.</b>  
While brokers may have input on contractual matters, the necessity for legal compliance supersedes internal broker approval processes for unusual contingencies. Without legal expertise, even a broker's agreement does not ensure that the contingency will be valid or enforceable, highlighting the importance of consulting an attorney.

<b>D) Liana should write the contingency and have her broker look at it.</b>  
Having her broker review the contingency does not address the legal complexities involved in drafting unusual contingencies. Brokers may not possess the legal training required to ensure the contingency is appropriately formulated, further underscoring the need for an attorney's guidance to safeguard the client's interests.

<b>Conclusion</b>  
In real estate transactions, particularly those involving unusual contingencies, it is essential to prioritize legal accuracy and compliance. By referring her client to an attorney, Liana can ensure that any drafted contingencies are legally sound and tailored to the specific needs of the transaction, thus protecting both her client and herself from potential legal complications.",,Regular,
Real Estate Licensing Exams,Salesperson and Broker License Exam,California Real Estate Exams,California Real Estate Practice Questions,,The compensation for an agent in an employment agreement is determined by whom?,agent and client,local REALTOR® association,client only,agent only,,,,A,"<h2>The compensation for an agent in an employment agreement is determined by the agent and client.</h2>  
The compensation structure within an employment agreement is a mutual decision made between the agent and the client, reflecting their agreed-upon terms for services provided.

<b>A) agent and client</b>  
This choice accurately reflects the collaborative nature of compensation agreements. Both the agent and the client negotiate and agree upon the terms of compensation, which may include commission rates, fees, and other financial arrangements. This mutual agreement is essential for establishing a working relationship based on shared expectations.

<b>B) local REALTOR® association</b>  
While local REALTOR® associations may provide guidelines or standards for compensation practices, they do not directly determine the compensation for individual agents in specific employment agreements. The association's role is more about promoting ethical standards and best practices rather than dictating terms between agents and clients.

<b>C) client only</b>  
This choice incorrectly suggests that only the client has the authority to determine the agent's compensation, which undermines the collaborative nature of the agreement. Compensation is a negotiated aspect that requires input from both parties, making this choice incomplete.

<b>D) agent only</b>  
This option implies that the agent solely decides the compensation without input from the client, which is not the case. The compensation must reflect mutual agreement and cannot be unilaterally set by the agent alone, as it disregards the client's role in the employment agreement.

<b>Conclusion</b>  
Compensation for agents in employment agreements is fundamentally a negotiated aspect between the agent and the client, ensuring that both parties have a stake in the terms of their professional relationship. The choices that suggest unilateral decision-making fail to recognize the importance of collaboration in establishing fair and agreed-upon compensation. Understanding this dynamic is crucial for fostering successful agent-client partnerships.",,Regular,
Real Estate Licensing Exams,Salesperson and Broker License Exam,California Real Estate Exams,California Real Estate Mock Exam,,Who needs a California real estate license?,"Amy, who collects a fee for referring a client to a fellow agent","Jonah, who is selling his own property for the fourth time this year","Dina, who works as an apartment complex manager whose duties are limited to collecting security deposits and rents","Garrett, who reviews residential purchase agreements for his clients",,,,D,"<h2>Garrett, who reviews residential purchase agreements for his clients.</h2>  
In California, individuals engaging in real estate transactions or providing services that require a professional license must hold a valid real estate license. Reviewing residential purchase agreements constitutes a licensed activity, as it involves providing guidance on legal contracts related to real estate transactions.

<b>A) Amy, who collects a fee for referring a client to a fellow agent</b>  
Amy is engaging in a referral activity; however, under California law, one can refer clients without a real estate license as long as they do not provide services that require a license. Collecting a fee for referrals does not necessitate a real estate license.

<b>B) Jonah, who is selling his own property for the fourth time this year</b>  
Jonah is selling his own property, which is exempt from licensing requirements in California. Homeowners can sell their own properties without needing a real estate license, regardless of how many times they do so in a year.

<b>C) Dina, who works as an apartment complex manager whose duties are limited to collecting security deposits and rents</b>  
Dina's responsibilities are limited to property management tasks that do not require a real estate license. In California, property managers can collect rents and deposits without being licensed, provided their duties do not extend to other real estate services.

<b>Conclusion</b>  
In California, real estate licenses are essential for individuals involved in activities that require professional expertise, such as reviewing purchase agreements. Garrett's role in reviewing residential purchase agreements for clients clearly falls within licensed activities, necessitating a real estate license. In contrast, the other individuals mentioned in the options engage in activities that either do not require a license or are exempt from licensing laws.",,Regular,
Real Estate Licensing Exams,Salesperson and Broker License Exam,California Real Estate Exams,California Real Estate Practice Questions,,"If a seller defaults on a contract, what typically happens?",The earnest money is returned to the buyer.,The seller keeps the earnest money.,The buyer receives the deed.,The seller prorates all costs.,,,,B,"<h2>The seller keeps the earnest money.</h2>  
When a seller defaults on a contract, they typically forfeit the earnest money, which is a deposit made by the buyer to demonstrate serious intent to purchase. This forfeiture serves as a penalty to the seller for not fulfilling their contractual obligations, thereby compensating the buyer for the inconvenience and potential losses incurred.

<b>A) The earnest money is returned to the buyer.</b>  
If the seller defaults, the earnest money is generally not returned to the buyer. Instead, the seller's default leads to the forfeiture of this deposit, which is intended to protect the buyer from losses incurred due to the seller's failure to comply with the contract.

<b>B) The seller keeps the earnest money.</b>  
In the case of a default by the seller, they retain the earnest money as a form of penalty. This outcome is designed to discourage sellers from backing out of agreements and compensates the buyer for their time and potential financial loss.

<b>C) The buyer receives the deed.</b>  
Receiving the deed is contingent upon the successful completion of the sale. If the seller defaults, the buyer does not receive the deed since the transaction has not been completed, and thus no ownership transfer occurs.

<b>D) The seller prorates all costs.</b>  
Prorating costs typically applies to transactions that are completed, ensuring that each party pays their fair share of expenses like taxes or utility bills. In the event of a seller defaulting, this process is irrelevant as the contract has not been honored, and no sale has taken place.

<b>Conclusion</b>  
When a seller defaults on a contract, they forfeit the earnest money, which is retained as compensation for the buyer's potential losses and to discourage such defaults. The other options misrepresent the consequences of a seller's failure to perform, as they imply benefits or completions that cannot occur without adherence to the contract. Understanding this aspect is crucial for both buyers and sellers engaged in real estate transactions.",,Regular,
Real Estate Licensing Exams,Salesperson and Broker License Exam,California Real Estate Exams,California Real Estate Mock Exam,,"If a seller intends to leave behind personal property when selling their home, where in the listing agreement will this be indicated?",dispute resolution clause,protection period,items excluded and included clause,agency relationships clause,,,,C,"<h2>Items excluded and included clause.</h2>  
This clause specifically outlines which personal properties will remain with the home upon sale and which items will be excluded, clarifying the seller's intentions to both the buyer and the real estate agents involved.

<b>A) Dispute resolution clause</b>  
This clause addresses the procedures for resolving any disputes that may arise during the transaction process, such as disagreements over contract terms or performance. It does not pertain to the specifics of personal property being included or excluded in the sale of the home.

<b>B) Protection period</b>  
The protection period relates to the duration during which the listing agent is entitled to a commission if the property sells to a buyer introduced by the agent. This clause focuses on the agent's compensation and does not contain details about personal property included in the sale.

<b>C) Items excluded and included clause</b>  
This clause is essential as it explicitly states what personal items, such as appliances or furniture, will stay with the property and which items the seller intends to take with them. This clarity helps prevent misunderstandings and ensures that buyers know exactly what they are purchasing.

<b>D) Agency relationships clause</b>  
This clause outlines the nature of the relationship between the agent and the client, including the duties and responsibilities of the agent. It does not include information about personal property left behind by the seller, making it irrelevant in this context.

<b>Conclusion</b>  
In real estate transactions, the items excluded and included clause is crucial for specifying what personal property will remain with the home after sale. This clarity helps buyers understand their purchase and protects sellers by clearly stating their intentions regarding personal belongings. Other clauses, while important for various aspects of the transaction, do not serve this specific purpose.",,Regular,
Real Estate Licensing Exams,Salesperson and Broker License Exam,California Real Estate Exams,California Real Estate Practice Questions,,When does possession occur?,on the closing date,when the deed is recorded at the county recorder's office,when the seller moves out,when the buyer gets the keys and is permitted to move into the property,,,,D,"<h2>Possession occurs when the buyer gets the keys and is permitted to move into the property.</h2>  
Possession of a property typically transfers to the buyer at the point they receive the keys and are allowed to take occupancy, signifying their control and rights over the property.

<b>A) On the closing date</b>  
While the closing date is when the sale is finalized and funds are exchanged, it does not automatically confer possession to the buyer. Possession can be delayed until the buyer receives the keys, meaning the buyer does not have the right to occupy the property immediately at closing.

<b>B) When the deed is recorded at the county recorder's office</b>  
Recording the deed is an important step in the transfer of ownership, but it does not equate to possession. The buyer may technically be recognized as the owner after recording, yet physical possession still requires access to the property, typically granted through receiving the keys.

<b>C) When the seller moves out</b>  
The seller moving out does not directly correlate with the transfer of possession to the buyer. Although it is common for sellers to vacate before or at closing, the legal possession of the property is formally transferred only when the buyer obtains the keys and is allowed to occupy the residence.

<b>Conclusion</b>  
In real estate transactions, the transfer of possession occurs specifically when the buyer receives the keys and is permitted to move in, reflecting their immediate control and rights over the property. Other events such as the closing date, deed recording, and seller vacating the premises do not establish possession, highlighting the importance of key exchange in this context. Understanding this distinction is crucial for both buyers and sellers in a property transaction.",,Regular,
Real Estate Licensing Exams,Salesperson and Broker License Exam,California Real Estate Exams,California Real Estate Mock Exam,,"A building has an annual PGI of $800,000. Over the last 5 years, the vacancy rate of the building has been 6%. What is the annual vacancy cost of the building?","$55,000","$32,000","$60,000","$48,000",,,,D,"<h2>The annual vacancy cost of the building is $48,000.</h2>  
To calculate the annual vacancy cost, we multiply the annual PGI by the vacancy rate. In this case, $800,000 multiplied by 6% (or 0.06) gives us $48,000, which represents the lost revenue due to vacant units.

<b>A) $55,000</b>  
This choice incorrectly calculates the vacancy cost, suggesting an amount that exceeds the actual loss. The calculation may have mistakenly applied a higher vacancy rate or miscalculated the percentage of the PGI, leading to an inflated figure that does not reflect the vacancy impact accurately.

<b>B) $32,000</b>  
This option underestimates the vacancy cost by applying an incorrect vacancy rate. It may represent a miscalculation based on misunderstanding the percentage or incorrectly applying the multiplication of the PGI, resulting in a figure that is not supported by the given data.

<b>C) $60,000</b>  
This figure is also incorrect as it overestimates the vacancy cost. It likely arises from using an incorrect vacancy rate, possibly rounding the percentage or misapplying the formula, leading to a result that does not align with the actual PGI and vacancy rate provided.

<b>D) $48,000</b>  
This is the correct calculation of the vacancy cost, derived from multiplying the annual PGI of $800,000 by the vacancy rate of 6%. The resulting value accurately reflects the financial impact of vacancies within the property, providing a precise estimate of lost income.

<b>Conclusion</b>  
The annual vacancy cost for the building is determined by accurately calculating the product of the PGI and the vacancy rate. In this case, $48,000 is the correct annual vacancy cost, highlighting the importance of precision in financial calculations. The other choices reflect common calculation errors, illustrating the need for careful application of percentages in real estate financial assessments.",,Regular,
Real Estate Licensing Exams,Salesperson and Broker License Exam,California Real Estate Exams,California Real Estate Practice Questions,,Sofia's lease has a pre-determined starting date and ending date. What kind of leasehold estate does Sofia have?,estate for years,estate at sufferance,periodic estate,estate at will,,,,A,"<h2>Sofia has an estate for years.</h2>  
An estate for years is a leasehold estate that has a specific starting and ending date, making it distinct from other types of leasehold estates. This type of lease provides clarity for both the landlord and tenant regarding the duration of the tenancy.

<b>A) estate for years</b>  
This option is correct because an estate for years is characterized by a fixed lease term with defined beginning and ending dates. Sofia's lease fits this description, as it explicitly states both a starting and an ending date, establishing a clear timeframe for the lease agreement.

<b>B) estate at sufferance</b>  
An estate at sufferance occurs when a tenant remains in possession of the property after the lease has expired, without the landlord's consent. This type of estate does not have a predetermined end date and is not applicable to Sofia's situation, as her lease has a definitive termination date.

<b>C) periodic estate</b>  
A periodic estate is one that automatically renews at the end of each period (e.g., monthly or yearly) until either party terminates it. Since Sofia's lease has fixed starting and ending dates and does not renew automatically, it does not qualify as a periodic estate.

<b>D) estate at will</b>  
An estate at will is a leasehold estate that can be terminated at any time by either party, with no set duration. This type of estate lacks the structure of a defined starting and ending date, which is not the case for Sofia's lease, making this option incorrect.

<b>Conclusion</b>  
Sofia's lease qualifies as an estate for years due to its clearly defined beginning and ending dates, distinguishing it from other leasehold estates that do not share these characteristics. Understanding the nature of different leasehold estates is crucial for both tenants and landlords in managing their rights and obligations effectively.",,Regular,
Real Estate Licensing Exams,Salesperson and Broker License Exam,California Real Estate Exams,California Real Estate Mock Exam,,Megan's law requires that:,all sellers in California must disclose all known material facts to potential buyers,all homes built prior to 1974 must provide statements about the risk of lead-based paint,all sellers of one-to-four residential properties provide buyers with a TDS,authorities make information available to the public regarding registered sex offenders,,,,D,"<h2>Authorities make information available to the public regarding registered sex offenders.</h2>  
Megan's law mandates that information about registered sex offenders be accessible to the public, enhancing community safety by allowing individuals to be informed about potential risks in their neighborhoods.

<b>A) All sellers in California must disclose all known material facts to potential buyers</b>  
This statement refers to general disclosure requirements for real estate transactions in California, but it is not specific to Megan's law. While disclosure of material facts is important in real estate, it does not pertain to the public availability of information about sex offenders.

<b>B) All homes built prior to 1974 must provide statements about the risk of lead-based paint</b>  
This choice relates to federal regulations concerning lead-based paint disclosures but is unrelated to Megan's law. The focus of this option is on environmental hazards in housing, not on the public dissemination of information about sex offenders.

<b>C) All sellers of one-to-four residential properties provide buyers with a TDS</b>  
The Transfer Disclosure Statement (TDS) is a requirement for sellers in California to inform buyers about the property's condition. This is a real estate requirement and does not involve the public's right to access information about registered sex offenders as mandated by Megan's law.

<b>Conclusion</b>  
Megan's law specifically addresses the need for public access to information regarding registered sex offenders, enhancing community awareness and safety. While the other options pertain to real estate disclosures and environmental safety, they do not capture the essence of Megan's law, which is centered on public safety and awareness of potential threats from registered offenders.",,Regular,
Real Estate Licensing Exams,Salesperson and Broker License Exam,California Real Estate Exams,California Real Estate Practice Questions,,"Which of these is a naturally occurring radioactive gas that emanates from rocks, soil, and water and can cause lung cancer?",Chlordane,Carbon monoxide,Chlorofluorocarbons,Radon,,,,D,"<h2>Radon is a naturally occurring radioactive gas that emanates from rocks, soil, and water and can cause lung cancer.</h2>  
Radon is a colorless, odorless gas produced from the natural decay of uranium and is known for its health risks, particularly its link to lung cancer when inhaled over time.

<b>A) Chlordane</b>  
Chlordane is a synthetic pesticide that was widely used in agriculture and for termite control but is not a naturally occurring gas. It is not related to radioactive decay and poses different health risks, primarily through exposure rather than inhalation of a gas.

<b>B) Carbon monoxide</b>  
Carbon monoxide is a colorless, odorless gas produced by the incomplete combustion of fossil fuels. While it can be harmful and even fatal in high concentrations, it is not radioactive and does not emanate from natural geological sources like radon does.

<b>C) Chlorofluorocarbons</b>  
Chlorofluorocarbons (CFCs) are synthetic compounds used primarily in refrigeration and aerosol propellants. They are not naturally occurring gases and have been linked to ozone depletion rather than to lung cancer or radioactivity.

<b>D) Radon</b>  
Radon is the only option that correctly identifies a naturally occurring radioactive gas. It is released from the decay of uranium found in soil and rocks and is known for its potential to cause lung cancer when accumulated in homes or buildings.

<b>Conclusion</b>  
Radon stands out as the only naturally occurring radioactive gas among the options provided, with significant health implications due to its ability to accumulate indoors and increase lung cancer risk. The other choices, being synthetic or non-radioactive gases, do not share this critical characteristic. Understanding the dangers of radon exposure is vital for health and safety, especially in areas with high natural uranium content.",,Regular,
Real Estate Licensing Exams,Salesperson and Broker License Exam,California Real Estate Exams,California Real Estate Mock Exam,,Agent Aamina wants to make sure her seller client is disclosing all required material facts. What is Agent Aamina's obligation when it comes to disclosing information concerning sex offenders to clients?,Licensees are required by state law to investigate the presence of sex offenders and alert potential buyers to their location.,"Licensees are NOT required by law to investigate or disclose the presence of sex offenders to clients, but they MUST tell them there is an online registry for sex offenders.",Licensees must conduct a visual inspection in order to investigate and disclose the presence of sex offenders to clients.,Licensees are required by federal law to investigate the presence of sex offenders and alert potential buyers to their location.,,,,B,"<h2>Licensees are NOT required by law to investigate or disclose the presence of sex offenders to clients, but they MUST tell them there is an online registry for sex offenders.</h2>  
In many jurisdictions, real estate agents have specific obligations regarding the disclosure of information about sex offenders. While they are not mandated to investigate or disclose this information, they are required to inform clients about the existence of online registries where such information can be accessed.

<b>A) Licensees are required by state law to investigate the presence of sex offenders and alert potential buyers to their location.</b>  
This statement is incorrect because real estate licensees are not legally obligated to actively investigate or disclose the presence of sex offenders. Instead, they can direct clients to appropriate resources, such as sex offender registries, without undertaking investigative duties themselves.

<b>C) Licensees must conduct a visual inspection in order to investigate and disclose the presence of sex offenders to clients.</b>  
This option is misleading as it implies that a physical inspection is necessary to fulfill disclosure requirements. In reality, the responsibility does not involve conducting visual inspections; rather, agents can provide clients with information about existing registries for sex offenders.

<b>D) Licensees are required by federal law to investigate the presence of sex offenders and alert potential buyers to their location.</b>  
Federal law does not mandate that real estate agents investigate or disclose information about sex offenders. Disclosure requirements vary by state, and there is no federal statute obligating agents to investigate or alert clients regarding sex offenders' locations.

<b>Conclusion</b>  
Agent Aamina's obligation revolves around informing her clients about the availability of online registries for sex offenders rather than conducting investigations or disclosures about individual cases. This legal framework ensures that clients are aware of where to find potentially sensitive information while protecting agents from undue liability. Understanding these obligations is crucial for maintaining compliance and fostering trust in client-agent relationships.",,Regular,
Real Estate Licensing Exams,Salesperson and Broker License Exam,California Real Estate Exams,California Real Estate Practice Questions,,"Jerry owns an apartment building with 10 units. The rent for all units is $2,000 per month. The building is 50% vacant. What is the potential gross income (per month) of Jerry's property?","$10,000","$5,000","$15,000","$20,000",,,,D,"<h2>The potential gross income of Jerry's property is $20,000 per month.</h2>  
Potential gross income is calculated based on the total possible rent that could be collected if all units were occupied. Jerry's building has 10 units, each renting for $2,000, which would result in a maximum income of $20,000 if fully rented, regardless of the current vacancy rate.

<b>A) $10,000</b>  
This figure represents half of the potential gross income, which might mistakenly reflect the income from the occupied units only. However, potential gross income considers the total rent from all units, not just those currently occupied. Therefore, this choice does not accurately represent the full income potential of the property.

<b>B) $5,000</b>  
This amount is significantly lower than the actual potential gross income. It might suggest a misunderstanding of either the total number of units or the rent per unit. Since the building consists of 10 units at $2,000 each, the income potential cannot be as low as $5,000 per month.

<b>C) $15,000</b>  
This choice could represent a scenario where some units are occupied, but it still does not reflect the full potential gross income. The calculation for potential gross income should be based solely on the total rent from all units, leading to the conclusion that $15,000 is an incomplete representation of the income potential.

<b>D) $20,000</b>  
This figure accurately reflects the total rent for all 10 units at $2,000 each. The potential gross income does not account for vacancies, as it exclusively considers the full rental income if every unit were occupied.

<b>Conclusion</b>  
Understanding potential gross income is crucial for property owners, as it represents the maximum income achievable from a rental property. In Jerry's case, with 10 units each renting for $2,000, the potential gross income amounts to $20,000 per month, irrespective of the current vacancy rate. This figure is essential for assessing the overall profitability and financial health of his investment.",,Regular,
Real Estate Licensing Exams,Salesperson and Broker License Exam,California Real Estate Exams,California Real Estate Mock Exam,,Which of the following listing agreements would be considered a unilateral contract?,exclusive agency listing,net listing,exclusive authorization and right-to-sell listing,open listing,,,,D,"<h2>Open listing is considered a unilateral contract.</h2>  
An open listing is a type of listing agreement where the property owner retains the right to sell the property themselves while also allowing multiple brokers to market the property. This creates a unilateral contract, as the seller is not obligated to pay a commission unless a broker brings a buyer who completes the sale.

<b>A) Exclusive agency listing</b>  
An exclusive agency listing is a bilateral contract in which the seller agrees to work with one agent but retains the right to sell the property themselves without owing a commission to the agent. This agreement binds both parties, making it bilateral rather than unilateral.

<b>B) Net listing</b>  
A net listing is also a bilateral contract where the seller agrees to receive a predetermined amount from the sale, and any amount above that goes to the broker as commission. This creates mutual obligations between the seller and the broker, which is characteristic of bilateral contracts.

<b>C) Exclusive authorization and right-to-sell listing</b>  
This type of listing agreement is a bilateral contract because it grants exclusive rights to one broker to sell the property, obligating the seller to pay a commission regardless of who sells the property. Both parties have defined responsibilities, distinguishing it from a unilateral contract.

<b>Conclusion</b>  
In summary, the only unilateral contract among the options listed is the open listing, where the seller is not bound to pay a commission unless a broker successfully sells the property. In contrast, the other types of listings create mutual obligations between the seller and the broker, classifying them as bilateral contracts. Understanding these distinctions is crucial for real estate professionals when advising clients on listing agreements.",,Regular,
Real Estate Licensing Exams,Salesperson and Broker License Exam,California Real Estate Exams,California Real Estate Practice Questions,,"Dan just transferred to a new brokerage and is ready to start finding properties to list. When he meets prospective sellers, he hands out his old business cards that list his former broker's name. He'd like to use up the cards before ordering new ones. Is this ethical? Why or why not?","No, this is unethical because it is not truthful advertising.","No, this is unethical because Dan did not get his former broker's permission.","Yes, this is ethical; any business card can be given to prospects.","Yes, this is ethical as long as Dan's name is on the business cards.",,,,A,"<h2>No, this is unethical because it is not truthful advertising.</h2>  
Using business cards that display his former broker's name misrepresents Dan's current affiliation and can create confusion among prospective sellers. Ethical advertising requires that all information presented to clients is accurate and reflects the current status of the agent's professional relationships.

<b>A) No, this is unethical because it is not truthful advertising.</b>  
This choice correctly identifies the primary ethical issue at play. By distributing cards that list his previous broker's name, Dan is not being truthful about his current brokerage affiliation. This misrepresentation can mislead clients and is considered unethical in the real estate industry.

<b>B) No, this is unethical because Dan did not get his former broker's permission.</b>  
While permission may be a concern in some contexts, the more significant issue here is the accuracy of the information being presented. Even if Dan had permission from his former broker, using outdated business cards that do not reflect his current status would still be misleading and unethical.

<b>C) Yes, this is ethical; any business card can be given to prospects.</b>  
This choice is incorrect as it overlooks the necessity for transparency and honesty in advertising. Simply having old cards does not justify their use if they contain misleading information. Ethical practices require that all marketing materials accurately represent the agent's current professional situation.

<b>D) Yes, this is ethical as long as Dan's name is on the business cards.</b>  
Although Dan's name is present, the inclusion of his former broker's name creates a false impression of his current professional affiliation. This alone makes the use of these cards unethical, regardless of whether his name is included.

<b>Conclusion</b>  
In real estate, maintaining ethical standards in advertising and communication is essential. Dan's choice to use business cards that feature his former broker's name violates the principle of truthful advertising, as it misrepresents his current brokerage affiliation. Upholding ethical practices ensures trust and integrity in client relationships, which is vital for long-term success in the industry.",,Regular,
Real Estate Licensing Exams,Salesperson and Broker License Exam,California Real Estate Exams,California Real Estate Mock Exam,,Stevie receives an offer for his house. He takes part of that offer and adds new language. He sends it to the buyer. This revised offer:,"is a revoked offer, and is considered a termination of the first offer","is a contingent offer, and is considered an extension of the first offer","is a counteroffer, and is considered a new offer","is a multiple offer, and is considered a new offer",,,,C,"<h2>is a counteroffer, and is considered a new offer.</h2>  
When Stevie adds new language to the original offer and sends it to the buyer, he effectively alters the terms of the initial offer, creating a counteroffer. This counteroffer replaces the original offer and constitutes a new offer that the buyer can accept, reject, or further negotiate.

<b>A) is a revoked offer, and is considered a termination of the first offer</b>  
A revoked offer signifies that the original offer is no longer valid, which is not the case here. Stevie's action of adding language does not terminate the first offer; instead, it modifies it, leading to a counteroffer rather than a straightforward revocation.

<b>B) is a contingent offer, and is considered an extension of the first offer</b>  
A contingent offer typically includes specific conditions that must be met for the offer to be valid. In this scenario, Stevie's revised offer does not merely extend the original offer but rather alters its terms, creating a counteroffer instead of a contingent one.

<b>C) is a counteroffer, and is considered a new offer</b>  
By changing the terms of the original offer and sending it back to the buyer, Stevie has created a counteroffer. This action forms a new offer, as it presents different terms for the buyer to consider, thereby replacing the original offer.

<b>D) is a multiple offer, and is considered a new offer</b>  
A multiple offer situation occurs when a seller presents more than one offer to a buyer, which is not applicable here. Stevie is not presenting multiple offers; he is revising a single offer to create a counteroffer, which is a distinct concept from multiple offers.

<b>Conclusion</b>  
Stevie's action of revising the original offer constitutes a counteroffer, which stands as a new offer with modified terms. This legal principle ensures that the negotiation process remains clear, allowing the buyer the option to accept, reject, or negotiate further. Understanding the distinction between counteroffers and other types of offers is crucial in real estate transactions.",,Regular,
Real Estate Licensing Exams,Salesperson and Broker License Exam,California Real Estate Exams,California Real Estate Practice Questions,,"If a general home inspector discovers a red flag indicating a possible problem with the foundation, the inspector may recommend:",Watering the foundation,Getting an inspection by a foundation expert,Demanding foundation repair from the seller,Requesting three repair estimates for price reduction negotiations,,,,B,"<h2>Getting an inspection by a foundation expert.</h2>  
When a home inspector identifies a potential issue with the foundation, the most prudent recommendation is to have a qualified foundation expert conduct a thorough inspection. This step ensures that any underlying problems are accurately diagnosed and addressed by a specialist trained to handle foundation issues.

<b>A) Watering the foundation</b>  
Watering the foundation is generally not a recommended practice, as it can lead to excessive moisture that may exacerbate existing problems or create new ones. Proper drainage and soil management are typically more effective for foundation health than simply adding water.

<b>C) Demanding foundation repair from the seller</b>  
While it is reasonable for a buyer to request repairs, demanding immediate action from the seller without a professional assessment can lead to conflict and may not address the actual issues. A proper evaluation by a foundation expert is essential before making any repair demands.

<b>D) Requesting three repair estimates for price reduction negotiations</b>  
Requesting repair estimates can be a part of negotiations, but doing so without first understanding the specific foundation issues through an expert's inspection is premature. It's important to accurately diagnose the problem before seeking estimates; otherwise, negotiations may be based on incomplete or inaccurate information.

<b>Conclusion</b>  
In cases where a general home inspector identifies a red flag related to the foundation, the recommendation to consult a foundation expert is critical. This approach ensures that any potential issues are thoroughly assessed and appropriately managed, allowing for informed decisions regarding repairs and negotiations. Engaging a specialist provides clarity on the severity and nature of foundation problems, safeguarding both the buyer's investment and the integrity of the home.",,Regular,
Real Estate Licensing Exams,Salesperson and Broker License Exam,California Real Estate Exams,California Real Estate Mock Exam,,"During the option period, Kat, the buyer, decides that she wants to change the closing date so that the seller has enough time to make repairs. She should request:",a financing contingency to the contract,an appraisal contingency to the contract,an addendum to the contract,an amendment to the contract,,,,D,"<h2>An amendment to the contract.</h2>  
An amendment is a formal change to the terms of a contract, allowing parties to adjust specific details such as the closing date without needing to create a new contract. In this case, Kat can request an amendment to ensure the seller has adequate time to complete necessary repairs.

<b>A) A financing contingency to the contract</b>  
A financing contingency is a clause that allows the buyer to withdraw from the contract if they cannot secure financing. It does not pertain to changing the closing date or any other terms related to repairs. Therefore, it is not relevant to Kat's request.

<b>B) An appraisal contingency to the contract</b>  
An appraisal contingency protects the buyer by ensuring that the property's appraised value meets or exceeds the purchase price. Similar to the financing contingency, this does not address the need for a change in the closing date and is unrelated to the seller's repair timeline.

<b>C) An addendum to the contract</b>  
An addendum is an additional document that adds terms to a contract. While it can be used to make changes, it is typically more appropriate for supplementary information rather than alterations to existing terms. In this scenario, an amendment is the more suitable option for changing the closing date.

<b>D) An amendment to the contract</b>  
An amendment directly modifies the existing terms of the contract, such as the closing date. This is precisely what Kat needs to accommodate the seller's repair timeline. By requesting an amendment, she ensures the contract accurately reflects their new agreement.

<b>Conclusion</b>  
To adjust the closing date and allow for necessary repairs, Kat should request an amendment to the contract. This formal mechanism allows existing terms to be changed without drafting a new agreement. Other options, such as contingencies or an addendum, do not fulfill the requirement of altering the contract's specific terms regarding the closing date.",,Regular,
Real Estate Licensing Exams,Salesperson and Broker License Exam,California Real Estate Exams,California Real Estate Practice Questions,,Which of these describes the cost of labor and materials?,plottage,direct cost,investment value,indirect cost,,,,B,"<h2>Direct cost describes the cost of labor and materials.</h2>  
Direct costs are expenses that can be directly attributed to a specific project or activity, such as labor and materials used in construction or manufacturing. These costs are essential for determining the overall expenses associated with producing goods or delivering services.

<b>A) Plottage</b>  
Plottage refers to the increase in value that results from combining two or more parcels of land into a single larger parcel. While it is a concept related to real estate and property valuation, it does not pertain to labor or material costs directly and therefore is not relevant to the question.

<b>B) Direct cost</b>  
Direct costs are specifically linked to the production of goods or the provision of services, making them the most accurate description of labor and material expenses. These costs can be easily traced and quantified, forming the basis for budgeting and financial analysis within projects.

<b>C) Investment value</b>  
Investment value refers to the worth of an asset based on its potential to generate income or appreciation over time. Although it can be influenced by labor and material costs, it is a broader financial concept that does not specifically describe the costs associated with labor and materials.

<b>D) Indirect cost</b>  
Indirect costs are expenses that cannot be directly linked to a specific project or activity, such as administrative costs or utilities. Unlike direct costs, which include labor and materials, indirect costs are more diffuse and cannot be traced back to a single output.

<b>Conclusion</b>  
Understanding the distinction between direct and indirect costs is crucial for accurate financial planning and project management. Direct costs, such as labor and materials, are essential for assessing the feasibility and profitability of projects, while indirect costs encompass broader expenses that support operations. Recognizing these categories helps businesses effectively allocate resources and manage budgets.",,Regular,
Real Estate Licensing Exams,Salesperson and Broker License Exam,California Real Estate Exams,California Real Estate Mock Exam,,"Frances and Willa have a valid, enforceable contract. Frances defaults, but Willa waits too long to seek remedy for the default. What law prevents Willa from suing Frances for damages after a certain, specified time period has passed?",the doctrine of laches,the statute of frauds,the statute of limitations,the doctrine of substantial performance,,,,C,"<h2>The statute of limitations prevents Willa from suing Frances for damages after a certain, specified time period has passed.</h2>  
The statute of limitations establishes a legally defined time frame within which a party must initiate a lawsuit. If this period expires, the right to seek legal remedy is extinguished, regardless of the merits of the case.

<b>A) the doctrine of laches</b>  
The doctrine of laches is an equitable defense that bars a claim due to a plaintiff's unreasonable delay in pursuing it, which can disadvantage the defendant. While similar to the statute of limitations in addressing delays, laches is not a fixed time period and is more about the fairness of allowing a claim based on the specific circumstances of the case rather than a specified legal timeframe.

<b>B) the statute of frauds</b>  
The statute of frauds requires certain types of contracts to be in writing to be enforceable. This doctrine does not address time limits for bringing legal action but rather focuses on the validity and enforceability of contracts themselves, making it irrelevant to Willa's situation regarding the timing of her lawsuit.

<b>C) the statute of limitations</b>  
The statute of limitations is indeed the legal time limit within which Willa must file her lawsuit against Frances for damages due to default. If she waits beyond this specified period, her ability to seek recovery is legally barred, making it crucial for her to act within the time frame set by law.

<b>D) the doctrine of substantial performance</b>  
The doctrine of substantial performance permits a party to enforce a contract even if they have not fully complied with its terms, as long as the essential purpose is met. This doctrine does not impose a time limit on filing a lawsuit but instead focuses on the adequacy of performance under the contract.

<b>Conclusion</b>  
Willa's ability to pursue damages from Frances hinges on the statute of limitations, which sets a specific timeframe for legal action following a default. While other doctrines like laches, the statute of frauds, and substantial performance relate to contract enforcement and timing issues, they do not impose a fixed time limit on filing a lawsuit. Thus, Willa must be mindful of the statute of limitations to retain her legal rights against Frances.",,Regular,
Real Estate Licensing Exams,Salesperson and Broker License Exam,California Real Estate Exams,California Real Estate Practice Questions,,"An owner installs an antique fireplace in their living room. The cost is $20,000, but it only adds $7,000 in appraised value to the property overall. The homeowner is frustrated as they expected the added value to be at least equal to installation costs. Which economic principle is demonstrated here?",principle of change,principle of substitution,principle of anticipation,principle of contribution,,,,D,"<h2>Principle of contribution is demonstrated here.</h2>  
This principle states that the value added to a property is determined by the contribution of an improvement relative to its cost, rather than the cost of the improvement itself. In this case, the antique fireplace, despite its high installation cost, only adds a fraction of that value to the property, highlighting the principle of contribution.

<b>A) Principle of change</b>  
This principle refers to how property values can fluctuate over time due to various factors such as market trends or neighborhood developments. It does not directly relate to the immediate appraisal value versus installation cost scenario presented in the question.

<b>B) Principle of substitution</b>  
The principle of substitution posits that a property's value is determined by the cost of acquiring a similar substitute property. It suggests that buyers will not pay more for a property than it would cost to purchase an equivalent one. This principle does not apply to the discrepancy between installation costs and appraised value in the context of the fireplace.

<b>C) Principle of anticipation</b>  
This principle relates to the expectation of future benefits or value from a property, influencing its current value. In this situation, the homeowner's expectation of added value does not align with the actual appraised increase, making anticipation irrelevant to the principle highlighted in the question.

<b>Conclusion</b>  
The situation described illustrates the principle of contribution, whereby the value added to a property is not necessarily equal to the cost of improvements made. The antique fireplace exemplifies this concept, as its installation cost far exceeds the appraised value it contributes to the property. Understanding this principle is essential for homeowners to set realistic expectations regarding the financial implications of property enhancements.",,Regular,
Real Estate Licensing Exams,Salesperson and Broker License Exam,California Real Estate Exams,California Real Estate Mock Exam,,"If CAR members use the RPA, what is the default way to treat a dispute between parties?",civil action,mediation,arbitration,criminal action,,,,B,"<h2>Mediation is the default way to treat a dispute between parties using the RPA.</h2>  
The RPA (Resolution Process Agreement) emphasizes mediation as the primary method for resolving disputes, promoting amicable solutions and reducing the need for more adversarial approaches like arbitration or civil action.

<b>A) Civil action</b>  
Civil action refers to legal proceedings initiated in a court to resolve disputes between parties. While it is a formal method of dispute resolution, it is not the default approach under the RPA, which prefers mediation to foster cooperation and consensus.

<b>B) Mediation</b>  
Mediation involves a neutral third party facilitating discussions between disputing parties to help them reach a mutually acceptable agreement. This approach aligns with the RPA's goals of encouraging collaboration and resolving conflicts without resorting to more formal legal processes.

<b>C) Arbitration</b>  
Arbitration is a process where disputes are resolved by an impartial third party who makes a binding decision. Although it serves as an alternative dispute resolution method, it is not the default mechanism under the RPA, which seeks to avoid the adversarial nature of arbitration in favor of mediation.

<b>D) Criminal action</b>  
Criminal action pertains to the prosecution of an individual or entity by the state for violations of law. This is entirely unrelated to civil disputes and is not applicable under the RPA framework, which focuses on resolving conflicts between parties rather than addressing criminal matters.

<b>Conclusion</b>  
The default method for treating disputes under the RPA is mediation, aimed at fostering dialogue and collaboration between parties. This approach is prioritized over civil action, arbitration, or criminal action, reflecting a commitment to resolving conflicts amicably and effectively. By emphasizing mediation, the RPA seeks to reduce hostility and promote positive outcomes in dispute resolution.",,Regular,
Real Estate Licensing Exams,Salesperson and Broker License Exam,California Real Estate Exams,California Real Estate Practice Questions,,Agent Lianne fails to notice large cracks in the foundation during her visual inspection. She tells Buyer Todd that there are no issues with the foundation. This is an example of:,concealment,fraud,negligent misrepresentation,intentional misrepresentation,,,,C,"<h2>Agent Lianne's failure to notice and report the foundation cracks exemplifies negligent misrepresentation.</h2>  
Negligent misrepresentation occurs when a party provides false information without due diligence or care, leading another party to rely on that misinformation. In this case, Lianne's oversight of the cracks during her inspection resulted in a misleading statement to Buyer Todd.

<b>A) concealment</b>  
Concealment involves intentionally hiding information or failing to disclose crucial facts. In this scenario, Lianne did not intentionally hide the foundation issues; rather, she was unaware of them. Therefore, concealment does not accurately describe her actions since her failure was based on a lack of knowledge.

<b>B) fraud</b>  
Fraud requires intentional deception for personal gain, such as knowingly lying about the condition of the property. Since Lianne genuinely failed to notice the cracks and did not intend to deceive Buyer Todd, her actions do not fit the definition of fraud, which necessitates intent to mislead.

<b>C) negligent misrepresentation</b>  
Negligent misrepresentation is the most appropriate choice as it describes a situation where a party provides misleading information due to a lack of reasonable care. Lianne's failure to identify the foundation cracks during her inspection and subsequently misinforming Todd about the property's condition demonstrates this type of misrepresentation.

<b>D) intentional misrepresentation</b>  
Intentional misrepresentation involves knowingly providing false information with the intent to deceive. Since Lianne did not deliberately overlook the cracks or aim to mislead Todd, her actions do not constitute intentional misrepresentation.

<b>Conclusion</b>  
In this case, Agent Lianne's oversight of the foundation cracks and her subsequent false assurance to Buyer Todd illustrate negligent misrepresentation. She failed to exercise reasonable care during the inspection, leading to an unintentional miscommunication about the property's condition. This illustrates the importance of diligence in professional inspections to avoid misleading clients.",,Regular,
Real Estate Licensing Exams,Salesperson and Broker License Exam,Colorado Real Estate Exams,Colorado Real Estate Practice Test,,"Two days after closing, the seller gives a $500 bonus check to the selling agent. The agent should",immediately deposit the check in a savings account,instruct the seller to issue the check to the agent's broker,cash the check and give the broker a share of the bonus,instruct seller that bonuses should be in the form of an electronic transfer,,,,B,"Real estate regulations require all compensation, including bonuses, to go through the broker, who then distributes to the agent, ensuring compliance and transparency. Depositing (A) or cashing (C) directly violates this rule. Electronic transfer (D) is irrelevant to the requirement that funds go to the broker.",,Regular,
Real Estate Licensing Exams,Salesperson and Broker License Exam,Colorado Real Estate Exams,Colorado Real Estate Exam Questions,,"A real estate licensee lists a home for $205,000. Later that same day, a potential buyer comes into the licensee's office and asks for information on houses for sale in the $180,000 - $215,000 price range. The licensee offers to represent the buyer as a buyer's agent, but the buyer refuses representation. Based on these facts, which of the following statements best describes this situation?","The seller is the licensee's client, and the buyer is her customer.",Both the seller and the buyer are the licensee's customers.,The licensee owes the same duties to both the seller and the buyer.,"The buyer is the licensee's client, and the seller is her customer.",,,,A,"The seller is the client under the listing agreement, owing fiduciary duties. The buyer, refusing representation, is a customer, owed honesty but not loyalty. Both as customers (B) or equal duties (C) ignores the listing agreement. The buyer isn't a client (D).",,Regular,
Real Estate Licensing Exams,Salesperson and Broker License Exam,Colorado Real Estate Exams,Colorado Real Estate Practice Test,,"When a mortgage loan with level period payments has been completely repaid by its maturity date, it is said to be",depreciated,capitalized,fully amortized,refinanced,,,,C,"A fully amortized loan is repaid through regular payments covering principal and interest by maturity. Depreciated (A) refers to asset value loss. Capitalized (B) relates to accounting for costs. Refinanced (D) involves replacing a loan, not repaying it.",,Regular,
Real Estate Licensing Exams,Salesperson and Broker License Exam,Colorado Real Estate Exams,Colorado Real Estate Exam Questions,,A licensee lists a home knowing the seller capped and then filled a fuel oil tank with sand. Does the licensee need to disclose this information to potential buyers?,"Yes, only if the buyer asks about the tank.","No, there is no duty owed to a buyer.","Yes, it could affect the buyer's use of the property.","No, because the seller said the tank was no longer being used.",,,,C,"Licensees must disclose material facts, like a filled oil tank, that could impact property use or value. Disclosure isn't limited to buyer inquiries (A). A duty is owed to buyers (B) for material facts. The seller's statement (D) doesn't negate the duty to disclose.",,Regular,
Real Estate Licensing Exams,Salesperson and Broker License Exam,Colorado Real Estate Exams,Colorado Real Estate Practice Test,,"Broker A and a seller agree to an open listing. Broker B obtains a second open listing from the seller and produces a buyer who is ready, willing, and able to close on the seller's home. Which statement is true of this transaction?",Broker B must call Broker A to present the offer.,Broker B will earn the full commission if the buyer performs.,Broker A and Broker B will split the commission upon closing.,The seller is required to pay a commission to Broker A upon closing.,,,,B,"In an open listing, the broker procuring the buyer (B) earns the full commission. No requirement exists to contact other brokers (A). Commissions aren't split (C) in open listings. Broker A (D) earns nothing unless they procure the buyer.",,Regular,
Real Estate Licensing Exams,Salesperson and Broker License Exam,Colorado Real Estate Exams,Colorado Real Estate Exam Questions,,Standard title insurance would protect a buyer,when the seller has forged an ex-partner's signature on the deed,"if after closing, the HOA placed a lien on the property for the previous owners' unpaid dues",in a purchase where the buyer had knowledge of a shed violating setback requirements,for the purchase of a property bought sight unseen when the buyer discovers a tenant living at the property,,,,A,Title insurance covers defects like forged deeds. Post-closing liens (B) or known issues (C) are excluded. Tenants (D) aren't a title defect.,,Regular,
Real Estate Licensing Exams,Salesperson and Broker License Exam,Colorado Real Estate Exams,Colorado Real Estate Practice Test,,Exaggeration of a property's benefits in advertising is called,negligent misrepresentation,overstating,puffing,fraud,,,,C,"Puffing is legal exaggeration of benefits, not factual deceit. Negligent misrepresentation (A) involves false statements. Overstating (B) isn't a legal term. Fraud (D) requires intentional deceit.",,Regular,
Real Estate Licensing Exams,Salesperson and Broker License Exam,Colorado Real Estate Exams,Colorado Real Estate Exam Questions,,Brokers maintaining escrow accounts must maintain all of the following records EXCEPT a,Journal,Ledger,Monthly reconciliation,Profit and loss statement,,,,D,"Escrow account record-keeping requires a journal, ledger, and monthly reconciliations to track funds accurately. A profit and loss statement is a financial report for the brokerage, not specific to escrow account management.",,Regular,
Real Estate Licensing Exams,Salesperson and Broker License Exam,Colorado Real Estate Exams,Colorado Real Estate Practice Test,,Which appraisal approach is most often used for a property that will be purchased for investment purposes?,market comparison,income,cost,market data,,,,B,"The income approach, focusing on income potential, is ideal for investment properties. Market comparison (A) and market data (D) are similar and better for residential properties. The cost approach (C) is used for unique or new properties.",,Regular,
Real Estate Licensing Exams,Salesperson and Broker License Exam,Colorado Real Estate Exams,Colorado Real Estate Exam Questions,,"In a jurisdiction where the common law of agency prevails, a buyer enters into a buyer agency agreement with a real estate licensee. This agreement establishes a",dual agency relationship,sub-agency relationship,fiduciary relationship,customer relationship,,,,C,"A buyer agency agreement creates a fiduciary relationship, where the licensee owes duties of loyalty, care, and diligence to the buyer. Dual agency (A) requires representing both buyer and seller, not applicable here. Sub-agency (B) involves another agent acting for the broker, not the buyer directly. A customer relationship (D) lacks fiduciary duties.",,Regular,
Real Estate Licensing Exams,Salesperson and Broker License Exam,Colorado Real Estate Exams,Colorado Real Estate Practice Test,,"For agricultural land, after a notice of election and demand is published in Colorado, a MINIMUM of how many days must pass before a foreclosure sale may be held by the trustees office?",$110,$125,$215,$230,,,,C,"Colorado law requires a minimum of 215 days after the notice of election and demand for agricultural land foreclosures, providing a longer period than non-agricultural land (110-125 days) to account for the unique nature of agricultural properties.",,Regular,
Real Estate Licensing Exams,Salesperson and Broker License Exam,Colorado Real Estate Exams,Colorado Real Estate Exam Questions,,Which of the following methods of payment does NOT comply with the requirement that good funds be delivered at closing?,A savings and loan teller check,Funds transferred by wire,A certified check,A title company check,,,,D,"A title company check is not considered good funds for closing, as it lacks the guaranteed payment assurance provided by certified checks, wire transfers, or teller checks from financial institutions.",,Regular,
Real Estate Licensing Exams,Salesperson and Broker License Exam,Colorado Real Estate Exams,Colorado Real Estate Practice Test,,"When forms of a sales contract other than those approved by the Colorado Real Estate Commission are used in a transaction, they may be prepared by",An attorney representing one of the parties,The broker representing one of the parties,The broker representing the seller,A real estate attorney representing the broker,,,,A,Non-Commission-approved forms must be prepared by an attorney representing one of the parties to ensure legal validity and compliance with applicable laws.,,Regular,
Real Estate Licensing Exams,Salesperson and Broker License Exam,Colorado Real Estate Exams,Colorado Real Estate Exam Questions,,Which of the following types of funds belonging to others are NOT required to be maintained in a separate trust account by licensees?,Rental security deposits,Short-term advance rental deposits,Earnest money deposits,Withholding taxes,,,,D,"Withholding taxes are not required to be held in a separate trust account, as they are remitted to tax authorities, unlike security deposits, advance rentals, and earnest money, which must be held in escrow.",,Regular,
Real Estate Licensing Exams,Salesperson and Broker License Exam,Colorado Real Estate Exams,Colorado Real Estate Practice Test,,The buyer and the seller may pay any of the following closing costs in Colorado EXCEPT the,Fees for legal services provided by an attorney representing the buyer or seller,Loan settlement and loan document fees,Title company fees for the preparation of legal documents,Recording fees,,,,C,"In Colorado, title companies typically do not charge buyers or sellers for preparing legal documents, as this is not a standard closing cost, unlike attorney fees, loan fees, or recording fees.",,Regular,
Real Estate Licensing Exams,Salesperson and Broker License Exam,Colorado Real Estate Exams,Colorado Real Estate Exam Questions,,A licensee wants to determine the market values for a given residential area. In which of the following data should the licensee have the most interest?,number of offers to purchase comparable properties in the area,the amount of the special assessments in the area,selling prices of recently sold properties in the area,annual improvements to real property in the area,,,,C,"Recent selling prices of comparable properties are the most direct indicator of market value. Offers (A) may not reflect final prices. Assessments (B) affect cost, not value. Improvements (D) are less relevant than actual sales data.",,Regular,
Real Estate Licensing Exams,Salesperson and Broker License Exam,Colorado Real Estate Exams,Colorado Real Estate Practice Test,,A seller and buyer negotiate the sale of land through several handwritten letters. Would the transaction likely be enforceable by the buyer?,"Yes, provided that both the buyer and the seller had filed copies of the letters with their attorneys","Yes, because the statute of frauds guarantees enforcement of land sales contracts provided they take some written form","No, because the buyer and the seller of property must complete the transaction in each other's presence to ensure a meeting of minds","No, because the statute of frauds applies to corporate transactions and not to the business dealings of individuals",,,,B,"The statute of frauds allows written agreements, like letters, to be enforceable if they include essential terms. Filing with attorneys (A) isn't required. In-person agreement (C) isn't needed. The statute applies to individuals (D).",,Regular,
Real Estate Licensing Exams,Salesperson and Broker License Exam,Colorado Real Estate Exams,Colorado Real Estate Exam Questions,,Which of the following is considered a breach of fiduciary duties for a licensee representing a buyer?,The licensee discloses to the buyer that the sellers are in the process of a divorce.,The licensee discloses that the property is priced higher than other comparable properties.,The licensee declines to present a buyer's unreasonable offer to the seller.,The licensee refuses to enter into a written buyer's agency agreement.,,,,C,"A licensee must present all offers unless instructed otherwise, as part of fiduciary duty. Divorce disclosure (A) is to the client, not a breach. Price comparison (B) aids the buyer. Refusing an agency agreement (D) avoids a fiduciary relationship, not breaches it.",,Regular,
Real Estate Licensing Exams,Salesperson and Broker License Exam,Colorado Real Estate Exams,Colorado Real Estate Practice Test,,Settlement documents include a bill of sale when the sale,is financed with an FHA or VA mortgage,includes more than one permanent structure,is financed with a blanket mortgage,includes personal property,,,,D,"A bill of sale transfers ownership of personal property (e.g., appliances) included in a real estate sale. FHA/VA mortgages (A), multiple structures (B), or blanket mortgages (C) do not inherently require a bill of sale unless personal property is involved.",,Regular,
Real Estate Licensing Exams,Salesperson and Broker License Exam,Colorado Real Estate Exams,Colorado Real Estate Exam Questions,,Minors are held liable for real estate contract obligations if they,are at least 16 years of age,have the contract notarized,graduated from high school,have their guardian co-sign,,,,D,"A guardian's co-signature provides legal capacity for a minor's contract. Age (A), notarization (B), or graduation (C) don't confer liability.",,Regular,
Real Estate Licensing Exams,Salesperson and Broker License Exam,Colorado Real Estate Exams,Colorado Real Estate Practice Test,,"A seller REQUIRES in the listing agreement that a custom ceiling fan installed in a property NOT be included in the sale of the property. When adding this exclusion to the Contract to Buy and Sell Real Estate, the licensee MUST",Use a different type setting to differentiate the provision,Obtain prior written permission from the buyer,Require the seller or an attorney for the seller to add the provision to the contract,Use the words OMITTED AS INAPPLICABLE,,,,C,Exclusions like a custom ceiling fan must be added by the seller or their attorney to ensure the provision is legally accurate and properly integrated into the contract.,,Regular,
Real Estate Licensing Exams,Salesperson and Broker License Exam,Colorado Real Estate Exams,Colorado Real Estate Exam Questions,,Which of the following names MUST appear on the trust account of a corporation dealing in real estate?,The name of the corporation only,The name of the corporation and its responsible broker,The name of the corporations responsible broker only,The name of the corporate president,,,,B,The trust account must include both the corporations name and the responsible brokers name to comply with Colorado regulations for transparency and accountability.,,Regular,
Real Estate Licensing Exams,Salesperson and Broker License Exam,Colorado Real Estate Exams,Colorado Real Estate Practice Test,,In which of the following circumstances would it be MOST important to advise a buyer to investigate the water rights associated with a property?,A residential buyer looking for a home in a subdivision with a lake,A commercial buyer seeking to purchase a farm with irrigation canals,A condominium buyer wanting to know what the annual water bill will be,A buyer looking for a residential home with a permitted domestic well,,,,B,"Water rights are critical for a farm with irrigation canals, as they directly impact the propertys agricultural productivity and value. While domestic wells and lakes may involve water considerations, irrigation rights are essential for farming operations.",,Regular,
Real Estate Licensing Exams,Salesperson and Broker License Exam,Colorado Real Estate Exams,Colorado Real Estate Exam Questions,,A borrower will likely be required to pay mortgage insurance premiums if a property is financed by,an FHA loan,an owner-financed loan,a VA loan,a land contract/contract for deed,,,,A,"FHA loans require mortgage insurance to protect lenders, especially for low down payments. Owner-financed loans (B) and land contracts (D) typically don't require it. VA loans (C) may require a funding fee, not mortgage insurance.",,Regular,
Real Estate Licensing Exams,Salesperson and Broker License Exam,Colorado Real Estate Exams,Colorado Real Estate Practice Test,,The role of a real estate licensee in relation to their broker is always,to act as an independent contractor,"to function as an employee, as scheduled and assigned by the broker",to work and act on behalf of the broker who supervises and manages them,"to market property, assist in office management, represent clients, answer phone inquiries, and follow licensing law",,,,C,"Licensees work under the broker's supervision, acting on their behalf. Independent contractor status (A) isn't universal. Employee status (B) depends on the agreement. Duties (D) are specific tasks, not the role.",,Regular,
Real Estate Licensing Exams,Salesperson and Broker License Exam,Colorado Real Estate Exams,Colorado Real Estate Exam Questions,,The Closing Instructions provide for all of the following EXCEPT,Instructions regarding release of documents,Preparation of a detailed closing statement,Receipt of earnest money,Mandatory release of the earnest money if either party fails to close,,,,D,Closing Instructions do not mandate the release of earnest money if a party fails to close; this is governed by the contract terms and dispute resolution processes.,,Regular,
Real Estate Licensing Exams,Salesperson and Broker License Exam,Colorado Real Estate Exams,Colorado Real Estate Practice Test,,An agent working for a seller may NOT work with,The buyer as a transaction broker in the purchase of the sellers property,The buyer as an agent in purchasing another property,Other sellers as an agent in selling another property,The buyer as a customer in the purchase of the sellers property,,,,A,"A sellers agent cannot act as a transaction broker for the buyer in the same transaction, as it creates a conflict of interest with their fiduciary duties to the seller.",,Regular,
Real Estate Licensing Exams,Salesperson and Broker License Exam,Colorado Real Estate Exams,Colorado Real Estate Exam Questions,,"In order to collect a commission, which of the following is a requirement for a broker with an open listing?",The broker must put the listing in the MLS.,The listing must have a protection clause.,The broker or one of the broker's licensees must be the procuring cause for the sale.,The broker must notify any other broker with an open listing on the property of the sale within 2 days after acceptance of an offer.,,,,C,"In an open listing, the broker who procures the buyer earns the commission. MLS (A) isn't required. Protection clauses (B) apply to exclusive listings. Notification (D) isn't a standard requirement.",,Regular,
Real Estate Licensing Exams,Salesperson and Broker License Exam,Colorado Real Estate Exams,Colorado Real Estate Practice Test,,"Seller A entered into an option contract with Buyer B. The contract allowed for a price of $200,000 which Seller A will honor for a 12 month period exclusively for Buyer B. This would be an example of a",unilateral contract in which only Seller A has made a promise to perform,unilateral contract in which only Buyer B has made a promise to perform,bilateral contract which both parties are obliged to perform within the time period,void contract,,,,A,"An option contract is unilateral, with the seller promising to sell at a set price, but the buyer not obligated to buy. Buyer obligation (B) would make it bilateral (C), which it's not. It's not void (D) as it's a valid agreement.",,Regular,
Real Estate Licensing Exams,Salesperson and Broker License Exam,Colorado Real Estate Exams,Colorado Real Estate Exam Questions,,"In the Residential Exclusive Right-to-Sell Listing Contract, the length of the holdover period is",Negotiable,60 days,90 days,120 days,,,,A,"The holdover period, during which a broker may earn a commission for a sale to a buyer introduced during the listing period, is negotiable in the Residential Exclusive Right-to-Sell Listing Contract.",,Regular,
Real Estate Licensing Exams,Salesperson and Broker License Exam,Illinois Real Estate Exams,Illinois Real Estate Practice Exam,,What is the greatest advantage of using FHA financing when purchasing a home that the buyer plans to occupy?,FHA requires a fixed-rate loan so that the buyer can rely on a fixed payment.,The required down payment may be lower than conventional loans.,The loan will be automatically assumable to a future buyer.,FHA requires the seller to pay the buyer's closing costs.,,,,B,"FHA loans often require lower down payments (as low as 3.5%) compared to conventional loans. Fixed-rate loans aren't mandatory, and assumability requires approval. Sellers aren't required to pay closing costs.",,Regular,
Real Estate Licensing Exams,Salesperson and Broker License Exam,Illinois Real Estate Exams,Illinois Real Estate License Prep,,"A property is listed for $219,900. An offer of $210,000 is submitted to the listing licensee. The offer includes a free-standing stove and refrigerator. The seller accepts the price and the refrigerator, but is not willing to leave the stove. The listing licensee makes the change in the contract to exclude the stove. The seller signs and initials the change. The listing licensee contacts the buyerâ€™s licensee by phone regarding the change. The buyers orally accept the change. Which of the following is true regarding this situation?",The original offer was rejected and the sellerâ€™s counteroffer must be accepted in writing.,Neither the seller nor his licensee has a right to make any changes to the original offer.,The offer has been signed and accepted by all parties and creates a valid contract.,The buyerâ€™s licensee can sign the change regarding the stove on behalf of the buyer.,,,,A,"<h2>The original offer was rejected and the seller's counteroffer must be accepted in writing.</h2>  
The seller's acceptance of the offer with modifications constitutes a counteroffer, which effectively rejects the original offer. To create a binding agreement, the buyer must accept this counteroffer in writing, as oral acceptance does not satisfy the legal requirements for contracts related to real estate.

<b>A) The original offer was rejected and the seller's counteroffer must be accepted in writing.</b>  
This statement accurately reflects the situation, as the seller's decision to exclude the stove from the acceptance modifies the original terms, converting it into a counteroffer. For the contract to be valid, the buyer must accept this counteroffer in writing, in accordance with contractual law regarding real estate transactions.

<b>B) Neither the seller nor his licensee has a right to make any changes to the original offer.</b>  
This choice is incorrect because the seller has the right to negotiate terms, including modifications to the offer. By making the change to exclude the stove, the seller is exercising their right to counteroffer, which is a standard part of the negotiation process in real estate transactions.

<b>C) The offer has been signed and accepted by all parties and creates a valid contract.</b>  
The assertion that a valid contract exists is misleading, as the counteroffer has not been accepted in writing by the buyer. Until the buyer accepts the counteroffer in writing, no binding contract is established despite the seller's acceptance of the modified terms.

<b>D) The buyer's licensee can sign the change regarding the stove on behalf of the buyer.</b>  
This option is incorrect because a buyer's licensee cannot sign a counteroffer or any contract modifications without explicit written authorization from the buyer. The buyer's acceptance of the counteroffer must be documented in writing for it to be legally binding.

<b>Conclusion</b>  
In this scenario, the seller's acceptance of the offer with changes constitutes a counteroffer, which must be formally accepted by the buyer in writing to establish a binding contract. The legal principles surrounding real estate transactions emphasize the importance of written documentation, particularly when alterations to the original offer occur, ensuring clarity and enforceability of the agreement.",,Regular,
Real Estate Licensing Exams,Salesperson and Broker License Exam,Illinois Real Estate Exams,Illinois Real Estate Practice Exam,,An agreement between two parties where one party is hired to represent or act for another is called,a general contract.,an agency contract.,contract of forbearance.,a limited contract.,,,,B,"<h2>An agency contract defines an agreement where one party is hired to represent or act for another.</h2>  
This type of contract establishes a legal relationship where the agent has the authority to act on behalf of the principal, making it essential in various business and legal transactions.

<b>A) a general contract.</b>  
A general contract refers to a broad agreement between parties that outlines the terms and conditions of a transaction but does not specifically imply representation or agency. This term lacks the specificity required to define the relationship where one party acts on behalf of another.

<b>C) contract of forbearance.</b>  
A contract of forbearance is an agreement in which one party agrees to refrain from exercising a legal right, typically involving financial obligations. This type of contract focuses on the act of restraint rather than establishing a representative relationship, making it unrelated to the concept of agency.

<b>D) a limited contract.</b>  
A limited contract typically refers to agreements that impose specific restrictions or limitations on the parties involved, often concerning the scope of work or duration. While it may involve certain obligations, it does not inherently include the agency aspect of one party acting on behalf of another.

<b>Conclusion</b>  
An agency contract is a crucial legal framework that allows one party to act on behalf of another, establishing a relationship of trust and authority. Unlike general contracts, contracts of forbearance, or limited contracts, the agency contract specifically addresses the responsibilities and powers conferred to the agent by the principal, making it vital for various professional arrangements. Understanding this distinction is essential for effective business operations and legal compliance.",,Regular,
Real Estate Licensing Exams,Salesperson and Broker License Exam,Illinois Real Estate Exams,Illinois Real Estate License Prep,,"In a high-rise condominium, which of the following belongs exclusively to the individual owner?",The roof of the building,Carpeting inside the unit,The wall separating two units,Elevators serving the floor where the unit is located,,,,B,"<h2>Carpeting inside the unit belongs exclusively to the individual owner.</h2>  
The carpeting is considered part of the interior of the condominium unit and is typically owned and maintained by the individual owner. This personal property distinction allows owners to customize their living spaces according to their preferences.

<b>A) The roof of the building</b>  
The roof is a common element of the condominium structure and is not owned exclusively by any individual unit owner. Instead, it is typically maintained by the condominium association, as it serves all residents of the building and is essential for overall structural integrity.

<b>C) The wall separating two units</b>  
The wall that separates two condominium units is classified as a common element as well. While owners may have rights to the interior space of their unit, the wall itself is part of the shared property that defines boundaries between units, making it a collective responsibility.

<b>D) Elevators serving the floor where the unit is located</b>  
Elevators are also common elements in a condominium and are used by all residents. They are part of the shared infrastructure of the building, maintained by the condominium association, and do not belong exclusively to any individual owner.

<b>Conclusion</b>  
In a high-rise condominium, individual ownership primarily pertains to the interior features of a unit, such as carpeting, which can be customized by the owner. Common elements like the roof, separating walls, and elevators serve all residents collectively and are not owned by individuals. Understanding these distinctions is crucial for condominium owners in managing their property rights and responsibilities within shared living environments.",,Regular,
Real Estate Licensing Exams,Salesperson and Broker License Exam,Illinois Real Estate Exams,Illinois Real Estate Practice Exam,,The major advantage of ownership in severalty is,flexibility in making decisions.,sharing the risk with others.,joint decision making.,the risks are high.,,,,A,"Ownership in severalty means one owner has full control, allowing flexible decision-making without co-owner consent. Risks and decisions are not shared. High risk isn't an advantage.",,Regular,
Real Estate Licensing Exams,Salesperson and Broker License Exam,Illinois Real Estate Exams,Illinois Real Estate License Prep,,"An unmarried couple wants to rent a high-rise apartment in Illinois. The landlord has strict religious beliefs and is uncomfortable renting the apartment to the couple. Because the landlord wants to comply with the law, the landlord should",refuse to rent based on their beliefs.,rent to the couple regardless of their beliefs.,try to find them an apartment elsewhere.,insist the couple be married before move-in,,,,B,"<h2>Rent to the couple regardless of their beliefs.</h2>  
In Illinois, landlords cannot discriminate against tenants based on marital status as per the Fair Housing Act. Therefore, the landlord must comply with the law and rent to the unmarried couple, regardless of their personal beliefs.

<b>A) Refuse to rent based on their beliefs.</b>  
Refusing to rent to the couple solely based on the landlord's religious beliefs constitutes discrimination against the couple's marital status. Such actions violate fair housing laws, which protect against discrimination based on various characteristics, including marital status.

<b>B) Rent to the couple regardless of their beliefs.</b>  
This option is the only legally compliant choice. By renting to the couple, the landlord adheres to the Fair Housing Act, which prohibits discrimination against tenants based on marital status. This ensures that the landlord respects the law while still potentially holding personal beliefs.

<b>C) Try to find them an apartment elsewhere.</b>  
Attempting to find another apartment for the couple does not address the core issue of discrimination. While it may seem like a helpful gesture, it ultimately avoids the landlord's responsibility to comply with fair housing laws and could still be seen as an attempt to deny housing based on marital status.

<b>D) Insist the couple be married before move-in.</b>  
Insisting on marriage as a condition for renting the apartment is discriminatory and illegal under the Fair Housing Act. This approach directly violates the rights of the couple by imposing conditions based on their marital status, which is not permissible.

<b>Conclusion</b>  
In summary, the landlord must rent to the unmarried couple regardless of personal beliefs due to legal protections against discrimination based on marital status in Illinois. Options A, C, and D violate fair housing laws, while option B is the only choice that aligns with legal standards and promotes fair treatment for all potential tenants.",,Regular,
Real Estate Licensing Exams,Salesperson and Broker License Exam,Illinois Real Estate Exams,Illinois Real Estate Practice Exam,,"A house is sold with real estate Company A, subject to an inspection. During the inspection, it is found that the furnace is emitting carbon monoxide and should be replaced. The seller does not repair the furnace and puts the home back on the market with real estate Company B. Which of the following is correct in Illinois?","Both real estate companies must disclose the defect to subsequent buyers, even without the seller's permission.","Neither company must disclose this confidential information, unless directed to do so by the seller.","Company A must disclose the information because it is no longer the listing company, and Company B can disclose only with the seller's permission.","Company B must disclose the information because it is the listing company, and Company A can disclose only with the seller's permission.",,,,A,Known material defects must be disclosed to all prospective buyers regardless of seller consent. Company A learned of the defect during agency and has a continuing duty to disclose. Company B must disclose upon listing.,,Regular,
Real Estate Licensing Exams,Salesperson and Broker License Exam,Illinois Real Estate Exams,Illinois Real Estate License Prep,,Which of the following would automatically be included in the sale of a property,trade fixtures,plumbing fixtures,freestanding appliances,emblements,,,,B,"Plumbing fixtures (B) is correct because they are attached and convey with the property. Trade fixtures (A) are removable by tenants. Freestanding appliances (C) are personal property. Emblements (D) are crops, not fixtures.",,Regular,
Real Estate Licensing Exams,Salesperson and Broker License Exam,Illinois Real Estate Exams,Illinois Real Estate Practice Exam,,"A property is listed for $218,000. An offer of $210,000 is submitted to the listing licensee. The offer includes a free-standing stove and refrigerator. The seller accepts the price and the refrigerator, but is not willing to leave the stove. The listing licensee makes the change in the contract to exclude the stove. The seller signs and initials the change. The buyers orally accept the change. Which of the following is true regarding this situation?",The original offer was rejected and the seller's counteroffer must be accepted in writing.,Neither the seller nor his licensee has a right to make any changes to the original offer.,The offer has been signed and accepted by all parties and creates a valid contract.,The buyer's licensee can sign the change regarding the stove on behalf of the buyer.,,,,A,"<h2>The original offer was rejected and the seller's counteroffer must be accepted in writing.</h2>  
In this scenario, the seller's decision to exclude the stove from the acceptance constitutes a counteroffer, which effectively rejects the original offer. For the counteroffer to be valid, it must be accepted in writing by the buyer, as verbal acceptance does not satisfy the legal requirements for a binding contract.

<b>A) The original offer was rejected and the seller's counteroffer must be accepted in writing.</b>  
This statement is accurate because the seller modified the terms of the original offer by excluding the stove, which constitutes a counteroffer. Since the original offer was not accepted in its entirety, it is considered rejected. Legal principles require that counteroffers be accepted in writing to form a valid contract.

<b>B) Neither the seller nor his licensee has a right to make any changes to the original offer.</b>  
This statement is incorrect because the seller has the right to propose changes to the offer, including modifications or exclusions of items like the stove. The seller's ability to negotiate terms is a fundamental aspect of contract law, allowing them to respond to offers with counteroffers.

<b>C) The offer has been signed and accepted by all parties and creates a valid contract.</b>  
This statement is false, as a valid contract cannot exist without mutual agreement on all terms, including the items included in the offer. The seller's exclusion of the stove means that the original offer was not fully accepted, and therefore, no valid contract has been formed at this point.

<b>D) The buyer's licensee can sign the change regarding the stove on behalf of the buyer.</b>  
This is incorrect because the buyer's licensee cannot make changes or sign documents on behalf of the buyer without explicit written authority. The buyer must provide written acceptance for the counteroffer to be valid, and the licensee cannot circumvent this requirement.

<b>Conclusion</b>  
In this case, the seller's exclusion of the stove from the acceptance transforms the original offer into a counteroffer, which the buyer must accept in writing to establish a valid contract. All changes to the terms must be documented, ensuring that all parties have a clear understanding and agreement on the contract's terms. Verbal acceptance is insufficient in this context, highlighting the importance of written agreements in real estate transactions.",,Regular,
Real Estate Licensing Exams,Salesperson and Broker License Exam,Illinois Real Estate Exams,Illinois Real Estate License Prep,,"A national company desires a parcel of land which must be 4 times the size of its proposed building. If the building design includes 20,000 square feet, then which of the following minimum sized lots should be purchased",1 acre,2 acres,4 acres,8 acres,,,,D,"8 acres (D) is correct. Building: 20,000 sq ft. Lot: 20,000 X 4 = 80,000 sq ft. 1 acre = 43,560 sq ft; 80,000 Ã· 43,560 â‰ˆ 1.84 acres. Next minimum is 8 acres. Other options are too small.",,Regular,
Real Estate Licensing Exams,Salesperson and Broker License Exam,Illinois Real Estate Exams,Illinois Real Estate Practice Exam,,"If an Illinois real estate licensee has an ownership interest in a property being sold and has failed to inform the purchaser of such interest, the licensee",cannot collect a sales commission on the self-owned portion.,"has acted unethically, but not illegally.",has committed an illegal act and is subject to disciplinary action.,has not erred unless the licensee ownership interest is greater than 50%.,,,,C,Illinois law mandates full disclosure of any ownership interest in a property being sold. Failure to disclose is a material misrepresentation and violates license law. The licensee faces disciplinary action regardless of ownership percentage.,,Regular,
Real Estate Licensing Exams,Salesperson and Broker License Exam,Illinois Real Estate Exams,Illinois Real Estate License Prep,,"A licensee has an exclusive agency listing on a property. During the listing period, the property sold at a foreclosure sale. Is the licensee entitled to a commission?","Yes, because the licensee took the listing.","Yes, because the property sold during the listing period.","No, because licensees cannot conduct foreclosure sales.","No, because the licensee did not produce a ready, willing, and able buyer.",,,,D,"<h2>No, because the licensee did not produce a ready, willing, and able buyer.</h2>  
In an exclusive agency listing, a licensee earns a commission by finding a buyer for the property. However, if the property is sold at a foreclosure sale without the licensee's involvement, they are not entitled to a commission, as they did not fulfill the requirement of producing a ready, willing, and able buyer.

<b>A) Yes, because the licensee took the listing.</b>  
The act of taking a listing does not guarantee a commission unless the licensee fulfills the conditions of the listing agreement. In this case, the property was sold at a foreclosure, which means the licensee played no role in the transaction, thus invalidating the premise for earning a commission based solely on the listing.

<b>B) Yes, because the property sold during the listing period.</b>  
While the property did sell during the listing period, a foreclosure sale is a separate process conducted by the lender, not through the efforts of the licensee. Therefore, the timing of the sale does not guarantee a commission if the licensee did not facilitate the sale.

<b>C) No, because licensees cannot conduct foreclosure sales.</b>  
Although it is true that licensees do not conduct foreclosure sales, the reason for not earning a commission in this context relates more to the lack of involvement in producing a buyer rather than the inability to conduct the sale. Thus, this explanation does not adequately address the commission entitlement issue.

<b>Conclusion</b>  
In exclusive agency listings, a licensee is entitled to a commission only when they successfully find a buyer. Since the property in question was sold through a foreclosure without the licensee's participation, they did not fulfill the necessary criteria of producing a ready, willing, and able buyer, thus not entitled to commission. The nature of the sale, whether foreclosure or otherwise, emphasizes the importance of the licensee's role in the transaction.",,Regular,
Real Estate Licensing Exams,Salesperson and Broker License Exam,Illinois Real Estate Exams,Illinois Real Estate Practice Exam,,Which of the following analyses must be prepared by a certified appraiser,a competitive market analysis for a buyer or seller,a price opinion for a lender involved with a short sale transaction,an analysis to determine a project's estimated market capture and capitalization rate,a property valuation report supporting a federally-related loan application,,,,D,"Federally-related loan valuation (D) is correct because federal regulations require certified appraisers for such valuations. CMAs (A), price opinions (B), and market capture analyses (C) can be done by brokers.",,Regular,
Real Estate Licensing Exams,Salesperson and Broker License Exam,Illinois Real Estate Exams,Illinois Real Estate License Prep,,Which of the following acts by a licensee violates Illinois license law?,disclosing the listing price when a neighbor inquires,charging the seller for the filing fees incurred on the seller's behalf,selling a house without disclosing that the licensee has an interest in the property,depositing earnest money before the end of the next banking day after an offer is accepted,,,,C,"Failure to disclose personal interest in a sale is a material omission and violates law. Listing price disclosure, fee charging, and timely deposit are permitted or required.",,Regular,
Real Estate Licensing Exams,Salesperson and Broker License Exam,Illinois Real Estate Exams,Illinois Real Estate Practice Exam,,"In Illinois, a licensee is subject to disciplinary action for FAILING to",have all papers notarized,pay Illinois state income tax,maintain a separate escrow account for each sale,have the escrow account audited by an accountant,,,,C,"Maintaining a separate escrow account for each sale (C) is correct because Illinois law requires licensees to keep client funds in separate escrow accounts to avoid commingling. Notarizing all papers (A) isnâ€™t a universal requirement. Paying state income tax (B) is a personal obligation, not a licensing issue. Auditing escrow accounts (D) isnâ€™t mandated for each sale.",,Regular,
Real Estate Licensing Exams,Salesperson and Broker License Exam,Illinois Real Estate Exams,Illinois Real Estate License Prep,,A minority couple decides to buy a house in an area which a licensee knows to be inhabited mostly by nonminority residents. The licenseeâ€™s obligation is to,discourage the buyers to ensure that the licensee will not be disciplined for steering,"comply with the buyerâ€™s wishes, but advise them of the racial composition in the area",continue to show houses and encourage them to select another area,assist the buyers in consummating the deal,,,,D,"<h2>assist the buyers in consummating the deal</h2>  
The licensee's primary responsibility is to facilitate the home-buying process for the clients, regardless of their minority status, ensuring that they have equal access to housing opportunities.

<b>A) discourage the buyers to ensure that the licensee will not be disciplined for steering</b>  
Discouraging buyers based on their minority status would constitute steering, which is illegal and unethical in real estate practices. Licensees should not dissuade clients from purchasing properties in any area based on demographic composition, as this perpetuates discrimination.

<b>B) comply with the buyer's wishes, but advise them of the racial composition in the area</b>  
While it is important to provide clients with relevant information, focusing on the racial composition of an area can lead to discriminatory practices. The licensee should not prioritize demographic details over the clients' desires and needs, as this may influence their decision-making inappropriately.

<b>C) continue to show houses and encourage them to select another area</b>  
Encouraging clients to select a different area simply based on their minority status is a form of steering. The licensee should respect the clients' choice and assist them in exploring housing options in their preferred area, rather than redirecting them based on demographic considerations.

<b>Conclusion</b>  
In real estate, the licensee must prioritize the needs and preferences of their clients, helping them navigate the home-buying process without discrimination. Assisting minority clients in completing their purchase fosters equal opportunity and supports fair housing practices. All other options either promote unethical behavior or fail to respect the clients' choices, highlighting the importance of upholding integrity in real estate transactions.",,Regular,
Real Estate Licensing Exams,Salesperson and Broker License Exam,Illinois Real Estate Exams,Illinois Real Estate Practice Exam,,A listing agent who intentionally conceals a material defect may be liable to the buyer for,falsification.,fraud.,misrepresentation.,negligence.,,,,B,"<h2>Fraud.</h2>  
When a listing agent intentionally conceals a material defect, this act constitutes fraud, as it involves deceit with the intent to gain an unfair advantage over the buyer. Fraud requires a knowing misrepresentation or omission of material facts, leading to potential legal liability for the agent.

<b>A) Falsification.</b>  
Falsification generally refers to the act of altering or fabricating information or documents. While concealing a defect involves dishonest behavior, the term ""falsification"" does not specifically capture the deceitful intent or the legal implications associated with intentionally misleading a buyer about a property's condition.

<b>B) Fraud.</b>  
Fraud is the correct term for the intentional concealment of material defects, as it encompasses deceitful practices that mislead a buyer, resulting in financial harm. This legal framework holds agents accountable for their actions when they knowingly withhold critical information, making it a serious offense in real estate transactions.

<b>C) Misrepresentation.</b>  
Misrepresentation involves providing false or misleading information, either intentionally or unintentionally. However, in the context of intentional concealment of a defect, the term ""fraud"" more accurately describes the agent's actions, as fraud specifically relates to deceitful intent. Misrepresentation could apply in other contexts but doesn't fully capture the severity of intentional concealment.

<b>D) Negligence.</b>  
Negligence refers to a failure to act with reasonable care, which can lead to unintentional harm. In this case, the intentional act of concealing a defect goes beyond negligence, as it involves a deliberate choice to mislead the buyer rather than an inadvertent oversight.

<b>Conclusion</b>  
In real estate, the intentional concealment of a material defect by a listing agent is classified as fraud, as it represents a willful act of deceit aimed at misleading the buyer for personal gain. While other terms like misrepresentation and negligence may describe related concepts, they do not encompass the specific legal ramifications associated with fraudulent behavior. Understanding this distinction is crucial for both buyers and agents in maintaining ethical standards within real estate transactions.",,Regular,
Real Estate Licensing Exams,Salesperson and Broker License Exam,Illinois Real Estate Exams,Illinois Real Estate License Prep,,"A married couple own a home together in Illinois. The wife does not wish to engage her husband in the decision-making process of the marketing or sale of their primary residence. In determining who must sign the intended written listing agreement, the licensee should",permit only the wife's signature on the agreement,allow the wife to sign for herself and her husband,require both the husband and wife to sign the listing agreement,accept the agreement with one signature because they own a home together,,,,C,"Both signatures (C) is correct because Illinois requires all owners of a jointly owned property to sign the listing agreement. One signature (A, D) or signing for another (B) doesnâ€™t satisfy legal requirements for joint ownership.",,Regular,
Real Estate Licensing Exams,Salesperson and Broker License Exam,Illinois Real Estate Exams,Illinois Real Estate Practice Exam,,"If a buyer defaults on a contract to purchase, the seller may do which of the following to enforce the contract",File a lien on the buyerâ€™s present home,Obtain a court injunction to keep the buyer from buying another home,Sue the buyer for substantial performance,Sue the buyer for specific performance,,,,D,"<h2>Sue the buyer for specific performance.</h2>  
Specific performance is a legal remedy that compels a party to fulfill their obligations under a contract, particularly in real estate transactions where the property is unique. This remedy is sought when monetary damages would be inadequate to remedy the default, thus ensuring the seller can enforce the terms of the contract.

<b>A) File a lien on the buyer's present home</b>  
Filing a lien on the buyer's home would not directly enforce the original contract for purchase. A lien is typically a claim against property to secure payment of a debt, and while it may provide the seller a way to recover money owed, it does not compel the buyer to proceed with the purchase of the property in question.

<b>B) Obtain a court injunction to keep the buyer from buying another home</b>  
An injunction is a court order that requires a party to do or refrain from doing specific acts. However, obtaining an injunction to prevent the buyer from purchasing another home does not address the original contract's enforcement. It would not compel the buyer to fulfill their obligations under the contract for the specific property in question.

<b>C) Sue the buyer for substantial performance</b>  
Suing for substantial performance is not applicable in this context, as it pertains to contracts where a party has completed most of the contractual obligations but has not fully complied. In real estate, the seller typically seeks specific performance to enforce the contract, not substantial performance, which is more relevant in construction or service contracts.

<b>Conclusion</b>  
When a buyer defaults on a purchase contract, the seller's most effective legal remedy is to sue for specific performance. This action compels the buyer to complete the transaction as originally agreed upon, ensuring that the seller's rights are upheld in a situation where monetary damages alone would be insufficient. Other options, such as filing a lien or seeking injunctions, do not directly enforce the purchase contract and may not lead to the desired outcome.",,Regular,
Real Estate Licensing Exams,Salesperson and Broker License Exam,Illinois Real Estate Exams,Illinois Real Estate License Prep,,"A house sold for $45,000. A VA loan for $37,000 was obtained with 4 points. How much are points at closing?",$925,"$1,480","$1,800","$3,200",,,,B,"<h2>The points at closing amount to $1,480.</h2>  
Points are calculated as a percentage of the loan amount, where one point equals 1% of the total loan. In this case, 4 points on a VA loan of $37,000 results in a cost of $1,480 at closing.

<b>A) $925</b>  
This amount represents approximately 2.5% of the loan amount, which corresponds to 2.5 points. However, since the loan requires 4 points, this choice is insufficient to cover the correct point total based on the loan amount.

<b>B) $1,480</b>  
Correctly calculated, 4 points on a $37,000 loan equals $1,480. This is determined by multiplying the loan amount by the points percentage: $37,000 x 0.04 = $1,480. Thus, this is the accurate cost of points at closing.

<b>C) $1,800</b>  
This figure is not representative of the point calculation for the loan amount. It exceeds the expected cost for 4 points on a $37,000 loan, reflecting a misunderstanding of percentage calculations involved in determining points.

<b>D) $3,200</b>  
This choice is significantly higher than the calculated cost for 4 points. It would suggest a rate close to 8.65% of the loan amount, which does not apply here since the points charged are only 4% of $37,000.

<b>Conclusion</b>  
In evaluating the cost of points at closing for a VA loan, the calculation reveals that 4 points on a $37,000 loan results in $1,480. This understanding emphasizes the importance of accurately calculating percentages in real estate financing, ensuring that buyers are fully aware of their costs at closing.",,Regular,
Real Estate Licensing Exams,Salesperson and Broker License Exam,Illinois Real Estate Exams,Illinois Real Estate Practice Exam,,"Under an option to buy, the ownership of land will change when the",option is signed by the parties.,optionor does not fulfill the obligation.,optionee exercises the option.,specified time has expired.,,,,C,"<h2>Ownership of land will change when the optionee exercises the option.</h2>  
The ownership transfer occurs when the optionee decides to exercise their right to purchase the land as stipulated in the option agreement. This is the critical moment that legally binds the seller to transfer ownership to the optionee.

<b>A) Option is signed by the parties</b>  
Signing the option agreement merely establishes the terms under which the optionee may purchase the property; it does not transfer ownership. Until the optionee exercises the option, the seller retains ownership rights, and the agreement functions as a unilateral contract offering a right to buy.

<b>B) Optionor does not fulfill the obligation</b>  
If the optionor fails to meet their obligations, this does not result in ownership transfer. The optionee still retains the right to exercise the option, but ownership will change only if they choose to do so. Unfulfilled obligations may lead to legal consequences for the optionor, but they do not automatically confer ownership to the optionee.

<b>C) Optionee exercises the option</b>  
Exercising the option is the definitive action that triggers the transfer of ownership. When the optionee formally decides to purchase the property as per the option agreement, the ownership rights change hands, completing the transaction and fulfilling the conditions of the contract.

<b>D) Specified time has expired</b>  
The expiration of the specified time in an option agreement means that the optionee can no longer exercise their right to purchase the property. If the option is not exercised before the deadline, no ownership change occurs, and the seller retains full ownership of the property.

<b>Conclusion</b>  
In summary, ownership of land changes hands when the optionee exercises their right to purchase as outlined in the option agreement. The mere signing of the option, the optionor's obligations, or the expiration of the timeframe do not affect ownership transfer. The specific act of exercising the option is what legally binds the parties and facilitates the transfer of property ownership.",,Regular,
Real Estate Licensing Exams,Salesperson and Broker License Exam,Illinois Real Estate Exams,Illinois Real Estate License Prep,,"When using photographs or illustrations of people in property advertising, it is permissible for a broker to use photographs or illustrations",showing only one ethnic group,that are in the public domain,indicating a target buyer,which are outdated,,,,B,Public domain (B) is correct because these images avoid copyright issues and donâ€™t violate fair housing by targeting specific groups. Single ethnic group (A) or targeting buyers (C) risks discrimination. Outdated images (D) may mislead.,,Regular,
Real Estate Licensing Exams,Salesperson and Broker License Exam,Illinois Real Estate Exams,Illinois Real Estate Practice Exam,,"In Illinois, which of the following must be included when a sponsoring broker markets a listed property on the Internet",lot size,listing price,geographic location,financing information,,,,B,"Listing price (B) is correct because Illinois requires the price to be included in property advertisements to avoid misleading consumers. Lot size (A), geographic location (C), and financing information (D) are not mandatory for internet marketing.",,Regular,
Real Estate Licensing Exams,Salesperson and Broker License Exam,Illinois Real Estate Exams,Illinois Real Estate License Prep,,The clause in a mortgage that allows the lender to call the entire balance due and payable in advance of the fixed payment date is,an acceleration clause,an escalation clause,a pay-off clause,a satisfaction clause,,,,A,"An acceleration clause (A) is correct because it allows the lender to demand full repayment if certain conditions are violated. An escalation clause (B) adjusts payments or prices based on specific conditions, not full balance demands. A pay-off clause (C) is not a standard term in mortgages. A satisfaction clause (D) relates to loan fulfillment documentation, not early repayment demands.",,Regular,
Real Estate Licensing Exams,Salesperson and Broker License Exam,Illinois Real Estate Exams,Illinois Real Estate Practice Exam,,Buyer rescinds offer before acceptance. Earnest money:,broker keeps in lieu of commission.,split between seller and broker.,returned to buyer.,forfeited after 6 days.,,,,C,"<h2>Earnest money is returned to the buyer if the buyer rescinds the offer before acceptance.</h2>  
When a buyer rescinds their offer prior to acceptance, the earnest money, which serves as a deposit to demonstrate serious intent, is typically returned to the buyer. This is because no binding agreement has been established, allowing the buyer to withdraw their offer without penalty.

<b>A) Broker keeps in lieu of commission.</b>  
This option is incorrect because brokers are not entitled to retain earnest money simply for their services unless there is a formal agreement or contract in place. Since the offer was rescinded before acceptance, there is no commission owed, and thus the broker cannot keep the earnest money.

<b>B) Split between seller and broker.</b>  
This choice is also incorrect because there is no basis for splitting the earnest money when the buyer rescinds the offer before it has been accepted. Without an accepted offer, neither the seller nor the broker has a legitimate claim to the earnest money.

<b>C) Returned to buyer.</b>  
This is the correct answer, as the earnest money must be returned to the buyer if they rescind their offer prior to the seller's acceptance. The absence of an accepted contract means the buyer is entitled to reclaim their deposit without any penalties.

<b>D) Forfeited after 6 days.</b>  
This option is incorrect because forfeiture of earnest money typically requires a specific condition or clause outlined in a contract, which is not applicable when an offer is rescinded before acceptance. The buyer retains the right to the earnest money as long as there is no binding agreement.

<b>Conclusion</b>  
In real estate transactions, earnest money serves as a good faith deposit. When a buyer rescinds an offer before it is accepted, the earnest money should be returned to them, as no binding contract exists. Other options, such as forfeiture or brokers retaining the funds, do not apply under these circumstances, emphasizing the buyer's rights in the transaction process.",,Regular,
Real Estate Licensing Exams,Salesperson and Broker License Exam,Illinois Real Estate Exams,Illinois Real Estate License Prep,,"C purchases a property from B in April. In October of the same year, C is assessed $2,000 by the condominium association for a new roof. Who is responsible for the payment of the assessment?",B,C,split between B and C,pro-rated between B and C,,,,D,"<h2>Payment of the assessment for the new roof is pro-rated between B and C.</h2>  
In a condominium setting, assessments for common expenses, such as a new roof, are typically allocated based on ownership duration within the assessment period. Since C purchased the property from B in April, both parties share responsibility for the assessment incurred in October, making the payment split proportionally based on their ownership times.

<b>A) B</b>  
B is not solely responsible for the payment since the assessment occurred after the property was sold to C. Once C took ownership in April, any subsequent assessments, including the one for the new roof, are also partially the responsibility of C.

<b>B) C</b>  
C cannot be solely responsible for the payment as they did not own the property for the entire assessment period. Since the roof assessment was incurred in October and C purchased the property in April, B is also liable for part of the payment due to their previous ownership.

<b>C) split between B and C</b>  
While this option suggests that both B and C share the responsibility, it fails to specify that the payment is to be pro-rated. A simple split does not account for the differing lengths of ownership, which is important in determining the exact amounts owed by each party.

<b>D) pro-rated between B and C</b>  
This option accurately reflects the situation. The payment for the assessment should be divided based on the time each owner held the property during the assessment period. Since C owned the property for part of the year, the responsibility is shared proportionately, ensuring fairness in the financial obligations.

<b>Conclusion</b>  
In this scenario, the assessment for the new roof must be pro-rated between B and C based on their respective ownership periods. B's obligation arises from their ownership prior to the sale, while C holds responsibility for the time after the purchase. This equitable approach ensures that both parties contribute fairly to the cost incurred for a common expense, aligning with condominium association practices.",,Regular,
Real Estate Licensing Exams,Salesperson and Broker License Exam,Illinois Real Estate Exams,Illinois Real Estate Practice Exam,,"When showing a property to a buyer, a licensee must disclose which of the following known facts?",length of time the seller occupied the property,presence of a group home,possible tax increase due to new sale price,deteriorating septic field,,,,D,"<h2>Deteriorating septic field must be disclosed to a buyer.</h2>  
A licensee is legally obligated to disclose any known material defects in a property, including serious issues like a deteriorating septic field, which can significantly impact the property's value and safety for potential buyers.

<b>A) Length of time the seller occupied the property</b>  
While the length of time a seller has occupied a property may provide some context on its history, it is not considered a material defect or a critical fact that affects the property's value or safety. Therefore, it does not need to be disclosed to buyers.

<b>B) Presence of a group home</b>  
The presence of a group home may be relevant to community dynamics or property value perceptions; however, it is not classified as a material defect. Disclosure requirements typically focus on structural issues or safety hazards rather than the existence of specific types of residents.

<b>C) Possible tax increase due to new sale price</b>  
While buyers should be aware of potential tax implications from a sale, the possibility of a tax increase is speculative and not a known fact that can be disclosed with certainty. Licensees are generally required to disclose tangible issues rather than future uncertainties.

<b>D) Deteriorating septic field</b>  
A deteriorating septic field is a significant issue that poses health and safety risks, as well as potential financial liabilities for the buyer. This known defect must be disclosed as it directly affects the property's usability and value.

<b>Conclusion</b>  
In real estate transactions, licensees are required to disclose known material defects that can affect a buyer's decision. Among the choices presented, the deteriorating septic field stands out as a critical issue that must be communicated to prospective buyers, while the other options involve non-defective information or speculative concerns that do not necessitate disclosure. This obligation ensures transparency and protects the interests of both parties in the transaction.",,Regular,
Real Estate Licensing Exams,Salesperson and Broker License Exam,Illinois Real Estate Exams,Illinois Real Estate License Prep,,"In preparing a seller's net proceeds estimate, which of the following would be considered as a cost to the seller?",anticipated property tax increase,commission paid to the broker,mortgage application fee,mortgage title insurance,,,,B,"Commission paid to the broker (B) is correct because it is a direct cost deducted from the sellerâ€™s proceeds in a real estate transaction. Anticipated property tax increase (A) is a future expense, not a current cost. Mortgage application fee (C) and mortgage title insurance (D) are typically buyerâ€™s costs, not sellerâ€™s.",,Regular,
Real Estate Licensing Exams,Salesperson and Broker License Exam,Illinois Real Estate Exams,Illinois Real Estate Practice Exam,,The feature that most distinguishes a joint tenancy from a tenancy in common is,undivided interests.,unity of possession.,right of survivorship.,right of transfer.,,,,C,"<h2>Right of survivorship distinguishes joint tenancy from tenancy in common.</h2>  
The defining feature of joint tenancy is the right of survivorship, which means that when one joint tenant dies, their interest automatically passes to the remaining joint tenants rather than to the deceased's heirs. This contrasts with tenancy in common, where each tenant's interest can be inherited by their heirs.

<b>A) Undivided interests</b>  
Both joint tenants and tenants in common possess undivided interests in the property, meaning they have equal rights to the entire property rather than specific portions. This characteristic is shared by both forms of ownership and does not serve to distinguish them from one another.

<b>B) Unity of possession</b>  
Unity of possession refers to the shared right of all co-owners to possess the entire property, which is a feature common to both joint tenancy and tenancy in common. This principle does not help differentiate the two types of ownership, as both allow for equal access and use of the property by all owners.

<b>C) Right of transfer</b>  
In both joint tenancy and tenancy in common, owners have the right to transfer their interests in the property. However, the key distinction lies in how these interests are treated upon the death of an owner. While joint tenancy includes the right of survivorship, tenancy in common allows for the transfer of interests to heirs, which is not the case in joint tenancy.

<b>D) Right of survivorship</b>  
As previously noted, the right of survivorship is a unique aspect of joint tenancy that does not apply to tenancy in common. This right ensures that the surviving joint tenants automatically inherit the deceased tenant's share, making it a crucial factor in distinguishing between these two types of property ownership.

<b>Conclusion</b>  
The right of survivorship is the primary feature that sets joint tenancy apart from tenancy in common, allowing the remaining owners to automatically inherit the deceased owner's share of the property. Other attributes, such as undivided interests, unity of possession, and the right to transfer, are common to both forms of ownership and do not serve to differentiate them. Understanding this distinction is vital for property law and estate planning.",,Regular,
Real Estate Licensing Exams,Salesperson and Broker License Exam,Illinois Real Estate Exams,Illinois Real Estate License Prep,,"In Illinois, which of the following must be included when a sponsoring broker markets a listed property on the Internet",lot size,listing price,geographic location,financing information,,,,B,"Listing price (B) is correct because Illinois requires the price to be included in property advertisements to avoid misleading consumers. Lot size (A), geographic location (C), and financing information (D) are not mandatory for internet marketing.",,Regular,
Real Estate Licensing Exams,Salesperson and Broker License Exam,Maryland Real Estate Exams,Maryland Real Estate Practice Test,,Uninsured and underinsured motorist coverage provides protection for all of the following EXCEPT,The owner of the uninsured auto,The named insured as a passenger in any auto,Occupants in the insured's household struck while crossing the street,The named insured's child as the driver of the insured auto,,,,A,"<h2>The owner of the uninsured auto.</h2>  
Uninsured and underinsured motorist coverage is designed to protect the insured and their passengers in the event of an accident involving a driver who lacks adequate insurance. However, this coverage does not extend protection to the owner of the uninsured vehicle, as it is intended to benefit the insured party and their interests.

<b>A) The owner of the uninsured auto</b>  
This choice is the correct answer because uninsured and underinsured motorist coverage is not designed to protect the owner of an uninsured vehicle. Instead, it serves to protect the insured party and their passengers when they are involved in an accident with an uninsured or underinsured driver.

<b>B) The named insured as a passenger in any auto</b>  
This option is incorrect because uninsured and underinsured motorist coverage does extend to the named insured when they are a passenger in any vehicle. This protection ensures that the insured is compensated for damages if they are injured in an accident involving an uninsured driver, regardless of the vehicle they are in.

<b>C) Occupants in the insured's household struck while crossing the street</b>  
This choice is also incorrect, as uninsured and underinsured motorist coverage includes protection for occupants of the insured's household. If a family member is struck by an uninsured driver while crossing the street, the coverage will provide benefits for their injuries.

<b>D) The named insured's child as the driver of the insured auto</b>  
This option is incorrect as well, since the coverage applies to the named insured's child when driving the insured vehicle. If the child is involved in an accident with an uninsured driver, the coverage will help cover medical expenses and damages.

<b>Conclusion</b>  
Uninsured and underinsured motorist coverage is primarily designed to protect the insured individual and their passengers from financial losses resulting from accidents involving drivers who lack sufficient insurance. While it covers various parties such as passengers and household members, it specifically excludes the uninsured vehicle's owner, making that option the only incorrect choice in this context.",,Regular,
Real Estate Licensing Exams,Salesperson and Broker License Exam,Maryland Real Estate Exams,Maryland Real Estate Study Questions,,All of the following exposures are covered by employment practices liability insurance EXCEPT,Wrongful termination,Sexual harassment,Age discrimination,OSHA violations,,,,D,"<h2>OSHA violations are not covered by employment practices liability insurance.</h2>  
Employment practices liability insurance (EPLI) is specifically designed to protect employers from claims related to employment practices, including wrongful termination, discrimination, and harassment. However, OSHA violations are safety-related infractions governed by different regulations and do not fall under EPLI coverage.

<b>A) Wrongful termination</b>  
Wrongful termination claims arise when an employee alleges they were fired in violation of employment agreements or laws. This type of claim is explicitly covered by EPLI, as it pertains to the employer's employment practices and decisions, protecting against potential legal liabilities.

<b>B) Sexual harassment</b>  
Claims of sexual harassment are also covered by EPLI. Such claims involve allegations of inappropriate conduct in the workplace, and EPLI provides protection for employers against lawsuits resulting from these allegations, thereby safeguarding their financial interests.

<b>C) Age discrimination</b>  
Age discrimination claims, where an employee argues they were treated unfairly due to their age, are included under EPLI coverage. This insurance protects against lawsuits stemming from discriminatory employment practices, thereby offering legal and financial support to employers facing such claims.

<b>D) OSHA violations</b>  
OSHA violations relate to breaches of workplace safety regulations set forth by the Occupational Safety and Health Administration. These infractions do not pertain to employment practices but rather to safety compliance, and thus are not covered by EPLI. Employers facing OSHA violations must seek other forms of protection or liability insurance.

<b>Conclusion</b>  
Employment practices liability insurance serves to protect employers against claims related to employment decisions and practices, such as wrongful termination, harassment, and discrimination. OSHA violations, however, are focused on workplace safety and are governed by different regulations, making them ineligible for EPLI coverage. Understanding these distinctions is crucial for employers to ensure they have the appropriate insurance protection in place.",,Regular,
Real Estate Licensing Exams,Salesperson and Broker License Exam,Maryland Real Estate Exams,Maryland Real Estate Practice Test,,FAIR Plans commonly include coverage for all of the following perils EXCEPT,Fire,Windstorm,Hail,Flood,,,,D,"<h2>FAIR Plans commonly exclude flood coverage.</h2>  
FAIR Plans, designed to provide property insurance to high-risk areas, typically cover perils like fire, windstorm, and hail, but they generally do not include flood coverage, which is often handled separately through specialized flood insurance policies.

<b>A) Fire</b>  
Fire is one of the primary perils covered by FAIR Plans. Since these plans are aimed at providing essential coverage for properties in high-risk areas, fire damage is a significant concern and is thus included in the coverage to protect property owners.

<b>B) Windstorm</b>  
Windstorm coverage is also included in FAIR Plans, as it is a common peril that can cause significant damage, particularly in areas prone to severe weather. This coverage is crucial for protecting properties from the impacts of high winds and storms.

<b>C) Hail</b>  
Hail damage is covered under FAIR Plans as well. Like fire and windstorm, hail poses a substantial risk to properties, and including this coverage helps ensure that homeowners can recover from potential damages resulting from severe weather conditions.

<b>D) Flood</b>  
Flood coverage is typically not included in FAIR Plans. Flood insurance is often provided through separate policies, as it is considered a distinct risk that requires specialized coverage due to its unique nature and the varying levels of flood risk across different regions.

<b>Conclusion</b>  
FAIR Plans are essential for providing coverage to properties at high risk, addressing common perils such as fire, windstorm, and hail. However, flood coverage is usually excluded and requires separate insurance due to its different risk profile. Understanding these distinctions is crucial for property owners seeking comprehensive protection against potential damages.",,Regular,
Real Estate Licensing Exams,Salesperson and Broker License Exam,Maryland Real Estate Exams,Maryland Real Estate Study Questions,,"Under the Dwelling Policy, for replacement cost coverage to apply, what percent of the value of the building at the time of loss must be insured?",100%,95%,90%,80%,,,,D,"<h2>For replacement cost coverage to apply under the Dwelling Policy, 80% of the value of the building at the time of loss must be insured.</h2>  
In the context of the Dwelling Policy, the insured must maintain coverage of at least 80% of the building's value at the time of loss to qualify for replacement cost coverage. This requirement ensures that the insurance adequately reflects the property's value, providing sufficient funds for full replacement without penalties.

<b>A) 100%</b>  
While insuring the full value of a building (100%) provides comprehensive protection, the Dwelling Policy specifically allows for replacement cost coverage with a minimum of 80% insured. Insuring 100% is not a requirement, but rather an option that may result in over-insurance.

<b>B) 95%</b>  
Insuring 95% of the building's value exceeds the minimum threshold necessary for replacement cost coverage under the Dwelling Policy. However, the policy explicitly states that 80% is the required amount, making 95% unnecessary for maintaining eligibility for replacement cost.

<b>C) 90%</b>  
Like 95%, insuring 90% of the building's value surpasses the 80% requirement set by the Dwelling Policy. While this level of coverage offers additional security, it is not the minimum needed to qualify for replacement cost coverage, which is strictly defined at 80%.

<b>D) 80%</b>  
This option correctly identifies the minimum percentage of the building's value that must be insured to qualify for replacement cost coverage under the Dwelling Policy. By maintaining at least 80% coverage, policyholders can ensure they will receive adequate compensation to replace their property in the event of a loss.

<b>Conclusion</b>  
To qualify for replacement cost coverage under the Dwelling Policy, the insured must maintain coverage of at least 80% of the building's value at the time of loss. This requirement is crucial for ensuring adequate compensation for rebuilding, while higher percentages such as 90%, 95%, or 100% are not necessary to meet the policy's conditions. Understanding this threshold helps policyholders make informed decisions about their insurance coverage.",,Regular,
Real Estate Licensing Exams,Salesperson and Broker License Exam,Maryland Real Estate Exams,Maryland Real Estate Practice Test,,"The MINIMUM medical, hospital, and disability benefits (PIP benefits) provided by an insurer under an automobile policy is","$1,000","$2,500","$5,000","$7,500",,,,B,"<h2>$2,500</h2>  
The minimum medical, hospital, and disability benefits (PIP benefits) provided by an insurer under an automobile policy is set at $2,500, which ensures a base level of financial support for individuals injured in automobile accidents.

<b>A) $1,000</b>  
This amount is below the established minimum PIP benefit requirement. While some states may offer lower thresholds for specific situations, the standard minimum for PIP benefits is not as low as $1,000, making this choice incorrect.

<b>B) $2,500</b>  
This is the correct minimum amount mandated for PIP benefits under automobile insurance policies. It provides essential coverage for medical expenses, hospital stays, and disability payments resulting from automobile-related injuries.

<b>C) $5,000</b>  
While $5,000 could represent a higher level of coverage, it exceeds the statutory minimum for PIP benefits. This option might be an available coverage level in certain policies, but it does not reflect the minimum requirement established by law.

<b>D) $7,500</b>  
Similar to option C, $7,500 is a higher benefit level that surpasses the minimum requirement for PIP benefits. Although higher coverage can be advantageous, the legal baseline for these benefits is set at $2,500.

<b>Conclusion</b>  
The minimum PIP benefits for automobile insurance policies are legally defined to be $2,500, providing essential coverage for injured parties. Options A, C, and D either fall below the minimum requirement or exceed it, highlighting the importance of understanding mandated coverage levels in auto insurance policies. This knowledge ensures that consumers are adequately informed about their coverage options and legal rights.",,Regular,
Real Estate Licensing Exams,Salesperson and Broker License Exam,Maryland Real Estate Exams,Maryland Real Estate Study Questions,,"Under the Broad Form Dwelling Policy, which one of the following is true?",It provides open perils coverage on the dwelling,It includes replacement cost coverage on the dwelling,It includes liability coverage,It covers damage caused by nuclear contamination,,,,B,"<h2>It includes replacement cost coverage on the dwelling.</h2>  
The Broad Form Dwelling Policy is designed to provide replacement cost coverage for the dwelling, ensuring that the insured can rebuild or repair their property to its original state without a deduction for depreciation.

<b>A) It provides open perils coverage on the dwelling</b>  
The Broad Form Dwelling Policy actually provides coverage on a named perils basis for the dwelling, not open perils. This means it only covers specific risks explicitly listed in the policy, rather than covering all risks except those specifically excluded.

<b>B) It includes replacement cost coverage on the dwelling</b>  
This statement is correct as the Broad Form Dwelling Policy offers replacement cost coverage for the dwelling. This ensures that the insured can recover the full amount necessary to replace the dwelling without accounting for depreciation, which is a key benefit of this policy type.

<b>C) It includes liability coverage</b>  
Liability coverage is not included in the Broad Form Dwelling Policy. This type of policy specifically focuses on protecting the dwelling itself and does not extend to liability protection for injuries or damages that may occur on the property. Separate liability coverage must be purchased.

<b>D) It covers damage caused by nuclear contamination</b>  
Nuclear contamination is typically excluded from most standard insurance policies, including the Broad Form Dwelling Policy. Coverage for damages resulting from nuclear incidents is not included, as these are often considered catastrophic risks that require specialized insurance.

<b>Conclusion</b>  
The Broad Form Dwelling Policy is structured to provide essential coverage for the dwelling at replacement cost but does not extend to liability or open perils coverage. By understanding these key features, policyholders can better assess their insurance needs and ensure appropriate coverage for their properties.",,Regular,
Real Estate Licensing Exams,Salesperson and Broker License Exam,Maryland Real Estate Exams,Maryland Real Estate Practice Test,,The Basic Form Dwelling Policy provides,Coverage on a named peril basis,Liability coverage for damage caused by the insured,Additional living expenses,Recovery on a replacement cost basis,,,,A,"<h2>Coverage on a named peril basis.</h2>  
The Basic Form Dwelling Policy, also known as the DP-1 policy, provides coverage specifically for named perils, which means it only covers losses for specific risks that are explicitly listed in the policy.

<b>A) Coverage on a named peril basis</b>  
This choice accurately describes the Basic Form Dwelling Policy, which insures against losses only from the perils that are explicitly stated in the policy, such as fire, lightning, and explosion. It contrasts with more comprehensive policies that may cover all perils except those specifically excluded.

<b>B) Liability coverage for damage caused by the insured</b>  
This option is incorrect because liability coverage is not included in the Basic Form Dwelling Policy. Such coverage typically falls under a separate liability policy or endorsements, which protect the insured from claims made by third parties due to bodily injury or property damage.

<b>C) Additional living expenses</b>  
This choice is also incorrect as the Basic Form Dwelling Policy does not provide coverage for additional living expenses. This type of coverage is generally found in more comprehensive policies that cover the costs incurred when the insured property is uninhabitable due to a covered loss.

<b>D) Recovery on a replacement cost basis</b>  
This option is misleading since the Basic Form Dwelling Policy usually operates on an actual cash value basis rather than a replacement cost basis. This means that settlements are based on the current value of the property rather than the cost to replace it, factoring in depreciation.

<b>Conclusion</b>  
The Basic Form Dwelling Policy specifically offers coverage on a named peril basis, protecting against losses from only the perils listed in the policy. In contrast, it does not include liability coverage, additional living expenses, or replacement cost recovery, which are features of other policy types. Understanding these distinctions is crucial for homeowners seeking to adequately insure their properties against specific risks.",,Regular,
Real Estate Licensing Exams,Salesperson and Broker License Exam,Maryland Real Estate Exams,Maryland Real Estate Study Questions,,The elimination of a hazard is an example of risk,Avoidance,Transfer,Pooling,Retention,,,,A,"<h2>Avoidance</h2>  
Eliminating a hazard directly corresponds with the risk management strategy known as avoidance, which seeks to eliminate potential risks altogether rather than merely mitigating or transferring them.

<b>A) Avoidance</b>  
Avoidance specifically refers to the proactive approach of eliminating a hazard or the associated activity that presents risk. By removing the source of the risk entirely, organizations can ensure that the negative outcomes do not occur at all, exemplifying a clear risk management strategy.

<b>B) Transfer</b>  
Transfer involves shifting the responsibility or financial consequences of a risk to another party, such as through insurance or outsourcing. This does not eliminate the hazard but rather redistributes the risk, maintaining the potential for negative outcomes.

<b>C) Pooling</b>  
Pooling refers to the practice of combining resources or risks among multiple parties to manage exposure collectively. This strategy does not eliminate hazards but rather shares the risk, allowing for diversification and potentially reducing individual exposure.

<b>D) Retention</b>  
Retention is the strategy of accepting the risk when the costs of mitigation are greater than the potential loss. This approach does not eliminate the hazard but acknowledges it and prepares to deal with the consequences if they occur.

<b>Conclusion</b>  
Risk management encompasses various strategies, including avoidance, transfer, pooling, and retention. Among these, avoidance is the only strategy that effectively eliminates a hazard, preventing any associated risk from manifesting. Understanding these distinctions is essential for effective risk management and ensuring organizational safety.",,Regular,
Real Estate Licensing Exams,Salesperson and Broker License Exam,Maryland Real Estate Exams,Maryland Real Estate Practice Test,,Any information that a covered entity has a reasonable basis to believe is lawfully made available to the general public is the definition of,Publicly available information,Consumer privacy information,Nonpublic personal financial information,Personally identifiable financial information,,,,A,"<h2>Any information that a covered entity has a reasonable basis to believe is lawfully made available to the general public is the definition of publicly available information.</h2>  
This definition highlights that such information is accessible to the public and not subject to privacy restrictions, making it distinct from other types of sensitive or personal data.

<b>A) Publicly available information</b>  
This choice accurately reflects the definition provided in the question. Publicly available information is any data that a covered entity can reasonably ascertain is lawfully accessible to the general public, thus not subject to the same privacy concerns as other types of information.

<b>B) Consumer privacy information</b>  
Consumer privacy information refers to data that pertains to an individual's private details and is protected under various privacy laws. This type of information is not considered publicly available, as it is meant to be kept confidential and secure from unauthorized access.

<b>C) Nonpublic personal financial information</b>  
Nonpublic personal financial information includes sensitive financial details about individuals that are not available to the public. This type of information is specifically protected under regulations to ensure consumer privacy and prevent misuse, differentiating it entirely from publicly available information.

<b>D) Personally identifiable financial information</b>  
Personally identifiable financial information encompasses data that can identify an individual and is closely linked to their financial status, such as bank account details or credit card numbers. This information is also not publicly available and is protected under privacy laws, contrasting with the definition of publicly available information.

<b>Conclusion</b>  
Publicly available information is defined as data that a covered entity believes is lawfully accessible to the general public, distinguishing it from sensitive information types like consumer privacy information, nonpublic personal financial information, and personally identifiable financial information. Understanding these distinctions is crucial for compliance with privacy regulations and for safeguarding consumer rights.",,Regular,
Real Estate Licensing Exams,Salesperson and Broker License Exam,Maryland Real Estate Exams,Maryland Real Estate Study Questions,,"Risks with adverse loss experience, unusual risks, and those for which there is a shortage of capacity within the standard market, would typically buy a",claims made policy,Surplus Lines Insurance Policy,smaller deductible,flat coverage,,,,B,"<h2>Surplus Lines Insurance Policy is typically purchased for risks with adverse loss experience and unusual risks.</h2>  
Surplus lines insurance is designed to cover unique or high-risk scenarios that are not adequately addressed by standard market insurers. These policies allow for greater flexibility in underwriting and can accommodate coverage for risks that are otherwise difficult to insure.

<b>A) claims made policy</b>  
A claims made policy refers to an insurance contract that provides coverage only for claims made during the policy period. While this type of policy can be useful, it does not specifically address the challenges associated with unusual or high-risk exposures, making it inappropriate for the context of adverse loss experiences.

<b>B) Surplus Lines Insurance Policy</b>  
Surplus lines insurance is specifically tailored for risks that are non-standard or have adverse loss histories, allowing insurers to take on coverage that typical carriers would avoid. This type of policy is essential for businesses facing unique challenges that exceed the capacity of the standard insurance market.

<b>C) smaller deductible</b>  
A smaller deductible is a feature that may appeal to policyholders looking to reduce out-of-pocket expenses in the event of a claim. However, it does not inherently relate to the type of policy needed for high-risk situations, as the deductible amount does not dictate the availability or suitability of coverage for unusual risks.

<b>D) flat coverage</b>  
Flat coverage is a term that typically refers to a standard level of insurance protection without customization. It tends not to be suited for unusual risks or adverse loss experiences, as these situations often require specialized terms and conditions that flat coverage cannot provide.

<b>Conclusion</b>  
In summary, the Surplus Lines Insurance Policy is the most appropriate choice for businesses facing adverse loss experiences and unique risks, as it offers specialized coverage that standard market insurers cannot accommodate. Other options, such as claims made policies, smaller deductibles, or flat coverage, do not effectively address the complexities associated with insuring these high-risk scenarios.",,Regular,
Real Estate Licensing Exams,Salesperson and Broker License Exam,Maryland Real Estate Exams,Maryland Real Estate Practice Test,,Bonds used in connection with court proceedings are called,Contract bonds,Performance bonds,Supply bonds,Judicial bonds,,,,D,"<h2>Judicial bonds are used in connection with court proceedings.</h2>  
Judicial bonds are specifically designed to secure the performance of obligations in legal contexts, ensuring compliance with court orders or legal judgments. These bonds serve as a guarantee that the party will adhere to the terms set forth by the court.

<b>A) Contract bonds</b>  
Contract bonds are typically used in construction and service contracts to ensure that the contractor will fulfill their obligations. While they are important in business transactions, they do not pertain directly to court proceedings or judicial requirements, making them unsuitable in this context.

<b>B) Performance bonds</b>  
Performance bonds ensure that a contractor completes a project according to the contract terms. Similar to contract bonds, they are related to business agreements rather than the legal obligation context of court proceedings, thus failing to meet the specific criteria for bonds used in a judicial setting.

<b>C) Supply bonds</b>  
Supply bonds guarantee that a supplier will deliver goods or services as agreed upon in a contract. While they are crucial for ensuring supply chain integrity, they are not associated with legal obligations or court proceedings, which distinguishes them from judicial bonds used in the legal system.

<b>D) Judicial bonds</b>  
Judicial bonds specifically address obligations arising from court proceedings, such as appeals or the enforcement of judgments. They are integral to ensuring compliance with legal rulings, making them the correct answer to the question regarding bonds associated with court proceedings.

<b>Conclusion</b>  
Judicial bonds are uniquely tailored to the legal system, serving as a guarantee for compliance with court mandates. In contrast, contract bonds, performance bonds, and supply bonds are primarily focused on commercial agreements and do not fulfill the specific requirements of court-related obligations. Understanding the distinct roles of these bonds is essential for navigating legal and business environments effectively.",,Regular,
Real Estate Licensing Exams,Salesperson and Broker License Exam,Maryland Real Estate Exams,Maryland Real Estate Study Questions,,"Under a Homeowners Policy, if fire damage makes an insured dwelling uninhabitable, the insured may be compensated for additional living expense under which one of the following coverages?",Dwelling,Personal property,Personal liability,Loss of use,,,,D,"<h2>Loss of use coverage compensates for additional living expenses when a dwelling is uninhabitable due to fire damage.</h2>  
This coverage is specifically designed to provide financial assistance for living expenses incurred while the insured property is being repaired or rebuilt, ensuring the policyholder can maintain a standard of living during this period.

<b>A) Dwelling</b>  
Dwelling coverage protects the physical structure of the home itself against covered perils, such as fire. However, it does not provide compensation for additional living expenses incurred when the home is uninhabitable; that is the role of loss of use coverage.

<b>B) Personal property</b>  
Personal property coverage safeguards the contents within the home, such as furniture and electronics, from damage caused by perils like fire. This coverage does not address living expenses or the costs associated with temporary housing if the home becomes uninhabitable.

<b>C) Personal liability</b>  
Personal liability coverage protects the insured against claims of bodily injury or property damage to others for which they are legally responsible. This type of coverage does not relate to the insured's own living situation or additional living expenses incurred due to fire damage to their own home.

<b>D) Loss of use</b>  
Loss of use coverage is the appropriate option as it specifically compensates for additional living expenses when the insured dwelling becomes uninhabitable due to a covered loss, such as fire damage. This allows the insured to cover costs like temporary housing and increased living expenses during the repair process.

<b>Conclusion</b>  
In summary, loss of use coverage is essential for homeowners facing temporary displacement due to fire damage, as it provides necessary financial support for additional living expenses. Other coverage types, such as dwelling, personal property, and personal liability, focus on protecting the home structure and contents, but do not offer assistance for living expenses incurred during the period the home is uninhabitable.",,Regular,
Real Estate Licensing Exams,Salesperson and Broker License Exam,Maryland Real Estate Exams,Maryland Real Estate Practice Test,,Property damaged by fire is a,An uninsurable loss,A consequential loss,A direct loss,An indirect loss,,,,C,"<h2>A direct loss.</h2>  
A property damaged by fire is classified as a direct loss because it involves the physical destruction or damage to the property itself, resulting in a loss of value. This type of loss contrasts with other categories that may involve indirect effects or consequences rather than immediate physical damage.

<b>A) An uninsurable loss</b>  
An uninsurable loss refers to a type of risk or damage that insurance policies do not cover, such as certain natural disasters or losses arising from illegal activities. Fire damage is typically insurable under standard property insurance policies, making this choice inaccurate in the context of fire-related property damage.

<b>B) A consequential loss</b>  
Consequential losses arise from the indirect effects of a direct loss, such as lost income due to business interruption after a fire. While fire damage can lead to consequential losses, the damage itself is classified as a direct loss, not a consequential one. Thus, this choice does not accurately describe the nature of property damage caused by fire.

<b>C) A direct loss</b>  
Direct loss is characterized by the immediate damage to property, such as the destruction of a building or its contents due to fire. This classification specifically addresses the physical impact of the fire, distinguishing it from losses that result from subsequent effects or indirect consequences.

<b>D) An indirect loss</b>  
An indirect loss results from the repercussions of a direct loss rather than the initial damage itself. For example, if a business suffers a fire and subsequently loses revenue while repairs are made, that loss is indirect. Since the question focuses on the damage caused by fire itself, this choice does not apply.

<b>Conclusion</b>  
In summary, fire damage to property is categorized as a direct loss as it involves the immediate physical destruction of the property, affecting its value directly. Other classifications, such as uninsurable, consequential, or indirect losses, pertain to different aspects of damage or financial impact and do not accurately represent the primary nature of property damage caused by fire.",,Regular,
Real Estate Licensing Exams,Salesperson and Broker License Exam,Maryland Real Estate Exams,Maryland Real Estate Study Questions,,"To secure authority to solicit insurance products in the state of Maryland, an insurance company must secure a certificate of authority from:",The Maryland Insurance Commissioner,The National Association of Insurance Commissioners (NAIC),The Governor of Maryland,The Maryland Chamber of Commerce,,,,A,"<h2>The Maryland Insurance Commissioner.</h2>  
To operate legally and solicit insurance products in Maryland, an insurance company must obtain a certificate of authority from the Maryland Insurance Commissioner, who oversees the regulation of the insurance industry in the state.

<b>A) The Maryland Insurance Commissioner</b>  
This option is correct as the Maryland Insurance Commissioner is the designated authority responsible for granting certificates of authority to insurance companies. This ensures that the companies comply with state laws and regulations governing the insurance sector.

<b>B) The National Association of Insurance Commissioners (NAIC)</b>  
The NAIC is a collective of state insurance regulators that sets standards and coordinates regulatory practices among states, but it does not issue certificates of authority. Instead, each state's insurance commissioner, like Maryland's, is responsible for licensing insurance companies operating within its jurisdiction.

<b>C) The Governor of Maryland</b>  
While the Governor may influence state legislation and regulations indirectly, the authority to issue certificates of authority specifically rests with the Maryland Insurance Commissioner. The Governor does not have a direct role in the regulation of insurance companies.

<b>D) The Maryland Chamber of Commerce</b>  
The Maryland Chamber of Commerce is a business advocacy group that supports the interests of businesses in Maryland, but it does not have regulatory powers over the insurance industry. It does not issue licenses or certificates of authority needed by insurance companies.

<b>Conclusion</b>  
To solicit insurance products in Maryland, an insurance company must secure a certificate of authority from the Maryland Insurance Commissioner, who serves as the regulatory authority in this domain. Other entities like the NAIC, the Governor, and the Chamber of Commerce do not have the power to grant such authority, highlighting the specific role of the Commissioner in maintaining the integrity of the insurance market.",,Regular,
Real Estate Licensing Exams,Salesperson and Broker License Exam,Maryland Real Estate Exams,Maryland Real Estate Practice Test,,All dwelling property forms exclude,loss caused by wind,intentional loss,glass breakage,fire,,,,B,"<h2>All dwelling property forms exclude intentional loss.</h2>  
Dwelling property forms typically cover various types of losses, but intentional loss is specifically excluded from coverage, as this type of loss is considered a deliberate act by the insured.

<b>A) loss caused by wind</b>  
Losses caused by wind are generally covered under dwelling property forms, as these policies are designed to protect against natural disasters and environmental hazards that can damage a home. Wind damage falls under the category of perils typically insured against in standard homeowner policies.

<b>B) intentional loss</b>  
Intentional loss is excluded from dwelling property forms because insurance is not meant to cover damage or destruction caused by actions taken by the insured themselves. This exclusion is meant to prevent fraud and ensure that policyholders do not gain from losses they have deliberately caused.

<b>C) glass breakage</b>  
Glass breakage is often covered under dwelling property forms, as it is a common risk associated with property ownership. Many policies include specific coverage for broken windows and glass doors unless otherwise stated in the policy exclusions.

<b>D) fire</b>  
Fire damage is typically covered by dwelling property forms, as it is one of the primary perils that homeowners insure against. Policies often include provisions for losses due to fire, making it a standard aspect of property insurance coverage.

<b>Conclusion</b>  
In summary, dwelling property forms provide coverage for a range of risks, including natural disasters and accidental damages like fire and wind loss. However, intentional loss is excluded, as it involves a willful act by the insured that contradicts the principles of insurance. Understanding these exclusions is crucial for homeowners to ensure they have the appropriate coverage for their property.",,Regular,
Real Estate Licensing Exams,Salesperson and Broker License Exam,Maryland Real Estate Exams,Maryland Real Estate Study Questions,,"Under the Personal Auto Policy, glass breakage caused when a bird collides with the windshield is covered by:",Specified perils coverage,Collision coverage,Supplementary payments coverage,Other than collision coverage,,,,D,"<h2>Under the Personal Auto Policy, glass breakage caused when a bird collides with the windshield is covered by other than collision coverage.</h2>  
Other than collision coverage, also known as comprehensive coverage, protects against damages to the vehicle that are not the result of a collision, including incidents like bird strikes. This type of coverage is essential for ensuring that drivers are protected against various unforeseen events that can damage their vehicle.

<b>A) Specified perils coverage</b>  
Specified perils coverage is a limited form of comprehensive coverage that only covers certain listed risks. While it may include some types of non-collision damage, it does not universally cover all incidents, such as a bird colliding with the windshield. Therefore, it does not offer the broad protection provided by other than collision coverage.

<b>B) Collision coverage</b>  
Collision coverage applies specifically to damages resulting from a collision with another vehicle or object, including rollovers. Since the damage from a bird strike does not involve a collision with another vehicle, this type of coverage would not apply in this scenario, making it an incorrect choice.

<b>C) Supplementary payments coverage</b>  
Supplementary payments coverage is not a type of damage coverage but rather provides extra benefits such as coverage for legal fees or costs associated with bonds in certain situations. It does not cover physical damage to the vehicle itself, such as glass breakage from a bird collision, and is thus not applicable here.

<b>D) Other than collision coverage</b>  
Other than collision coverage, also referred to as comprehensive coverage, includes protection for damages caused by incidents like falling objects, theft, vandalism, and animal strikes. This makes it the appropriate coverage for glass breakage caused by a bird collision, as it encompasses a wide range of non-collision-related incidents.

<b>Conclusion</b>  
In summary, the Personal Auto Policy offers various types of coverage, but for incidents like a bird colliding with the windshield, other than collision coverage is the relevant protection. This coverage ensures that drivers are safeguarded against a variety of risks that fall outside the typical collision scenarios, thereby providing comprehensive protection for their vehicles.",,Regular,
Real Estate Licensing Exams,Salesperson and Broker License Exam,Maryland Real Estate Exams,Maryland Real Estate Practice Test,,"Under the Farm Liability Coverage Form, all of the following are covered without an endorsement EXCEPT",Medical payments,Personal injury liability,Property damage liability,Workers' compensation liability,,,,D,"<h2>Workers' compensation liability is not covered under the Farm Liability Coverage Form without an endorsement.</h2>  
The Farm Liability Coverage Form typically provides coverage for many types of liabilities, but workers' compensation liability specifically requires a separate policy or endorsement, as it deals with injuries to employees rather than third-party claims.

<b>A) Medical payments</b>  
Medical payments coverage is included in the Farm Liability Coverage Form, providing no-fault coverage for medical expenses incurred by others due to farm-related incidents. This coverage is designed to address immediate medical needs without the necessity of establishing liability, making it a standard inclusion of the policy.

<b>B) Personal injury liability</b>  
Personal injury liability is also covered under the Farm Liability Coverage Form, protecting the insured against claims of non-physical injuries, such as defamation or invasion of privacy. This type of coverage is integral to general liability policies and is included without requiring an endorsement.

<b>C) Property damage liability</b>  
Property damage liability coverage is included in the Farm Liability Coverage Form, as it addresses situations where the insured causes damage to another person's property. This coverage is essential for protecting farmers against claims arising from their operations, making it a standard feature of the policy.

<b>D) Workers' compensation liability</b>  
Workers' compensation liability is not included in the Farm Liability Coverage Form and requires a separate policy or endorsement. This type of liability pertains specifically to injuries suffered by employees while on the job, which is distinctly different from general liability coverage that addresses third-party claims.

<b>Conclusion</b>  
Understanding the distinctions in liability coverage is crucial for farm operations. While medical payments, personal injury, and property damage liabilities are covered under the Farm Liability Coverage Form, workers' compensation liability stands apart and necessitates additional coverage. This differentiation ensures that farmers are adequately protected against the diverse risks associated with their operations while adhering to legal requirements for employee protections.",,Regular,
Real Estate Licensing Exams,Salesperson and Broker License Exam,Maryland Real Estate Exams,Maryland Real Estate Study Questions,,The Garagekeepers Coverage under the Garage Coverage Form,Covers damage to products sold for sale,Replaces the Garage Liability Policy,"Covers damage to customers' vehicles in the insured's care, custody, or control",Covers owned vehicles on a primary basis,,,,C,"<h2>Covers damage to customers' vehicles in the insured's care, custody, or control.</h2>  
Garagekeepers Coverage is specifically designed to protect the insured from liability for damages to vehicles owned by customers while those vehicles are in the insured's care, custody, or control. This coverage is essential for businesses like auto repair shops or parking garages that handle clients' vehicles.

<b>A) Covers damage to products sold for sale</b>  
This choice refers to coverage that would protect inventory or merchandise that a business sells, which is not the purpose of Garagekeepers Coverage. Instead, Garagekeepers Coverage focuses on vehicles belonging to customers rather than products that the insured sells.

<b>B) Replaces the Garage Liability Policy</b>  
Garagekeepers Coverage does not replace the Garage Liability Policy; rather, it complements it. The Garage Liability Policy provides liability protection for business operations, while Garagekeepers Coverage specifically addresses damage to customers' vehicles, making them distinct and necessary coverages.

<b>C) Covers damage to customers' vehicles in the insured's care, custody, or control</b>  
This is the correct response as it accurately describes the main function of Garagekeepers Coverage. It provides financial protection for damages that may occur to customers' vehicles while those vehicles are being serviced or stored by the insured, thereby mitigating potential liability risks.

<b>D) Covers owned vehicles on a primary basis</b>  
This option suggests that Garagekeepers Coverage applies primarily to the insured's own vehicles, which is incorrect. Garagekeepers Coverage is intended for protecting customers' vehicles, not the insured's owned vehicles. The coverage for owned vehicles is typically addressed under different auto insurance policies.

<b>Conclusion</b>  
Garagekeepers Coverage is crucial for businesses that handle customer vehicles, providing essential protection against damage while those vehicles are in the insured's care. The correct understanding of this coverage highlights its focus on customer vehicles, while the other choices either misrepresent its scope or incorrectly define its purpose. This clarity ensures businesses can adequately protect themselves from potential liabilities arising from their operations.",,Regular,
Real Estate Licensing Exams,Salesperson and Broker License Exam,Maryland Real Estate Exams,Maryland Real Estate Practice Test,,The personal liability supplement to the dwelling policy provides all of the following as additional coverages EXCEPT,Loss assessment,Claim expenses,First aid expenses,Damage to property of others,,,,A,"<h2>Loss assessment is not covered by the personal liability supplement to the dwelling policy.</h2>  
The personal liability supplement to a dwelling policy typically covers claim expenses, first aid expenses, and damage to property of others, but it does not include loss assessment as an additional coverage. Loss assessment pertains to the policyholder's share of loss in a group setting, which is not included in the standard coverage of personal liability supplements.

<b>A) Loss assessment</b>  
Loss assessment is a specific coverage that addresses the policyholder's liability for assessments made by a homeowners association or similar entity. This coverage is generally offered as an optional endorsement rather than being included in the basic personal liability supplement. Therefore, it does not qualify as an additional coverage under the personal liability supplement.

<b>B) Claim expenses</b>  
Claim expenses are costs incurred while handling a claim, such as legal fees or court costs. This coverage is expressly included in the personal liability supplement to ensure that the policyholder is financially protected while defending against claims made against them, making it a standard part of the policy.

<b>C) First aid expenses</b>  
First aid expenses cover medical costs for injuries sustained by others on the insured's property, which is a feature of the personal liability supplement. This coverage assists the insured in addressing immediate medical needs without waiting for liability determination, reinforcing the policy's protective intent.

<b>D) Damage to property of others</b>  
Damage to property of others provides coverage for damages caused by the insured to someone else's property, which is a fundamental aspect of personal liability protection. This coverage is vital in protecting the insured from financial repercussions due to accidental damage they may cause.

<b>Conclusion</b>  
The personal liability supplement to a dwelling policy is designed to cover specific liabilities, including claim expenses, first aid expenses, and damage to property of others. However, loss assessment is not included as an additional coverage, making it the exception in this context. Understanding these distinctions is essential for policyholders to ensure they have the appropriate coverage for their needs.",,Regular,
Real Estate Licensing Exams,Salesperson and Broker License Exam,Maryland Real Estate Exams,Maryland Real Estate Study Questions,,A covered employee or dependent of a covered employee is denied compensation and benefits under Workers' Compensation as a result of all of the following EXCEPT an,attempt to injure or kill another resulting in injury to the covered employee,accidental injury that occurred solely due to the effect of illegal drugs on the covered employee,accidental injury that is a result of the intoxication of the covered employee while on duty,error made by another employee that caused an accidental injury to the covered employee,,,,D,"<h2>error made by another employee that caused an accidental injury to the covered employee</h2>  
In the context of Workers' Compensation, an employee is typically entitled to benefits for injuries sustained while performing their job duties, even if those injuries result from the actions of another employee. This situation does not fall under the exceptions that deny compensation and benefits.

<b>A) attempt to injure or kill another resulting in injury to the covered employee</b>  
If a covered employee is injured while attempting to harm another, this is considered an intentional act that falls outside the scope of Workers' Compensation benefits. The law does not provide coverage for injuries that occur due to the employee's own deliberate misconduct.

<b>B) accidental injury that occurred solely due to the effect of illegal drugs on the covered employee</b>  
Injuries sustained while under the influence of illegal drugs typically result in the denial of Workers' Compensation benefits, as the employee's impairment is viewed as a contributing factor to the accident. This is seen as a violation of workplace safety standards.

<b>C) accidental injury that is a result of the intoxication of the covered employee while on duty</b>  
Similar to illegal drugs, being intoxicated while on duty is grounds for denying benefits under Workers' Compensation. If an employee's injury is directly linked to their intoxication, it is considered a self-inflicted circumstance that disqualifies them from receiving compensation.

<b>D) error made by another employee that caused an accidental injury to the covered employee</b>  
When an injury occurs due to the negligence or mistake of another employee, the injured party is still eligible for Workers' Compensation benefits. This principle ensures that employees are protected against workplace accidents that are not their fault, fostering a safer work environment.

<b>Conclusion</b>  
Workers' Compensation is designed to protect employees injured on the job, regardless of fault, except in cases involving intentional harm, impairment from illegal substances, or intoxication. The only situation listed that does not deny benefits is when an injury results from an error made by another employee, affirming the system's commitment to employee welfare in the workplace.",,Regular,
Real Estate Licensing Exams,Salesperson and Broker License Exam,Maryland Real Estate Exams,Maryland Real Estate Practice Test,,Which is eligible to be covered on a replacement cost basis by a Homeowners Policy endorsement?,A two-year old television set,A baseball card collection,A spoon from the 1930's World's Fair,An antique sewing machine,,,,A,"<h2>A two-year old television set.</h2>  
A homeowners policy endorsement typically covers personal property on a replacement cost basis, which means the insured will receive the cost to replace the item with a new equivalent rather than its depreciated value. A two-year-old television set falls under this category as it is relatively new and can be replaced with a similar model at current market prices.

<b>A) A two-year old television set</b>  
This option is eligible for coverage on a replacement cost basis because it is a modern item that can be easily replaced with a new television of similar kind and quality at current market prices.

<b>B) A baseball card collection</b>  
While collectible items can be insured, they are often valued based on market value or appraisal rather than replacement cost. If the collection includes older or rare cards, their value may not reflect the cost to replace them, making them ineligible for replacement cost coverage under standard homeowners policy endorsements.

<b>C) A spoon from the 1930's World's Fair</b>  
This item is considered an antique and would typically be valued based on its historical significance and collectible market value. Like the baseball card collection, it is unlikely to be covered on a replacement cost basis, as the replacement cost would not accurately reflect its unique and potentially higher market value.

<b>D) An antique sewing machine</b>  
Similar to the spoon, an antique sewing machine is valued for its age and rarity rather than its ability to be replaced with a new equivalent. Antique items often do not qualify for replacement cost coverage due to their collectible nature and the specific values associated with them.

<b>Conclusion</b>  
In summary, the eligibility for coverage on a replacement cost basis under a homeowners policy endorsement is limited to items that can be easily replaced with modern equivalents. Among the choices, only the two-year-old television set qualifies, as it is a contemporary item that can be substituted with a similar model at current prices, while the other options involve antiques or collectibles that fall under different valuation methods.",,Regular,
Real Estate Licensing Exams,Salesperson and Broker License Exam,Maryland Real Estate Exams,Maryland Real Estate Study Questions,,The Watercraft Liability Coverage endorsement to the Homeowners policy may provide liability coverage for all of the following EXCEPT,Watercraft powered by inboard motors,Inboard watercraft rented to others,Any watercraft scheduled on the endorsement,"A sailing vessel, with or without auxiliary power",,,,B,"<h2>Inboard watercraft rented to others is not covered by the Watercraft Liability Coverage endorsement.</h2>  
The Watercraft Liability Coverage endorsement primarily extends liability coverage to certain types of watercraft; however, it explicitly excludes coverage for watercraft that are rented to others, which is an important limitation for homeowners.

<b>A) Watercraft powered by inboard motors</b>  
Watercraft powered by inboard motors are typically covered under the Watercraft Liability Coverage endorsement, provided they meet the specified criteria and are not rented to others. The endorsement aims to offer protection for various types of watercraft, including those with inboard motors, as long as they are owned by the policyholder.

<b>B) Inboard watercraft rented to others</b>  
Inboard watercraft rented to others is excluded from coverage under the Watercraft Liability Coverage endorsement. This exclusion reflects the underwriting principles of homeowners insurance, which aims to limit liability exposure associated with rental activities, thus protecting the insurer from higher risk scenarios.

<b>C) Any watercraft scheduled on the endorsement</b>  
Any watercraft that is specifically scheduled on the endorsement is covered, as these vessels are listed and approved by the insurer. Scheduling allows for tailored coverage that meets the needs of the policyholder, ensuring that all listed watercraft receive the appropriate liability protection.

<b>D) A sailing vessel, with or without auxiliary power</b>  
A sailing vessel, regardless of whether it has auxiliary power, is also covered under the endorsement if it falls within the guidelines set by the insurer. This inclusion supports the principle of providing liability insurance for various types of watercraft that an insured individual may own.

<b>Conclusion</b>  
The Watercraft Liability Coverage endorsement to a Homeowners policy provides specific liability protections for various types of watercraft, but notably excludes inboard watercraft rented to others. Understanding these limitations is crucial for homeowners seeking to manage their insurance coverage effectively while ensuring they are adequately protected against potential liabilities associated with watercraft ownership.",,Regular,
Real Estate Licensing Exams,Salesperson and Broker License Exam,Maryland Real Estate Exams,Maryland Real Estate Practice Test,,The Homeowners HO 3 Policy covers direct physical losses to a dwelling caused by:,Falling objects,Rust,Latent defects,Earth movement,,,,A,"<h2>Falling objects are covered by the Homeowners HO 3 Policy.</h2>  
The Homeowners HO 3 Policy provides coverage for direct physical losses to a dwelling, including damages caused by falling objects, making it a key aspect of the policy's protection for homeowners.

<b>A) Falling objects</b>  
This choice is correct as the HO 3 Policy explicitly covers damages resulting from falling objects, such as trees or branches, that may strike the dwelling and cause physical damage. This coverage is an essential protection feature of the policy.

<b>B) Rust</b>  
Rust is generally not covered by the HO 3 Policy since it is considered a result of wear and tear or lack of maintenance, which the policy typically excludes. Coverage focuses on sudden and accidental damages rather than gradual deterioration.

<b>C) Latent defects</b>  
Latent defects refer to hidden flaws in the construction or materials that are not immediately apparent. The HO 3 Policy does not cover such defects as they are seen as pre-existing conditions, not direct physical losses caused by a specific peril.

<b>D) Earth movement</b>  
Earth movement, such as earthquakes or landslides, is excluded from the standard HO 3 Policy. Homeowners would need additional coverage or riders to protect against losses resulting from these types of events, as they are not considered direct physical losses covered under the policy.

<b>Conclusion</b>  
The Homeowners HO 3 Policy is designed to protect homeowners from a variety of direct physical losses, with falling objects being one of the included perils. In contrast, rust, latent defects, and earth movement are either excluded or result from conditions not covered by the policy. Understanding these distinctions helps homeowners make informed decisions about their insurance coverage and necessary endorsements for comprehensive protection.",,Regular,
Real Estate Licensing Exams,Salesperson and Broker License Exam,Maryland Real Estate Exams,Maryland Real Estate Study Questions,,Providing false information on an insurance application is known as,Misrepresentation,Fraudulent advertising,Illegal inducement,Illegal procurement,,,,A,"<h2>Providing false information on an insurance application is known as misrepresentation.</h2>  
Misrepresentation occurs when an applicant provides inaccurate or misleading information during the insurance application process, which can ultimately affect the insurer's decision to provide coverage or the terms of that coverage.

<b>A) Misrepresentation</b>  
This choice correctly identifies the act of providing false information on an insurance application. Misrepresentation can be intentional or unintentional and can lead to serious consequences, including policy cancellation or denial of claims.

<b>B) Fraudulent advertising</b>  
Fraudulent advertising refers to the dissemination of false or misleading information about a product or service to entice consumers. This term applies to marketing practices rather than the actions of an individual applying for insurance, making it irrelevant to the context of insurance applications.

<b>C) Illegal inducement</b>  
Illegal inducement involves coercing or bribing someone to act in a way that is unlawful or unethical, typically related to gaining business unfairly. This term does not specifically pertain to providing false information in an application, which is more accurately described as misrepresentation.

<b>D) Illegal procurement</b>  
Illegal procurement generally refers to obtaining something through unlawful means, such as bribery or corruption. While it may cover a wider range of unethical practices, it does not specifically address the act of giving false information on an insurance application, which is more precisely termed misrepresentation.

<b>Conclusion</b>  
Misrepresentation is the accurate term for providing false information on an insurance application, as it directly addresses the applicant's duty to disclose truthful information. Other choices, while related to unethical practices, do not specifically capture the act of misrepresentation in the context of insurance, highlighting the importance of honesty in the application process to maintain policy validity.",,Regular,
Real Estate Licensing Exams,Salesperson and Broker License Exam,Maryland Real Estate Exams,Maryland Real Estate Practice Test,,An Earthquake Endorsement to a Homeowners Policy defines a single earthquake as all earthquake shocks that occur within a,12-hour period,24-hour period,48-hour period,72-hour period,,,,D,"<h2>An Earthquake Endorsement to a Homeowners Policy defines a single earthquake as all earthquake shocks that occur within a 72-hour period.</h2>  
This definition helps to clarify the coverage provided by the endorsement, allowing multiple shocks occurring within a specified timeframe to be treated as a single event, which is crucial for determining claims and payouts.

<b>A) 12-hour period</b>  
A 12-hour period is too short to encompass the duration over which multiple earthquake shocks can occur, especially in regions prone to seismic activity. This timeframe would likely fragment claims unnecessarily, creating complications for policyholders.

<b>B) 24-hour period</b>  
While a 24-hour period allows for some coordination of shocks, it still may not adequately capture the full extent of seismic activity that can happen in quick succession. Many earthquakes can have shocks that persist beyond this timeframe, meaning that a 24-hour definition might leave significant events unaccounted for in claims.

<b>C) 48-hour period</b>  
A 48-hour period is an improvement over the previous options but still may not fully encompass the duration of aftershocks and related seismic events. This timeframe could potentially overlook significant clusters of earthquakes that occur just outside this window, leading to confusion and possible underinsurance.

<b>D) 72-hour period</b>  
The 72-hour period is the standard definition used in earthquake endorsements, effectively capturing the intensity and sequence of seismic shocks that may occur close together. This timeframe allows for a more comprehensive assessment of damage and ensures that policyholders can fully benefit from their coverage.

<b>Conclusion</b>  
In summary, the definition of a single earthquake as encompassing all shocks within a 72-hour period offers a clear and practical framework for homeowners insurance policies. This specification helps policyholders understand their coverage and ensures that claims reflect the realities of seismic activity. Shorter periods may lead to inadequate protection and confusion in claims processing, making the 72-hour definition essential for effective earthquake insurance.",,Regular,
Real Estate Licensing Exams,Salesperson and Broker License Exam,Maryland Real Estate Exams,Maryland Real Estate Study Questions,,The manual rates for workers' compensation policies are determined by each individual employer's,Income benefits,Business or work classifications,Premiums discounts,Anticipated rehabilitation requirements,,,,B,"<h2>Business or work classifications determine the manual rates for workers' compensation policies.</h2>  
The manual rates for workers' compensation are primarily based on the nature of the work performed by employees, which is categorized through specific business or work classifications. These classifications help insurers assess the risk associated with different types of work and set appropriate premium rates accordingly.

<b>A) Income benefits</b>  
Income benefits refer to the payments made to employees who are unable to work due to a work-related injury or illness. While important in the context of workers' compensation, these benefits are not used to determine the manual rates; instead, they are a consequence of the policy once it is in effect.

<b>C) Premiums discounts</b>  
Premium discounts may be offered by insurance companies as incentives for safe work practices or loss prevention programs, but they do not play a role in the initial determination of manual rates. The manual rates are set based on risk factors associated with specific job classifications, independent of any discounts that may apply later.

<b>D) Anticipated rehabilitation requirements</b>  
Anticipated rehabilitation requirements involve the support and services that may be needed for an injured worker to return to work. Although important for managing claims, these requirements do not influence the setting of manual rates, which are based on the classification of the work performed rather than the potential rehabilitation needs of injured workers.

<b>Conclusion</b>  
In conclusion, manual rates for workers' compensation policies are fundamentally based on business or work classifications, which categorize the risk associated with various job types. While income benefits, premium discounts, and anticipated rehabilitation requirements are all relevant aspects of the workers' compensation system, they do not impact the initial rate-setting process. Understanding the classification system is essential for employers to accurately assess their workers' compensation costs.",,Regular,
Real Estate Licensing Exams,Salesperson and Broker License Exam,Maryland Real Estate Exams,Maryland Real Estate Practice Test,,The Causes of Loss-Basic Form of the Commercial Property Policy covers,Earthquake,Flood,Lightning,Power failure off the insured premises,,,,C,"<h2>Lightning is covered under the Causes of Loss-Basic Form of the Commercial Property Policy.</h2>  
The Causes of Loss-Basic Form provides coverage for specific perils, one of which is lightning, thereby protecting businesses from damage caused by this natural event. This form is designed to cover a limited set of risks and helps businesses mitigate losses from certain predictable threats.

<b>A) Earthquake</b>  
Earthquake is typically not covered under the Causes of Loss-Basic Form. Instead, it usually requires a separate policy or endorsement due to the significant risk and potential for catastrophic damage associated with seismic events. As such, businesses must actively seek additional coverage to protect against earthquake-related losses.

<b>B) Flood</b>  
Similar to earthquakes, flood damage is not included in the Causes of Loss-Basic Form. Flood insurance is often provided through separate policies, such as those under the National Flood Insurance Program (NFIP), due to the unique and extensive risk it poses. Businesses must plan accordingly to secure this vital coverage, as it is excluded from most standard commercial property policies.

<b>D) Power failure off the insured premises</b>  
A power failure occurring off the insured premises is also not covered by the Causes of Loss-Basic Form. This exclusion reflects the policy's focus on direct damage to property rather than indirect effects resulting from external power outages. Losses incurred due to off-premises power issues often require specialized coverage options that are not included in standard commercial policies.

<b>Conclusion</b>  
The Causes of Loss-Basic Form of the Commercial Property Policy offers coverage for specific perils, including lightning, which can directly cause damage to insured property. In contrast, perils like earthquake, flood, and off-premises power failures are excluded, necessitating separate coverage solutions to address these additional risks. Businesses must understand their specific coverage options to ensure comprehensive protection against various hazards.",,Regular,
Real Estate Licensing Exams,Salesperson and Broker License Exam,Maryland Real Estate Exams,Maryland Real Estate Study Questions,,An insurance producer may NOT act on the behalf of an insurer UNLESS the,insurer has completed a background investigation of the producer,insurance producer has obtained Errors and Omissions coverage,insurer has appointed the producer and entered the appointment on the insurer's producer register,"insurance producer has obtained a $10,000 surety bond to benefit the insurer for any loss.",,,,C,"<h2>Insurer has appointed the producer and entered the appointment on the insurer's producer register.</h2>  
An insurance producer can only act on behalf of an insurer when they have been officially appointed by the insurer and this appointment is recorded in the insurer's producer register. This ensures that the producer is authorized to represent the insurer in insurance transactions and activities.

<b>A) Insurer has completed a background investigation of the producer</b>  
While background investigations are important for assessing the qualifications and trustworthiness of an insurance producer, they do not constitute formal authorization to act on behalf of the insurer. An appointment must still be made for the producer to legally represent the insurer.

<b>B) Insurance producer has obtained Errors and Omissions coverage</b>  
Errors and Omissions (E&O) coverage is a risk management tool that protects producers from claims of negligence or inadequate work. However, having E&O coverage does not grant the producer the authority to act on behalf of an insurer; formal appointment is required for that purpose.

<b>D) Insurance producer has obtained a $10,000 surety bond to benefit the insurer for any loss.</b>  
A surety bond can provide financial security and assurance to the insurer against potential losses caused by the producer's actions. However, it does not replace the need for a formal appointment. The producer must still be officially appointed and listed in the insurer's records to act on their behalf.

<b>Conclusion</b>  
For an insurance producer to legally represent an insurer, formal appointment and registration in the insurer's producer register are essential. While background checks, E&O coverage, and surety bonds serve important functions in the industry, they do not suffice as the sole basis for authorization. The appointment process ensures compliance with regulatory standards and protects the interests of both the insurer and policyholders.",,Regular,
Real Estate Licensing Exams,Salesperson and Broker License Exam,Maryland Real Estate Exams,Maryland Real Estate Practice Test,,Funds controlled by the Maryland Property & Casualty Insurance Guaranty Corporation (PCIGC) are used to,Offset investment income losses,Reduce state premium taxes,Pay claims of insolvent insurers,Subsidize insurer surplus accounts,,,,C,"<h2>Funds controlled by the Maryland Property & Casualty Insurance Guaranty Corporation (PCIGC) are used to pay claims of insolvent insurers.</h2>  
The primary purpose of the Maryland Property & Casualty Insurance Guaranty Corporation is to protect policyholders by ensuring that claims are paid even when an insurer becomes insolvent. This mechanism provides crucial financial support to maintain consumer trust in the insurance system.

<b>A) Offset investment income losses</b>  
The funds of the PCIGC are not designed to offset investment income losses for insurers. This option misrepresents the role of the PCIGC, which focuses solely on claims payments rather than supporting the financial performance of insurers through investment income.

<b>B) Reduce state premium taxes</b>  
The PCIGC does not engage in activities related to state premium taxes. Its funds are strictly allocated for paying claims linked to insolvent insurers, and reducing premium taxes falls outside its mandate and function.

<b>C) Pay claims of insolvent insurers</b>  
This is the correct answer as the primary role of the PCIGC is to ensure that claims of policyholders are paid when their insurance company fails. This safeguards consumers from losses due to insurer insolvency and helps maintain stability within the insurance market.

<b>D) Subsidize insurer surplus accounts</b>  
The PCIGC does not subsidize insurer surplus accounts. Its mandate is concentrated on consumer protection by paying claims rather than providing financial assistance or enhancements to insurers' surplus or financial reserves.

<b>Conclusion</b>  
The Maryland Property & Casualty Insurance Guaranty Corporation serves a vital role in the insurance industry by using its funds to pay claims of insolvent insurers. This function protects policyholders from potential financial losses and reinforces public confidence in the insurance system. All other options misinterpret the purpose of the PCIGC, emphasizing the importance of its role in consumer protection rather than insurer financial management.",,Regular,
Real Estate Licensing Exams,Salesperson and Broker License Exam,Maryland Real Estate Exams,Maryland Real Estate Study Questions,,"If an employer becomes bankrupt or insolvent during the policy term, the insurer shall",cancel the Workers' Compensation policy immediately and return all unearned premiums,immediately stop paying all claims already submitted for payment,continue to provide payment of compensation for injury or death of a covered employee for the life of the policy,rewrite the employer's Workers' Compensation policy in the name of the Bankruptcy court.,,,,C,"<h2>Continue to provide payment of compensation for injury or death of a covered employee for the life of the policy.</h2>  
Workers' Compensation policies are designed to protect employees by ensuring they receive compensation for work-related injuries or deaths, regardless of the employer's financial status. If an employer becomes bankrupt or insolvent during the policy term, the insurer is still obligated to fulfill its commitments under the policy, providing compensation to covered employees.

<b>A) Cancel the Workers' Compensation policy immediately and return all unearned premiums</b>  
This choice misrepresents the obligations of the insurer. While unearned premiums may be returned upon cancellation of a policy, Workers' Compensation insurance mandates continued coverage for injuries that occur during the policy period, even if the employer is insolvent. This ensures that injured employees can still receive benefits.

<b>B) Immediately stop paying all claims already submitted for payment</b>  
This option incorrectly implies that insolvency affects previously submitted claims. Insurers are required to honor claims for work-related injuries or deaths that occurred during the active policy period, irrespective of the employer's financial situation. Stopping payments would violate the terms of the insurance contract.

<b>C) Continue to provide payment of compensation for injury or death of a covered employee for the life of the policy</b>  
This choice accurately reflects the insurer's responsibility to maintain coverage for injuries and deaths that occur during the policy term, ensuring that employees receive the necessary compensation even if the employer faces bankruptcy. This legal obligation protects the rights of employees.

<b>D) Rewrite the employer's Workers' Compensation policy in the name of the Bankruptcy court.</b>  
This option is misleading because the Bankruptcy court does not take over the Workers' Compensation policy. The insurer remains responsible for the obligations outlined in the policy toward covered employees, and rewriting the policy would not address the ongoing coverage needed for claims.

<b>Conclusion</b>  
In the event of employer bankruptcy or insolvency, the insurer is required to continue providing compensation for injury or death of covered employees for the duration of the policy. This obligation safeguards employee rights and ensures that financial troubles of the employer do not compromise the workers' compensation benefits they are entitled to receive. All other options presented misunderstand the nature of Workers' Compensation insurance and the protective measures it affords to employees.",,Regular,
Real Estate Licensing Exams,Salesperson and Broker License Exam,Michigan Real Estate Exams,Michigan Real Estate Mock Exam,,The statutory seller disclosure requirement does NOT apply to:,The sale or transfer of a longtime rental unit.,The sale of a residence on a land contract.,an option to purchase inventory in the exchange of a dipole.,The sale or exchange of vacant land.,,,,D,"<h2>The sale or exchange of vacant land.</h2>  
Statutory seller disclosure requirements typically pertain to residential properties, ensuring buyers are informed about the condition of the property. Vacant land, lacking residential structures, often does not require the same level of disclosure, making it an exception to these regulations.

<b>A) The sale or transfer of a longtime rental unit.</b>  
The sale or transfer of a longtime rental unit is subject to seller disclosure requirements as it involves a residential property that has been occupied. Landlords must disclose information about the condition of the property, including any known defects or issues that could affect the tenant's rights or safety.

<b>B) The sale of a residence on a land contract.</b>  
A residence sold on a land contract falls under statutory disclosure requirements because it involves a residential property. This type of sale typically includes a written agreement outlining the responsibilities of both buyer and seller, necessitating full disclosure of the property's condition to protect the buyer's interests.

<b>C) An option to purchase inventory in the exchange of a dipole.</b>  
This option does not pertain to real estate transactions but rather to business agreements involving inventory and possibly intellectual property or technology. Since it does not involve residential or commercial property sales, statutory seller disclosure requirements are not applicable.

<b>D) The sale or exchange of vacant land.</b>  
Vacant land lacks existing structures that would necessitate detailed disclosure about living conditions or property defects. Consequently, seller disclosure requirements typically do not apply, as the risks associated with vacant land differ significantly from those of residential properties.

<b>Conclusion</b>  
Seller disclosure requirements are designed to protect buyers in residential transactions by ensuring they are informed about potential issues with the property. However, these requirements do not extend to vacant land sales, as such transactions do not involve the same considerations or potential hazards associated with inhabited properties. Understanding these distinctions helps both sellers and buyers navigate real estate transactions more effectively.",,Regular,
Real Estate Licensing Exams,Salesperson and Broker License Exam,Michigan Real Estate Exams,Michigan Real Estate Test Prep,,"On Tuesday, December 10, a salesperson received an offer and a $3,000 earnest money deposit. The offer was accepted by the out-of-town seller on December 17 and the broker noted. By which date must the earnest money be deposited into the trust account?",15-Dec,17-Dec,19-Dec,20-Dec,,,,C,"<h2>By December 19, the earnest money must be deposited into the trust account.</h2>  
According to standard real estate practices, earnest money should be deposited in the trust account within a specified timeframe after the acceptance of the offer. In this case, the offer was accepted on December 17, making December 19 the deadline for deposit, allowing for two business days.

<b>A) 15-Dec</b>  
This date is prior to the acceptance of the offer on December 17. The earnest money cannot be deposited before the acceptance of the offer, as there is no binding agreement in place until that date.

<b>B) 17-Dec</b>  
While this date is the same as the acceptance date, it does not allow for the full two business days typically required for the deposit of earnest money. Real estate standards generally provide until the end of the second business day following acceptance to complete this task.

<b>C) 19-Dec</b>  
This date is correct, as it allows for two business days after the acceptance of the offer on December 17. The earnest money must be deposited in the trust account by this date to comply with real estate regulations.

<b>D) 20-Dec</b>  
This date exceeds the two business day requirement following the acceptance of the offer on December 17. Depositing the earnest money after this date would violate the standard protocol expected in real estate transactions.

<b>Conclusion</b>  
The earnest money deposit must be made by December 19, which is two business days after the offer was accepted on December 17. Adhering to this timeline is crucial for maintaining compliance with real estate practices and ensuring that the transaction progresses smoothly. Any failure to meet this deadline could lead to complications or misunderstandings in the sales process.",,Regular,
Real Estate Licensing Exams,Salesperson and Broker License Exam,Michigan Real Estate Exams,Michigan Real Estate Mock Exam,,"A buyer wants to purchase a home for $400,000 with a 15% down payment. The lender charges 2.5 points. How much money does the buyer need upfront to make the purchase?","$60,000","$70,000","$80,000","$80,150",,,,D,"<h2>$80,150 is the total amount the buyer needs upfront to purchase the home.</h2>  
To determine the total upfront cost, we first calculate the down payment and then add the cost of the points charged by the lender. The down payment is 15% of $400,000, which equals $60,000. The lender's 2.5 points on the loan amount (after the down payment) adds $20,150, resulting in a total upfront cost of $80,150.

<b>A) $60,000</b>  
This choice only accounts for the down payment, which is 15% of the home price. While the down payment is essential, it does not include additional costs such as points. Thus, it significantly underestimates the total upfront amount required.

<b>B) $70,000</b>  
This option incorrectly calculates the total by either misestimating the down payment or not accounting for the points. It does not reflect the accurate combination of the down payment and the costs associated with the loan, resulting in an insufficient amount for the home purchase.

<b>C) $80,000</b>  
While this figure is closer to the correct total, it still fails to accurately calculate the lender's points. The correct upfront cost includes specific calculations for both the down payment and the points, making this choice slightly lower than the actual requirement.

<b>D) $80,150</b>  
This choice correctly combines the down payment of $60,000 and the lender's points of $20,150, which are calculated from the loan amount after the down payment. This total reflects the precise amount the buyer needs to prepare upfront.

<b>Conclusion</b>  
To purchase the home, the buyer must account for both the down payment and the lender's points. The correct total upfront amount of $80,150 includes both components, ensuring that the buyer is adequately prepared for the financial commitment involved in acquiring the property. Understanding all costs associated with home buying is crucial for prospective buyers to plan their finances effectively.",,Regular,
Real Estate Licensing Exams,Salesperson and Broker License Exam,Michigan Real Estate Exams,Michigan Real Estate Test Prep,,All are examples of protected classifications under the Fair Housing Act EXCEPT:,denying access to a property due to the user's race.,denying a tenant who has a record of failing to pay rent.,denying a couple whose offer is lower on a house in a district.,denying a couple whose request is to purchase a property in a school district.,,,,B,"<h2>All are examples of protected classifications under the Fair Housing Act EXCEPT denying a tenant who has a record of failing to pay rent.</h2>  
The Fair Housing Act protects individuals from discrimination based on specific characteristics such as race, color, religion, sex, national origin, familial status, and disability. Denying a tenant based on their history of failing to pay rent does not fall under these protected classifications and is legally permissible.

<b>A) denying access to a property due to the user's race.</b>  
Discrimination based on race is explicitly prohibited under the Fair Housing Act. This choice represents a clear violation of the law, as it is a protected classification that cannot be used as a basis for denying access to housing.

<b>B) denying a tenant who has a record of failing to pay rent.</b>  
This option is the correct answer because a tenant's payment history is not a protected classification under the Fair Housing Act. Landlords can legally refuse to rent to individuals based on their financial reliability, such as a history of not paying rent.

<b>C) denying a couple whose offer is lower on a house in a district.</b>  
This choice does not relate to any protected classification. While a lower offer may be rejected, it does not constitute discrimination based on race, religion, or any other protected status as defined by the Fair Housing Act.

<b>D) denying a couple whose request is to purchase a property in a school district.</b>  
Denying a couple based on their request to purchase a property in a particular school district is also not related to any protected classification. Decisions based on school district preferences do not violate the Fair Housing Act unless they correlate with a protected status.

<b>Conclusion</b>  
The Fair Housing Act establishes specific protected classifications to prevent discrimination in housing. Among the choices provided, only denying a tenant based on a history of failing to pay rent is not a violation of the Act, as it pertains to financial behavior rather than a protected characteristic. Understanding these distinctions is crucial for compliance with housing laws and promoting equitable treatment in housing transactions.",,Regular,
Real Estate Licensing Exams,Salesperson and Broker License Exam,Michigan Real Estate Exams,Michigan Real Estate Mock Exam,,"A buyer wants to purchase a new home for $355,000 with a 30% down payment. The lender charges 2.25 points. How much money does the buyer need upfront for the purchase?","$97,500","$104,833","$99,694","$109,694",,,,B,"<h2>$104,833</h2>  
To determine the upfront cost for the buyer, we first calculate the down payment and the points charged by the lender. The down payment is 30% of the home price, which totals $106,500, and the points amount to 2.25% of the loan amount, adding an additional $1,833. Therefore, the total upfront cost is $104,833.

<b>A) $97,500</b>  
This amount represents only a portion of the down payment, specifically 27.5% of the home price. It does not account for the additional costs from the points charged by the lender, which are necessary to calculate the total upfront payment.

<b>B) $104,833</b>  
This is the correct total amount required upfront. It includes the full 30% down payment of $106,500 and the cost of the points, which is $1,833 (2.25% of the loan amount after the down payment). Thus, the total is $104,833.

<b>C) $99,694</b>  
This figure does not accurately reflect either the down payment or the points. It may stem from an incorrect calculation of the down payment or failing to include the costs of the points, resulting in a lower total than what is required.

<b>D) $109,694</b>  
This option incorrectly combines the down payment and points. It does not accurately represent the calculations, as the total upfront cost is lower than this amount, indicating a misunderstanding of how points are calculated in relation to the down payment.

<b>Conclusion</b>  
The total upfront cost for the buyer purchasing a home for $355,000, incorporating both the down payment and the lender's points, is $104,833. This amount ensures the buyer is fully prepared for the initial financial requirements of the home purchase, including both the substantial down payment and the associated costs from the lender. Understanding these calculations is crucial for any homebuyer to ensure financial readiness.",,Regular,
Real Estate Licensing Exams,Salesperson and Broker License Exam,Michigan Real Estate Exams,Michigan Real Estate Test Prep,,"For a condominium site plan that was filed and approved, which statement is true?",The developer understands to the secretary of state he agreed anything.,"Any private tasks in the development, not mentioned, must be detected in writing.",The planning would not be required if all units were developed within five years.,The maximum priority for property planning involves processing the developers' role.,,,,B,"<h2>Any private tasks in the development, not mentioned, must be detected in writing.</h2>  
In the context of condominium site plans, it is essential to have any private agreements or tasks documented to ensure clarity and legal enforceability. This requirement protects both the developer and future homeowners by providing a clear record of all obligations and responsibilities associated with the development.

<b>A) The developer understands to the secretary of state he agreed anything.</b>  
This statement is vague and lacks specificity. It does not accurately reflect any legal obligation or requirement related to site plans or development agreements. The understanding of agreements must be clear and documented, rather than a general acknowledgment to a state official.

<b>C) The planning would not be required if all units were developed within five years.</b>  
This statement is misleading as planning requirements typically remain in effect regardless of the timeline for development. Even if all units are completed within five years, compliance with zoning and development regulations is still mandatory to ensure safety and adherence to local standards.

<b>D) The maximum priority for property planning involves processing the developers' role.</b>  
While the developer's role is indeed significant, property planning prioritizes adherence to zoning laws, community standards, and public safety considerations above all else. This choice inaccurately implies that the developer's role is the sole focus, neglecting the broader public interest involved in property planning.

<b>Conclusion</b>  
In summary, the requirement that any private tasks related to the development must be documented in writing is crucial for maintaining clarity and legal accountability in condominium projects. This ensures that all parties understand their rights and obligations, safeguarding against potential disputes. Other options either lack clarity, misrepresent planning requirements, or incorrectly prioritize developer roles over community considerations.",,Regular,
Real Estate Licensing Exams,Salesperson and Broker License Exam,Michigan Real Estate Exams,Michigan Real Estate Mock Exam,,"The buyers' parents are providing a $2,000 earnest money check. The check is dependent on the client's parents' income. The buyers can usually be paid twice, and the agreement provides for return of the earnest money to the buyer. The broker should:","Write a $2,000 check to the buyer.","Write a $2,000 check to the buyer.","Write the earnest money check, other expenses, to the parents.","Write the earnest money check, other expenses, to the buyers.",,,,D,"<h2>Write the earnest money check, other expenses, to the buyers.</h2>  
The broker should issue the earnest money check directly to the buyers, as they are the ones entering into the purchase agreement. This ensures that the earnest money is properly accounted for in the transaction and can be handled in accordance with the agreement's terms.

<b>A) Write a $2,000 check to the buyer.</b>  
This option is misleading as it suggests that the check should be written to a singular ""buyer"" rather than the ""buyers."" In a real estate transaction, the earnest money should be made out to the buyers collectively, which is an important distinction for legal and record-keeping purposes.

<b>B) Write a $2,000 check to the buyer.</b>  
Similar to option A, this choice implies that the check is directed towards a single party rather than both buyers. The earnest money needs to reflect the joint involvement of all buyers in the transaction, which this choice fails to address by using the singular form.

<b>C) Write the earnest money check, other expenses, to the parents.</b>  
This option incorrectly suggests that the check should be made out to the buyers' parents. Since the earnest money is a part of the buyers' financial commitment in the purchase, it should be issued directly to them rather than their parents, who are not parties to the agreement.

<b>D) Write the earnest money check, other expenses, to the buyers.</b>  
This is the correct choice as it recognizes the buyers as the parties responsible for the earnest money deposit in the transaction. By issuing the check to the buyers, the broker ensures that the financial commitment is properly allocated and adheres to the agreement's stipulations.

<b>Conclusion</b>  
In real estate transactions, earnest money is a critical component that signifies the buyers' intent to proceed with the purchase. Issuing the check to the buyers directly aligns with standard practices, ensuring clarity and proper handling of the funds. Options suggesting payment to individuals other than the buyers or using singular terms do not adequately reflect the joint nature of the transaction and can lead to confusion.",,Regular,
Real Estate Licensing Exams,Salesperson and Broker License Exam,Michigan Real Estate Exams,Michigan Real Estate Test Prep,,"A broker doesn't have a listing but shows a property. If someone receives a $100,000 offer on the property, what is the price the borrower paid for the property?","$64,500","$62,200","$68,800","$300,000",,,,C,"<h2>$68,800</h2>  
The borrower paid $68,800 for the property, which is the correct answer based on the context of the question. This price reflects the actual transaction amount that the broker would recognize for the property shown, despite not having a formal listing.

<b>A) $64,500</b>  
This amount does not accurately reflect the typical transaction price for properties in a competitive market. It may represent a lower bid that would likely be rejected or not fully align with market values, thereby making it an unlikely price for a property receiving a substantial offer.

<b>B) $62,200</b>  
Like option A, this price is too low to represent the market value of a property that garners a $100,000 offer. Such a low offer could indicate a distressed sale or an undervalued property, which is not supported by the context of receiving a significant offer.

<b>C) $68,800</b>  
This is the correct price the borrower paid for the property. It indicates a reasonable and competitive price that aligns with the offer received and reflects market conditions adequately.

<b>D) $300,000</b>  
This option is excessively high and unrealistic given the context of receiving only a $100,000 offer. Such a discrepancy between the offer and the price would not typically occur unless there were exceptional circumstances influencing the property's value.

<b>Conclusion</b>  
In real estate transactions, the price paid for a property is crucial in understanding market dynamics and the value perceived by both buyers and sellers. In this scenario, the borrower paid $68,800, which reflects a reasonable price in relation to the $100,000 offer received. The other options suggest either undervalued or unrealistic scenarios, emphasizing the importance of accurate pricing in property transactions.",,Regular,
Real Estate Licensing Exams,Salesperson and Broker License Exam,Michigan Real Estate Exams,Michigan Real Estate Mock Exam,,Which of the following statements is true about fair housing (area to area)?,They provide a road map for traffic usage.,They provide an injunction by filing a complaint with HUD.,They enforce laws from the state and federal government against discrimination.,A number of residents were announced by the U.S. Supreme Court applies.,,,,C,"<h2>They enforce laws from the state and federal government against discrimination.</h2>  
Fair housing laws are designed to prevent discrimination in housing based on race, color, religion, sex, national origin, familial status, or disability. These laws are enforced at both state and federal levels, ensuring equal access to housing opportunities for all individuals.

<b>A) They provide a road map for traffic usage.</b>  
This choice is irrelevant to fair housing as it pertains to traffic management and urban planning rather than housing rights and discrimination issues. Fair housing laws focus solely on the equitable treatment of individuals in housing situations, not on traffic regulations.

<b>B) They provide an injunction by filing a complaint with HUD.</b>  
While filing a complaint with the Department of Housing and Urban Development (HUD) can lead to an injunction, this statement does not accurately reflect the primary function of fair housing laws. The laws themselves establish the framework for preventing discrimination, rather than being a mechanism for issuing injunctions.

<b>D) A number of residents were announced by the U.S. Supreme Court applies.</b>  
This statement is unclear and does not accurately relate to the principles of fair housing. The U.S. Supreme Court's rulings may influence housing laws, but this choice does not convey the enforcement or application of fair housing laws against discrimination, which is the key focus of the question.

<b>Conclusion</b>  
Fair housing laws play a crucial role in enforcing anti-discrimination measures at both state and federal levels, ensuring that all individuals have equal access to housing. Among the choices presented, only option C accurately reflects the purpose and function of these laws. The other options either misrepresent the scope of fair housing or are unrelated to its core mission of promoting equality in housing opportunities.",,Regular,
Real Estate Licensing Exams,Salesperson and Broker License Exam,Michigan Real Estate Exams,Michigan Real Estate Test Prep,,"In commercial property leases, landlords should secure the tenant's compliance with:",State and factory responsibilities for the tenant.,Rules and regulations for 'flickr/getten'.,The Americans with Disabilities Act.,Switch base units.,,,,C,"<h2>The Americans with Disabilities Act.</h2>  
Landlords must ensure that tenants comply with the Americans with Disabilities Act (ADA) to provide accessible facilities for individuals with disabilities. This federal law mandates that commercial properties accommodate such needs, making it a critical compliance requirement in leases.

<b>A) State and factory responsibilities for the tenant.</b>  
While state laws may impose certain responsibilities on tenants, these can vary greatly by jurisdiction and are not universally applicable. Additionally, ""factory responsibilities"" is a vague term that lacks clarity regarding compliance in commercial leases, making it less relevant than the specific obligations outlined by the ADA.

<b>B) Rules and regulations for 'flickr/getten'.</b>  
This choice appears to reference non-standard terms that do not relate to commercial property leases or tenant compliance. The mention of 'flickr/getten' is unclear and lacks any legal basis in property law, rendering it irrelevant to the requirements landlords must enforce.

<b>C) The Americans with Disabilities Act.</b>  
This act specifically addresses the need for accessibility in public accommodations, which includes commercial properties. Landlords are responsible for ensuring that their tenants adhere to the ADA, which mandates that facilities are accessible to individuals with disabilities, thus ensuring legal compliance and inclusivity.

<b>D) Switch base units.</b>  
""Switch base units"" does not pertain to compliance issues within commercial leases. This term likely relates to technical or equipment specifications rather than any legal obligations regarding tenant behavior or property accessibility. Therefore, it is not a valid compliance requirement for landlords.

<b>Conclusion</b>  
In commercial property leases, the requirement for tenant compliance is fundamentally tied to the Americans with Disabilities Act, which ensures accessibility for individuals with disabilities. While other choices mention various responsibilities or terms, they lack the legal relevance and specificity of the ADA. Thus, landlords must prioritize compliance with this act to meet their obligations effectively and foster an inclusive environment.",,Regular,
Real Estate Licensing Exams,Salesperson and Broker License Exam,Michigan Real Estate Exams,Michigan Real Estate Mock Exam,,If the Department receives a $1000 check that is returned for insufficient funds:,The check may be represented up to two times.,The license will be suspended until the check is paid.,The licensee must pay a penalty and the check amount.,The licensee may face disciplinary action.,,,,D,"<h2>The licensee may face disciplinary action.</h2>  
When a check is returned for insufficient funds, it may lead to disciplinary measures against the licensee, as this reflects on their financial responsibility and adherence to legal standards within the department's regulations.

<b>A) The check may be represented up to two times.</b>  
This statement suggests that the check can be re-presented for payment multiple times. However, in the case of insufficient funds, the check may only be re-presented once under certain conditions; additional re-presentation is not guaranteed and does not directly relate to disciplinary actions against the licensee.

<b>B) The license will be suspended until the check is paid.</b>  
Suspension of the license is not an automatic consequence of a returned check. While the license may be affected, it typically requires further action or a determination that the licensee has failed to rectify the situation, rather than an immediate suspension until payment is made.

<b>C) The licensee must pay a penalty and the check amount.</b>  
Although the licensee may be required to pay both the penalty and the check amount, this does not inherently suggest disciplinary action. Payment obligations are administrative rather than punitive, and the specific language of the question focuses on the repercussions for the licensee's actions rather than financial liabilities.

<b>D) The licensee may face disciplinary action.</b>  
Disciplinary action can be a direct outcome when a licensee fails to manage their financial obligations, such as having a check returned for insufficient funds. This response captures the potential severity of the situation beyond mere financial penalties, emphasizing accountability in professional conduct.

<b>Conclusion</b>  
When a check is returned for insufficient funds, the repercussions extend beyond mere financial obligations to include potential disciplinary actions against the licensee. The correct response highlights the serious implications of financial irresponsibility in a professional context, while the other options focus on aspects that do not directly address the disciplinary consequences. Understanding these dynamics is essential for maintaining compliance and upholding professional standards.",,Regular,
Real Estate Licensing Exams,Salesperson and Broker License Exam,Michigan Real Estate Exams,Michigan Real Estate Test Prep,,A broker who has decided to terminate a relationship with a salesperson is required to do which of the following?,Provide the salesperson's license to another broker within the day.,Pay a reasonable fee to purchase any listing obtained by the salesperson.,"Submit a written report to the Department, and within three days, submit a copy of the report to the salesperson.","Send the salesperson a letter, and send the mail boxes and a copy of the letter to the Department by certified mail.",,,,C,"<h2>Submit a written report to the Department, and within three days, submit a copy of the report to the salesperson.</h2>  
When a broker decides to terminate a relationship with a salesperson, they are legally required to submit a written report to the Department and provide a copy to the salesperson within three days. This procedure ensures transparency and compliance with regulatory standards governing real estate transactions.

<b>A) Provide the salesperson's license to another broker within the day.</b>  
This option is incorrect because the transfer of a salesperson's license to another broker does not occur automatically or immediately upon termination. The broker must follow formal procedures for license transfer, which is not a requirement upon termination of the relationship.

<b>B) Pay a reasonable fee to purchase any listing obtained by the salesperson.</b>  
This choice is incorrect as there is no obligation for the broker to pay a fee to purchase listings when terminating a salesperson's relationship. The listings typically remain the property of the broker, and the salesperson does not retain rights that would necessitate compensation.

<b>D) Send the salesperson a letter, and send the mail boxes and a copy of the letter to the Department by certified mail.</b>  
While notifying the salesperson is important, this option lacks the required formal reporting to the Department. Simply sending a letter is insufficient; the broker must fulfill specific reporting obligations, including submission of a written report, to comply with legal requirements.

<b>Conclusion</b>  
In summary, when a broker terminates a relationship with a salesperson, the essential action is to submit a written report to the Department and provide a copy to the salesperson within three days. This requirement is crucial for maintaining regulatory compliance and ensuring that all parties are informed of the termination, distinguishing it from other options that do not fulfill legal obligations.",,Regular,
Real Estate Licensing Exams,Salesperson and Broker License Exam,Michigan Real Estate Exams,Michigan Real Estate Mock Exam,,A limited service agreement may allow a broker to omit which of the following?,Compliance with state and federal laws and rules.,Acceptance of delivery and presentation of offers and counteroffers.,Duty to the interest of the client.,Confidentiality of all information.,,,,B,"<h2>A limited service agreement may allow a broker to omit acceptance of delivery and presentation of offers and counteroffers.</h2>  
In a limited service agreement, brokers may not be required to perform all the traditional duties expected in a full-service arrangement. Specifically, they can omit the responsibility of accepting and presenting offers, which distinguishes their role from full-service brokers who handle all aspects of the transaction.

<b>A) Compliance with state and federal laws and rules.</b>  
Brokers are always obligated to comply with state and federal laws and regulations, regardless of the type of service agreement in place. This compliance ensures that all transactions are conducted legally and ethically, protecting both the broker and the clients involved.

<b>C) Duty to the interest of the client.</b>  
A broker has a fiduciary duty to act in the best interests of their client, which cannot be omitted even under a limited service agreement. This obligation is fundamental to the broker-client relationship and is legally binding, ensuring that the broker prioritizes the client's needs and objectives.

<b>D) Confidentiality of all information.</b>  
Confidentiality is a critical responsibility of brokers that remains intact in any service agreement. Brokers must safeguard their clients' sensitive information, as breaches of confidentiality can lead to legal repercussions and loss of trust, irrespective of the service level agreed upon.

<b>Conclusion</b>  
A limited service agreement allows brokers to forgo certain responsibilities, specifically the acceptance and presentation of offers and counteroffers, while still upholding critical obligations like compliance with laws, fiduciary duties, and confidentiality. Understanding this distinction helps clients choose the appropriate level of service that aligns with their needs in real estate transactions.",,Regular,
Real Estate Licensing Exams,Salesperson and Broker License Exam,Michigan Real Estate Exams,Michigan Real Estate Test Prep,,An example of modular construction is:,Prefabricated housing.,An apartment building.,A home used as a model.,Log cabin.,,,,A,"<h2>Prefabricated housing is an example of modular construction.</h2>  
Prefabricated housing involves the off-site construction of building modules that are then transported and assembled on-site, exemplifying the core principles of modular construction which emphasizes efficiency, speed, and flexibility in building design.

<b>A) Prefabricated housing</b>  
This choice accurately represents modular construction as it refers to homes that are built in sections (modules) in a factory setting and then delivered to the construction site for assembly. This method allows for quicker construction times and can lead to reduced waste and increased quality control.

<b>B) An apartment building</b>  
While apartment buildings can be constructed using modular methods, this choice is too general. Not all apartment buildings employ modular construction techniques; many are built using traditional methods. Therefore, it does not specifically illustrate the modular concept.

<b>C) A home used as a model</b>  
This option describes a home that serves as a display or example, often seen in developments, but it does not pertain to the concept of modular construction. A model home may be built using any construction method, thus lacking the specific characteristics of modular building.

<b>D) Log cabin</b>  
A log cabin is a traditional construction style that involves the use of logs as the primary building material. This method does not fit the definition of modular construction, as it typically requires on-site assembly and does not involve prefabricated components.

<b>Conclusion</b>  
Modular construction is best exemplified by prefabricated housing, where efficiency and modular design principles converge. Other options, while related to housing, do not encapsulate the modular approach, which is defined by the use of pre-constructed modules assembled on-site. Understanding this distinction is crucial for recognizing the benefits and applications of modular construction in modern architecture.",,Regular,
Real Estate Licensing Exams,Salesperson and Broker License Exam,Michigan Real Estate Exams,Michigan Real Estate Mock Exam,,"A real estate agent is contacted by a potential buyer whose financial interest is questionable, but who needs to write an offer. The agent should:",refuse to write this offer.,write it on a promissory note.,ask for a high earnest money payment.,refer any remuneration to the seller.,,,,A,"<h2>The agent should refuse to write this offer.</h2>  
In situations where a potential buyer's financial interest is questionable, it is prudent for the real estate agent to refuse to write the offer. This protects both the agent's professional integrity and the interests of the seller, ensuring that offers presented are backed by credible financial capability.

<b>A) refuse to write this offer.</b>  
Refusing to write the offer is the most responsible action for the agent when there are doubts about the buyer's financial interest. It safeguards the interests of the seller by preventing potential wasted time and resources on an offer that may not be legitimate or viable.

<b>B) write it on a promissory note.</b>  
Writing the offer on a promissory note does not address the underlying concern of the buyer's questionable financial interest. A promissory note is typically used for loans or debts, and it would not resolve the issue of the buyer's ability to proceed with the purchase. This choice could further complicate the transaction without ensuring the seller's protection.

<b>C) ask for a high earnest money payment.</b>  
While requesting a high earnest money payment might seem like a way to demonstrate the buyer's seriousness, it does not guarantee that the buyer can follow through with the purchase. If the buyer's financial situation is questionable, a high earnest money deposit may not be a reliable indicator of their ability to close the deal.

<b>D) refer any remuneration to the seller.</b>  
Referring remuneration to the seller does not effectively address the issue of the buyer's questionable financial interest. This choice may also lead to conflicts of interest and could undermine the agent's fiduciary duty to the seller, as the agent should ensure that all offers are legitimate and financially sound.

<b>Conclusion</b>  
In real estate, it is crucial for agents to prioritize the legitimacy of offers, especially when buyer financial stability is in question. Refusing to write an offer in such situations protects the seller from potential complications and reinforces the agent's commitment to ethical practices. The other options fail to adequately mitigate the risks associated with questionable buyer interest, making them unsuitable choices.",,Regular,
Real Estate Licensing Exams,Salesperson and Broker License Exam,Michigan Real Estate Exams,Michigan Real Estate Test Prep,,A comparison is made with three appraisers who had previously filed their report with the independent lender. Which outcome is required?,The appraisers are requested to make it known to the homeowner that they are the appraiser.,The appraisals are examined as part of the purchase process by the party's buyer.,The appraisals may influence the lender as if they were a financial consideration.,The lender must approve the property and then necessary to do its assignments.,,,,B,"<h2>The appraisals are examined as part of the purchase process by the party's buyer.</h2>  
In real estate transactions, it is crucial for the buyer to review appraisals to ensure the property value aligns with their investment. This step helps protect the buyer's interests and informs their decision-making regarding the purchase.

<b>A) The appraisers are requested to make it known to the homeowner that they are the appraiser.</b>  
This choice misrepresents the role of appraisers in the transaction. Appraisers typically do not inform the homeowner about their role; instead, they provide an impartial valuation to the lender and buyer, ensuring objectivity in the appraisal process.

<b>C) The appraisals may influence the lender as if they were a financial consideration.</b>  
While appraisals do provide valuable information that can affect lending decisions, they are not treated as financial considerations in themselves. Rather, they serve to establish the market value of the property, which informs the lender's decision regarding the loan amount and terms.

<b>D) The lender must approve the property and then necessary to do its assignments.</b>  
This option incorrectly suggests that the lender's approval is contingent upon completing assignments after the property is evaluated. In reality, the lender reviews appraisals before making decisions on financing, ensuring they have adequate information regarding the property's value beforehand.

<b>Conclusion</b>  
In the context of real estate transactions, the buyer's review of appraisals is essential for understanding the property's value and making informed decisions. The correct outcome emphasizes the buyer's engagement in the appraisal process, which is fundamental for ensuring that their financial investment is sound and aligned with the appraised value.",,Regular,
Real Estate Licensing Exams,Salesperson and Broker License Exam,Michigan Real Estate Exams,Michigan Real Estate Mock Exam,,A seller was able to go to the closing and right for paperwork to sell a parent's property while the parent was in the hospital. How is this possible?,The seller may have been named as executor of the property will.,The parent may have had a power of attorney drawn up making the seller the attorney-in-fact.,"The seller and the parent may own the property as joint tenants, so the seller may sign.",The parent's doctor recommended the sale is permitted to avoid upsetting the pending transaction.,,,,B,"<h2>The parent may have had a power of attorney drawn up making the seller the attorney-in-fact.</h2>  
A power of attorney allows an individual to designate another person to act on their behalf concerning legal and financial matters, including the sale of property. If the parent had executed a power of attorney, the seller could legally sign the necessary paperwork while the parent was incapacitated in the hospital.

<b>A) The seller may have been named as executor of the property will.</b>  
Being named as an executor of a will does not grant the authority to sell property while the parent is still alive unless the will specifies such powers or the parent is deceased. Executors manage the estate after death, so this choice is not applicable in this scenario.

<b>C) The seller and the parent may own the property as joint tenants, so the seller may sign.</b>  
Joint tenancy does allow co-owners to make decisions regarding the property, but it typically requires both parties to agree on the sale unless otherwise stipulated. Without the parent's consent, the seller cannot independently sign documents to sell the property, making this choice incorrect.

<b>D) The parent's doctor recommended the sale is permitted to avoid upsetting the pending transaction.</b>  
A doctor's recommendation does not confer legal authority to sell property. Even if a doctor advises a sale for financial or emotional reasons, legal documentation such as a power of attorney is necessary for the seller to act on the parent's behalf. Thus, this choice does not provide a valid legal basis for the sale.

<b>Conclusion</b>  
The ability of the seller to finalize the sale while the parent is in the hospital hinges on the existence of a power of attorney. This legal document empowers the seller to act as the parent's agent, ensuring that the transaction can proceed smoothly despite the parent's absence. Other choices either misinterpret legal roles or fail to address the necessary authority required to sell the property.",,Regular,
Real Estate Licensing Exams,Salesperson and Broker License Exam,Michigan Real Estate Exams,Michigan Real Estate Test Prep,,Which is true concerning an unrecorded deed?,It should not name the grantee.,It should not contain a legal description.,It can give constructive notice of ownership.,It is not valid until it is recorded.,,,,D,"<h2>An unrecorded deed is not valid until it is recorded.</h2>  
In real estate, a deed must be recorded to provide legal recognition and protection of ownership rights. Until the deed is recorded, it holds no legal standing and cannot be enforced against third parties.

<b>A) It should not name the grantee.</b>  
A valid deed must always name the grantee, as this identifies who holds ownership rights to the property. Omitting the grantee would render the deed incomplete and ineffective, but it does not relate to the recording status of the deed.

<b>B) It should not contain a legal description.</b>  
A legal description is essential in a deed to clearly define the property being transferred. If a deed lacks a legal description, it cannot effectively convey title, but this is a separate issue from whether the deed is recorded or not.

<b>C) It can give constructive notice of ownership.</b>  
An unrecorded deed does not provide constructive notice because it has not been entered into the public record. Constructive notice only arises once a deed is recorded, making it accessible to the public and thereby establishing ownership rights against third parties.

<b>D) It is not valid until it is recorded.</b>  
This statement is accurate, as an unrecorded deed does not confer any legal rights until it is recorded in the appropriate jurisdiction. Recording provides legal validity and protects the interests of the grantee from claims by third parties.

<b>Conclusion</b>  
In summary, the validity of a deed hinges on its recording status; without recording, the deed offers no legal protection or acknowledgment of ownership. While essential elements like naming the grantee and including a legal description are necessary for a deed's completeness, the act of recording is what ultimately establishes the deed's legal standing. Thus, only a recorded deed can effectively serve as evidence of ownership and provide constructive notice to the public.",,Regular,
Real Estate Licensing Exams,Salesperson and Broker License Exam,Michigan Real Estate Exams,Michigan Real Estate Mock Exam,,"During a final walk-through, a buyer discovers that a small chandelier and a large mirror are missing. As part of the purchase agreement, the seller agreed to leave all fixtures. The buyer's agent requests their return. Must the seller return them?","No, because they are trade fixtures.","Yes, because they are fixtures.","No, because they are attached to the floor.",The primary power is one of the fixtures.,,,,B,"<h2>Yes, because they are fixtures.</h2>  
In real estate transactions, fixtures are items that are permanently attached to a property and are considered part of the sale. Since the seller agreed to leave all fixtures as part of the purchase agreement, the missing chandelier and mirror must be returned to the buyer.

<b>A) No, because they are trade fixtures.</b>  
Trade fixtures are items installed by a business tenant for their trade or business and can be removed by the tenant before the lease ends. In this scenario, the chandelier and mirror do not qualify as trade fixtures since they were not installed for business purposes, but rather as part of the property's aesthetic appeal.

<b>C) No, because they are attached to the floor.</b>  
While attachment to the floor can indicate that an item is a fixture, it is not the only determining factor. The chandelier may not be directly attached to the floor as it hangs from the ceiling, and both the chandelier and the mirror are intended to remain part of the property as agreed upon in the purchase contract.

<b>D) The primary power is one of the fixtures.</b>  
This option is unclear and does not relate to the specific items in question. ""Primary power"" does not accurately refer to the chandelier or mirror, nor does it address the contractual obligation regarding fixtures. The focus should remain on whether the items were intended to be included in the sale.

<b>Conclusion</b>  
In this case, the chandelier and mirror qualify as fixtures as they were agreed to be left by the seller in the purchase contract. The seller is obligated to return these items to the buyer, reinforcing the importance of clear agreements regarding fixtures in real estate transactions. Understanding the distinction between fixtures and other items ensures that buyers receive what they expect upon closing.",,Regular,
Real Estate Licensing Exams,Salesperson and Broker License Exam,Michigan Real Estate Exams,Michigan Real Estate Test Prep,,An advantage of a designated agency agreement is that:,The seller and buyer can each have representation from the same firm.,One agent can represent both buyer and seller.,Designated agency agreements are free.,The listing agent is still the buyer's agent for their own listing.,,,,A,"<h2>The seller and buyer can each have representation from the same firm.</h2>  
Designated agency agreements allow for both the seller and the buyer to be represented by different agents within the same brokerage. This arrangement ensures that both parties receive individual representation while benefiting from the resources and expertise of the same firm.

<b>A) The seller and buyer can each have representation from the same firm.</b>  
This is a key advantage of designated agency agreements, as it allows the brokerage to provide specialized agents for both the seller and buyer, facilitating a smoother transaction. Each party benefits from having dedicated representation while still being part of the same real estate firm, ensuring better communication and collaboration.

<b>B) One agent can represent both buyer and seller.</b>  
While it is true that one agent can represent both parties in a transaction, this arrangement is not specific to designated agency agreements. In traditional agency settings, dual agency can create conflicts of interest and does not guarantee individual representation for both parties. Designated agency specifically addresses this by assigning separate agents within the same firm.

<b>C) Designated agency agreements are free.</b>  
This statement is misleading, as designated agency agreements typically involve fees associated with the services provided by the agents. While the agreement itself may not have a direct cost, the representation and transaction services usually incur charges, which can vary by brokerage.

<b>D) The listing agent is still the buyer's agent for their own listing.</b>  
In a designated agency agreement, the listing agent represents the seller and cannot simultaneously act as the buyer's agent. This separation is crucial to avoid conflicts of interest and ensure that both the seller and buyer receive impartial representation from different agents within the same firm.

<b>Conclusion</b>  
Designated agency agreements provide the unique advantage of allowing both the seller and buyer to have dedicated representation from different agents within the same brokerage. This arrangement fosters effective communication and supports a balanced transaction process. In contrast, the other options highlight misconceptions or alternative agency structures that do not align with the fundamental principles of designated agency.",,Regular,
Real Estate Licensing Exams,Salesperson and Broker License Exam,Michigan Real Estate Exams,Michigan Real Estate Mock Exam,,The purchase agreement provides for release of earnest money to the seller after the buyer's property inspection. The seller requests the earnest money prior to the inspection. The broker should:,release the earnest money to the seller immediately.,notify the buyer of the seller's intention to release the earnest money.,release the earnest money on the buyer's verbal approval.,refuse to release the earnest money.,,,,D,"<h2>The broker should refuse to release the earnest money.</h2>  
The earnest money is typically held in trust until all conditions of the purchase agreement are satisfied, including the completion of the buyer's property inspection. Releasing the earnest money prior to the inspection would violate the terms of the agreement and could lead to legal complications.

<b>A) release the earnest money to the seller immediately.</b>  
Releasing the earnest money immediately would disregard the stipulations of the purchase agreement, which clearly states that the funds should not be released until after the property inspection. This action could expose the broker to liability for not adhering to the contractual obligations.

<b>B) notify the buyer of the seller's intention to release the earnest money.</b>  
While notifying the buyer is a good practice, it does not address the core issue of the seller's request. The broker must act in accordance with the purchase agreement, which does not allow for the release of earnest money before the inspection. Simply notifying the buyer without taking appropriate action does not protect their interests.

<b>C) release the earnest money on the buyer's verbal approval.</b>  
Even with the buyer's verbal approval, the broker is still bound by the terms of the purchase agreement. The agreement stipulates that the earnest money is to be released only after the inspection, and failing to follow this could lead to disputes or claims against the broker.

<b>Conclusion</b>  
In real estate transactions, adherence to the terms outlined in the purchase agreement is crucial for protecting all parties involved. The broker's obligation is to refuse the seller's request for early release of earnest money, ensuring that the buyer's rights and interests are maintained until all contractual conditions, including the property inspection, are fulfilled. This cautious approach helps avoid potential conflicts and maintains professional integrity in the transaction.",,Regular,
Real Estate Licensing Exams,Salesperson and Broker License Exam,Michigan Real Estate Exams,Michigan Real Estate Test Prep,,"A home is purchased with an 80% LTV loan. The buyer is making a $15,000 down payment, paying 1 point, and typical year-end loan and other closing costs. What is the sale price of the home?","$75,000","$93,750","$100,000","$118,750",,,,A,"<h2>$75,000</h2>  
To determine the sale price of the home, we can use the loan-to-value (LTV) ratio. An 80% LTV means the loan covers 80% of the sale price, while the down payment accounts for the remaining 20%. Given a $15,000 down payment, we can calculate the total sale price.

<b>A) $75,000</b>  
This choice is correct because if 80% of the home's price is financed, then a $15,000 down payment represents 20% of the sale price. To find the sale price, we can set up the equation: $15,000 = 20% of Sale Price. Solving for the Sale Price gives us $15,000 ÷ 0.20 = $75,000.

<b>B) $93,750</b>  
This option suggests an incorrect calculation where the down payment is not accurately represented as 20% of the sale price. If the home were priced at $93,750, the down payment would be $18,750 (20% of $93,750), which contradicts the stated down payment of $15,000.

<b>C) $100,000</b>  
At this price, the down payment would be $20,000 (20% of $100,000). This does not match the given down payment of $15,000, which indicates that the sale price must be lower to accommodate the correct down payment percentage.

<b>D) $118,750</b>  
If the home were priced at $118,750, the down payment would be $23,750 (20% of $118,750). Again, this does not align with the $15,000 down payment specified, further confirming that this option is incorrect.

<b>Conclusion</b>  
The sale price of the home is calculated based on the down payment and LTV ratio. With an 80% LTV and a $15,000 down payment, the correct sale price is $75,000, ensuring that the loan covers 80% of this amount. All other options fail to properly align the down payment with the corresponding sale price, leading to their incorrect status.",,Regular,
Real Estate Licensing Exams,Salesperson and Broker License Exam,Michigan Real Estate Exams,Michigan Real Estate Mock Exam,,"According to the Truth in Renting Act, which of the following is required to be contained in a lease?",A specific statement informing the tenant of their rights.,Informing the tenant of the eviction process.,Stating the penalties for violation of the lease.,A specific statement about the increases in rent.,,,,A,"<h2>A specific statement informing the tenant of their rights.</h2>  
The Truth in Renting Act mandates that leases must include a clear statement outlining the rights of tenants, ensuring that renters are fully aware of their legal protections and responsibilities within the rental agreement.

<b>A) A specific statement informing the tenant of their rights.</b>  
This choice is correct as the Truth in Renting Act explicitly requires that leases inform tenants of their rights. This provision is crucial for enhancing tenant awareness and protecting them from potential exploitation by landlords.

<b>B) Informing the tenant of the eviction process.</b>  
While understanding the eviction process is important for tenants, the Truth in Renting Act does not specifically mandate that leases include this information. Instead, the focus is primarily on tenant rights, which may indirectly relate to eviction but is not a required clause in the lease itself.

<b>C) Stating the penalties for violation of the lease.</b>  
Although penalties for lease violations may be included in some lease agreements, they are not a requirement under the Truth in Renting Act. This choice does not align with the specific legal obligations outlined in the Act, which centers on informing tenants about their rights rather than detailing penalties.

<b>D) A specific statement about the increases in rent.</b>  
Rent increase policies, while important, are not mandated to be included in leases according to the Truth in Renting Act. This choice does not address the essential requirement of informing tenants of their rights, which is the primary focus of the Act.

<b>Conclusion</b>  
The Truth in Renting Act emphasizes the necessity for leases to include a specific statement informing tenants of their rights, promoting transparency and legal awareness. Other elements, such as eviction processes, penalties, or rent increases, may be relevant but are not stipulated as requirements in the lease. Thus, understanding tenant rights is paramount for fostering a fair rental environment.",,Regular,
Real Estate Licensing Exams,Salesperson and Broker License Exam,Michigan Real Estate Exams,Michigan Real Estate Test Prep,,How are members of the Real Estate Commission selected?,Specifically by the operator.,Elected by a dialogue structure.,Appointed by the department.,Appointed by the governor's committee.,,,,D,"<h2>Members of the Real Estate Commission are appointed by the governor's committee.</h2>  
This selection process ensures that the members are chosen based on qualifications and oversight by a committee that represents the state's interests in real estate regulation.

<b>A) Specifically by the operator.</b>  
This choice suggests that an individual operator has the authority to select members, which is inaccurate. The selection process is designed to be impartial and involve broader oversight, rather than being left to a single operator.

<b>B) Elected by a dialogue structure.</b>  
While this option implies a participatory process, it inaccurately describes the method of selection. Members of the Real Estate Commission are not elected through a dialogue; instead, they are appointed to ensure a professional and regulated approach to real estate governance.

<b>C) Appointed by the department.</b>  
This choice implies that a specific department is responsible for appointments. However, the process involves a governor's committee rather than a department alone, emphasizing a more centralized and authoritative selection process.

<b>D) Appointed by the governor's committee.</b>  
This is the correct answer, as members of the Real Estate Commission are indeed appointed by a committee that operates under the governor's authority. This system helps maintain standards and accountability within the commission.

<b>Conclusion</b>  
The selection of members for the Real Estate Commission is a structured process, ensuring that individuals are appointed by the governor's committee rather than through individual operators or inconsistent methods. This appointment process helps uphold the integrity and effectiveness of the commission in overseeing real estate practices within the state.",,Regular,
Real Estate Licensing Exams,Salesperson and Broker License Exam,Michigan Real Estate Exams,Michigan Real Estate Mock Exam,,"A tenant has a commercial lease that requires the tenant to pay insurance, maintenance, and parking, but not repairs. What kind of lease does the tenant have?",Gross lease,Net lease,Percentage lease,Ground lease,,,,B,"<h2>A net lease requires the tenant to pay for certain costs in addition to rent.</h2>  
In this scenario, the tenant's obligation to cover insurance, maintenance, and parking expenses—while the landlord is responsible for repairs—fits the definition of a net lease. This type of lease structure typically shifts additional financial responsibilities to the tenant beyond just the base rent.

<b>A) Gross lease</b>  
A gross lease is one in which the landlord covers all operating expenses, including insurance, maintenance, and repairs, while the tenant pays a fixed rent amount. Since the tenant in this situation is responsible for several costs, this choice does not apply.

<b>B) Net lease</b>  
As previously stated, a net lease requires the tenant to pay certain costs, including insurance and maintenance, in addition to rent. In this case, the tenant's obligation to pay for insurance, maintenance, and parking aligns perfectly with the characteristics of a net lease, making this the correct answer.

<b>C) Percentage lease</b>  
A percentage lease typically involves a tenant paying a base rent plus a percentage of their sales revenue, often seen in retail settings. Since this scenario does not mention any sales figures or revenue sharing, this option is irrelevant to the lease type described.

<b>D) Ground lease</b>  
A ground lease is a long-term lease where a tenant is allowed to develop a piece of property during the lease term, typically for commercial purposes. This type of lease focuses on land use and development rights rather than the responsibilities for maintenance or insurance, making it an incorrect choice in this context.

<b>Conclusion</b>  
The lease in question exemplifies a net lease, where the tenant assumes specific financial responsibilities beyond base rent, namely for insurance, maintenance, and parking. In contrast, the gross lease, percentage lease, and ground lease each have distinct characteristics that do not align with the obligations outlined in this scenario, affirming the tenant's classification under a net lease arrangement.",,Regular,
Real Estate Licensing Exams,Salesperson and Broker License Exam,Michigan Real Estate Exams,Michigan Real Estate Test Prep,,A buyer is signing a contract as a corporation. The broker should:,Confirm that the corporation is in existence.,Get a personal guarantee of performance from the principal.,Obtain a power of attorney from the office.,Obtain a resolution of the board of directors authorizing the signing of the contract.,,,,D,"<h2>Obtain a resolution of the board of directors authorizing the signing of the contract.</h2>  
In corporate transactions, it is essential to have a formal resolution from the board of directors that grants authority to an individual to sign contracts on behalf of the corporation. This resolution ensures that the corporation is legally bound by the contract and protects the interests of both the corporation and the broker.

<b>A) Confirm that the corporation is in existence.</b>  
While confirming the existence of the corporation is important, it does not provide the necessary authority for an individual to sign contracts on behalf of the corporation. Existence alone does not guarantee that the signatory has the power to enter into legal agreements.

<b>B) Get a personal guarantee of performance from the principal.</b>  
Requesting a personal guarantee from the principal is not standard practice for corporate contracts and may not be necessary if the corporation has sufficient resources. This option does not establish the authority needed for the individual signing the contract, which is instead provided by a board resolution.

<b>C) Obtain a power of attorney from the office.</b>  
A power of attorney could allow an individual to act on behalf of the corporation, but it is not the standard method for authorizing contract signings. The more common and accepted approach is for the board of directors to issue a resolution specifically authorizing the transaction.

<b>Conclusion</b>  
In corporate settings, a board resolution is crucial for validating that an individual has the authority to sign contracts on behalf of the corporation. This formal approval protects all parties involved and ensures compliance with corporate governance. While confirming existence and obtaining guarantees or powers of attorney may have their roles, they do not replace the necessity of a board resolution for contract authorization.",,Regular,
Real Estate Licensing Exams,Salesperson and Broker License Exam,Michigan Real Estate Exams,Michigan Real Estate Mock Exam,,There is an agency relationship in the sale. The broker has the property listed. A buyer who is a customer needs to move soon. The broker must disclose to the seller:,The buyer's need to move soon.,The home is next to a park.,The home is across from a school.,The home is down the street from a neighbor.,,,,A,"<h2>The buyer's need to move soon.</h2>  
In this scenario, the broker has an obligation to disclose material information that could affect the seller's decision-making. The buyer's urgent need to move soon is a relevant fact that may influence the seller's willingness to negotiate or accept an offer.

<b>A) The buyer's need to move soon.</b>  
This choice is the correct answer because the buyer's urgency to move constitutes a material fact that could impact the seller's decision-making process. If the seller is aware of the buyer's situation, they may be more inclined to expedite negotiations or consider offers more seriously.

<b>B) The home is next to a park.</b>  
While the location of the home next to a park may be relevant for other reasons, it does not directly pertain to the buyer's situation or urgency. This information is more about the property than the buyer's needs and does not create an obligation for the broker to disclose it to the seller.

<b>C) The home is across from a school.</b>  
Similar to choice B, the fact that the home is across from a school relates to the property's characteristics rather than the buyer's circumstances. This detail does not impact the agency relationship or the necessity for the broker to communicate crucial information about the buyer's situation.

<b>D) The home is down the street from a neighbor.</b>  
This information is also property-related and does not pertain to the buyer's urgency or needs. It holds no significant relevance for the seller in evaluating the buyer's offer or situation, thus making it unnecessary for the broker to disclose.

<b>Conclusion</b>  
In an agency relationship, the broker must prioritize disclosing material facts that affect the seller's decisions. The buyer's need to move soon is a critical piece of information that could influence the seller's response, making it essential for the broker to communicate this urgency. Other choices fail to present relevant facts about the buyer, underscoring the importance of context in real estate transactions.",,Regular,
Real Estate Licensing Exams,Salesperson and Broker License Exam,Michigan Real Estate Exams,Michigan Real Estate Test Prep,,A new road is to be built for the benefit of adjacent property owners. This improvement will most likely be paid for by:,A new city shopping home.,A special assessment levied against the adjacent property owners.,A general tax that captures the adjacent property owners.,An appropriation from the city's general fund.,,,,B,"<h2>A special assessment levied against the adjacent property owners.</h2>  
When a new road is constructed primarily for the benefit of adjacent property owners, it is common for the costs to be covered by a special assessment. This method ensures that those who directly benefit from the improvement contribute to its funding, making it a fair and equitable approach for financing local infrastructure projects.

<b>A) A new city shopping home.</b>  
Constructing a new shopping home does not directly relate to funding road construction. While a shopping center may benefit from improved access, it does not equitably distribute the financial responsibility for the new road to the adjacent property owners who will primarily gain from this infrastructure improvement.

<b>B) A special assessment levied against the adjacent property owners.</b>  
This choice accurately reflects the common practice of requiring adjacent property owners to pay a special assessment for improvements that directly enhance their property values or access. Such assessments are typically proportional to the degree of benefit received from the new road, making it a logical and just funding mechanism.

<b>C) A general tax that captures the adjacent property owners.</b>  
A general tax applies to all residents in the area, regardless of whether they benefit from the new road. This approach is less equitable, as it does not ensure that those who receive specific benefits are the ones contributing to the costs, thus undermining the principle of benefit-based financing.

<b>D) An appropriation from the city's general fund.</b>  
Using the city's general fund to pay for the new road would spread the funding burden across all taxpayers, rather than targeting those who directly benefit. This method could lead to budgetary strain on the city and does not reflect the principle that those who benefit should primarily pay for improvements that serve them.

<b>Conclusion</b>  
In conclusion, a special assessment levied against adjacent property owners is the most appropriate method for funding a new road built for their benefit. This approach ensures that the financial responsibility is aligned with the benefits received, promoting fairness in local infrastructure financing. Other options fail to maintain this equity, either by overburdening all taxpayers or not directly linking benefits to costs.",,Regular,
Real Estate Licensing Exams,Salesperson and Broker License Exam,Michigan Real Estate Exams,Michigan Real Estate Mock Exam,,"If an owner wants to sell a property 'as is,' the listing agent should:",assume that the owner will accept an offer below the property's value.,"caution that if the buyer later discovers defects that were not disclosed, the listing agent is relieved of any responsibility.",caution the seller that they may still be liable for defects.,inform the buyer that the price is 'firm.',,,,C,"<h2>caution the seller that they may still be liable for defects.</h2>  
When a property is sold 'as is,' it indicates that the seller is not willing to make repairs or improvements. However, the seller can still be held legally responsible for undisclosed defects, which is crucial for the listing agent to communicate to avoid potential liabilities.

<b>A) assume that the owner will accept an offer below the property's value.</b>  
This choice incorrectly suggests that the agent should make assumptions about the seller's willingness to accept lower offers. Selling 'as is' does not inherently mean the property will sell for less; the seller may still seek offers that reflect the property's full market value.

<b>B) caution that if the buyer later discovers defects that were not disclosed, the listing agent is relieved of any responsibility.</b>  
This statement misrepresents the responsibilities of the listing agent. While it is true that an 'as is' sale limits the seller's obligations, it does not automatically relieve the agent of their duty to disclose known defects, which could still lead to liability.

<b>C) caution the seller that they may still be liable for defects.</b>  
This is the correct answer because it emphasizes the necessity for the listing agent to inform the seller about their potential legal responsibilities despite the 'as is' sale. Sellers can still face consequences if they fail to disclose known issues to potential buyers.

<b>D) inform the buyer that the price is 'firm.'</b>  
This option implies that the agent should communicate a fixed price, which is not a requirement in 'as is' sales. The price can still be negotiable, and the agent's role is to facilitate discussions rather than impose a firm price without the owner's consent.

<b>Conclusion</b>  
In an 'as is' property sale, it is essential for the listing agent to inform the seller that they may still be liable for undisclosed defects. This awareness protects both the seller and the agent from potential legal repercussions. The other choices misinterpret the implications of selling 'as is' and do not address the seller's ongoing responsibilities.",,Regular,
Real Estate Licensing Exams,Salesperson and Broker License Exam,Michigan Real Estate Exams,Michigan Real Estate Test Prep,,A developer has determined the geographic boundaries of individual sites. When will the developer be able to give access to them for development?,After the developer records point-of-file connections for the third team on record footage.,When local authorities press the developer a confidential user present missing residential construction.,"When the developer has submitted the plat map to local authorities, received approvals, and recorded it.","Immediately, as long as the zoning ordinance permits the residential use the developer is planning.",,,,C,"<h2>When the developer has submitted the plat map to local authorities, received approvals, and recorded it.</h2>
The developer can only grant access for development after completing the necessary legal and administrative processes, which include submitting the plat map and obtaining the required approvals from local authorities. This ensures that all development adheres to zoning regulations and local planning laws.

<b>A) After the developer records point-of-file connections for the third team on record footage.</b>  
This choice refers to a specific procedural step that does not directly relate to the overall approval process needed for site access. Recording point-of-file connections may be part of the development workflow, but it does not indicate that the developer has secured the necessary approvals to begin development.

<b>B) When local authorities press the developer a confidential user present missing residential construction.</b>  
This option suggests a scenario involving pressure from local authorities, which does not establish a clear basis for allowing access to the sites. The need for approvals and compliance with regulations is paramount, and this choice does not fulfill that requirement.

<b>C) When the developer has submitted the plat map to local authorities, received approvals, and recorded it.</b>  
This is the correct choice, as it outlines the complete process necessary for legal access to the development sites. The submission, approval, and recording of the plat map are essential steps that ensure compliance with zoning laws and local regulations.

<b>D) Immediately, as long as the zoning ordinance permits the residential use the developer is planning.</b>  
While zoning ordinances are important, immediate access without following the required approval process is unrealistic and not permitted. The developer must still complete formal steps to validate the development plans, regardless of zoning allowances.

<b>Conclusion</b>  
Access to development sites hinges on a developer's adherence to formal procedures, including the submission and approval of plat maps. While zoning ordinances influence the types of developments permitted, proper legal protocols must be followed to ensure compliance and prevent future disputes. The correct choice highlights these essential steps, reinforcing the importance of regulatory processes in real estate development.",,Regular,
Real Estate Licensing Exams,Salesperson and Broker License Exam,Minnesota Real Estate Exams,Minnesota Real Estate Practice Questions,,"In a commercial package policy, the conditions that apply to the entire policy are called the",Liability policy conditions.,Standard policy conditions.,Umbrella policy conditions.,Common policy conditions.,,,,D,"<h2>Common policy conditions apply to the entire commercial package policy.</h2>  
Common policy conditions outline the general provisions and requirements that govern the entirety of a commercial package policy, ensuring consistency and clarity across various coverage sections. These conditions set forth the obligations and rights of both the insurer and the insured, serving as essential guidelines for policy implementation.

<b>A) Liability policy conditions</b>  
Liability policy conditions specifically pertain to the terms and requirements associated with liability coverage within an insurance policy. While these conditions are crucial for understanding liability coverage, they do not encompass the full scope of conditions that apply to the entire commercial package policy, which includes other types of coverage as well.

<b>B) Standard policy conditions</b>  
Standard policy conditions refer to the typical provisions found in many insurance policies, but they are not a specific term used to describe conditions applicable to a commercial package policy. This term lacks the specificity needed to identify the conditions that govern the entire package, making it less appropriate in this context.

<b>C) Umbrella policy conditions</b>  
Umbrella policy conditions relate to additional coverage that extends beyond the limits of primary policies. While they provide extra liability protection, they are not relevant to the overarching conditions that apply to a commercial package policy. Umbrella policies serve a different purpose and do not define the standard terms applicable to the entire package.

<b>D) Common policy conditions</b>  
Common policy conditions encompass the essential terms and conditions that govern all aspects of a commercial package policy, ensuring clarity and uniformity across various coverage types. These conditions include provisions related to cancellation, changes in the policy, and other fundamental aspects that apply universally throughout the policy.

<b>Conclusion</b>  
In summary, common policy conditions are essential for maintaining consistency across all coverages within a commercial package policy. They establish the foundational rules that govern the entire policy, differentiating them from conditions that pertain to specific types of coverage, such as liability or umbrella policies. Understanding these common conditions is vital for both insurers and insureds to navigate their respective responsibilities and rights effectively.",,Regular,
Real Estate Licensing Exams,Salesperson and Broker License Exam,Minnesota Real Estate Exams,Minnesota Real Estate Exam Review,,"After a Minnesota Standard Fire policy on a home has been in effect for 60 days, the insurance company may cancel the policy only under which of the following circumstances?",The company discontinues coverage for that risk category.,The insured has a detached garage.,The insured failed to pay the premium on time.,The insured suffered a major loss and filed a claim.,,,,C,"<h2>The insured failed to pay the premium on time.</h2>  
Insurance policies typically allow for cancellation if the insured does not meet their obligation to pay premiums. After 60 days, if payment is not received, the insurer retains the right to terminate the policy due to non-payment.

<b>A) The company discontinues coverage for that risk category.</b>  
Insurance companies may choose to discontinue coverage for specific risk categories, but this scenario does not apply if the policy has been active for 60 days. The standard policy terms dictate that cancellation for this reason is not permissible once the grace period has elapsed.

<b>B) The insured has a detached garage.</b>  
Having a detached garage is not a valid reason for cancellation by the insurer after 60 days. Coverage typically extends to structures on the property, and the presence of a detached garage would not justify policy termination unless it poses a specific risk that was not previously disclosed.

<b>C) The insured failed to pay the premium on time.</b>  
Failure to pay premiums is a clear breach of the policy agreement, giving the insurance company the right to cancel the policy. This is a standard practice across insurance contracts, ensuring that coverage remains valid only when financial obligations are met.

<b>D) The insured suffered a major loss and filed a claim.</b>  
Filing a claim after suffering a major loss is not a valid reason for cancellation. In fact, most insurance policies are designed to protect the insured in such cases, and canceling a policy after a claim is typically against ethical and legal standards, ensuring that customers are not penalized for filing legitimate claims.

<b>Conclusion</b>  
In summary, after a Minnesota Standard Fire policy has been in effect for 60 days, the insurer can only cancel the policy if the insured fails to pay the premium on time. Other reasons such as risk category changes, property specifics, or filing claims do not qualify for cancellation under standard policy provisions, emphasizing the importance of meeting premium payment obligations to maintain coverage.",,Regular,
Real Estate Licensing Exams,Salesperson and Broker License Exam,Minnesota Real Estate Exams,Minnesota Real Estate Practice Questions,,Which of the following is a pure risk?,Ken buys a collector car as an investment.,A fundraising event that includes a poker game.,Joan's fur coat is stored at a storage facility.,Anne purchases several shares of stock in a computer company.,,,,C,"<h2>Joan's fur coat is stored at a storage facility.</h2>  
Storing Joan's fur coat represents a pure risk because it involves the possibility of loss without the potential for any financial gain. Unlike speculative risks, pure risks can only result in a loss or no loss at all, making them a key consideration in risk management.

<b>A) Ken buys a collector car as an investment.</b>  
This choice involves speculative risk, as Ken has the potential to make a profit or incur a loss based on the future value of the collector car. Investment decisions are inherently linked to both risk and reward, distinguishing them from situations classified as pure risks.

<b>B) A fundraising event that includes a poker game.</b>  
The poker game is a speculative activity where participants can either win or lose money, thus embodying risk that can lead to financial gain or loss. This characteristic makes it a speculative risk rather than a pure risk, which only encompasses loss scenarios.

<b>D) Anne purchases several shares of stock in a computer company.</b>  
Anne's investment in stocks is another example of speculative risk. The value of shares can fluctuate, allowing for potential profits or losses based on market performance. This variability in outcomes categorizes it distinctly apart from pure risks, which do not offer any possibility for gain.

<b>Conclusion</b>  
In risk classification, pure risks involve scenarios that can only lead to loss, such as the storage of Joan's fur coat, while speculative risks involve the chance of both loss and profit. The examples of Ken's car investment, the poker game, and Anne's stock purchase all illustrate speculative risks, affirming that only the situation regarding Joan's fur coat represents a pure risk in this context. Understanding the distinction between these types of risks is crucial for effective risk management and decision-making.",,Regular,
Real Estate Licensing Exams,Salesperson and Broker License Exam,Minnesota Real Estate Exams,Minnesota Real Estate Exam Review,,The Minnesota Commissioner of Commerce is authorized to accredit a continuing education course ONLY if the course:,prepares students for the state licensing examination,teaches business and office skills,provides information about the insurance field,has been accredited by the Department of Education,,,,C,"<h2>provides information about the insurance field.</h2>  
The Minnesota Commissioner of Commerce is specifically tasked with accrediting continuing education courses that are focused on informing participants about the insurance industry. This requirement ensures that the courses are relevant and beneficial for professionals seeking to advance their knowledge in the field.

<b>A) prepares students for the state licensing examination</b>  
While preparing for the state licensing examination is important, it is not a requirement for a course to be accredited by the Minnesota Commissioner of Commerce. The focus is instead on providing relevant information about the insurance field, which may or may not directly relate to exam preparation.

<b>B) teaches business and office skills</b>  
Courses that teach general business and office skills may be valuable; however, they do not meet the specific criteria for accreditation set forth by the Commissioner of Commerce. Accreditation is contingent upon the course's relevance to the insurance field, rather than general skills applicable to various professions.

<b>C) provides information about the insurance field</b>  
Accreditation by the Minnesota Commissioner of Commerce is granted specifically to courses that provide information pertinent to the insurance sector. This focus ensures that continuing education for insurance professionals is relevant and enhances their understanding of the industry.

<b>D) has been accredited by the Department of Education</b>  
Accreditation from the Department of Education does not fulfill the specific criteria needed for a course to be accredited by the Minnesota Commissioner of Commerce. The emphasis lies solely on the course's content related to the insurance field, rather than its accreditation status from other educational bodies.

<b>Conclusion</b>  
The Minnesota Commissioner of Commerce grants accreditation to continuing education courses based on their content's relevance to the insurance industry. Among the options, the course that provides information about the insurance field meets the necessary criteria for accreditation, while the other choices refer to unrelated or broader topics. This targeted approach ensures that professionals receive education that is directly applicable to their work in insurance.",,Regular,
Real Estate Licensing Exams,Salesperson and Broker License Exam,Minnesota Real Estate Exams,Minnesota Real Estate Practice Questions,,"The ""Your Duties If Injury Occurs"" section of the workers' compensation policy does NOT require the insured to",report the injury to the state.,report the injury to the insurer.,provide medical services for injured party.,cooperate with the Insurer's investigation.,,,,C,"<h2>provide medical services for injured party.</h2>  
The ""Your Duties If Injury Occurs"" section of the workers' compensation policy outlines the responsibilities of the insured when an injury occurs, but it does not obligate them to provide medical services for the injured party. Instead, the policy focuses on reporting and cooperating with investigations.

<b>A) report the injury to the state.</b>  
This duty is crucial as most jurisdictions require employers to report workplace injuries to state authorities to ensure compliance with legal regulations. Failing to report can result in penalties and affect the employer's workers' compensation coverage.

<b>B) report the injury to the insurer.</b>  
Reporting the injury to the insurer is essential for initiating the claims process, allowing the insurer to assess the situation, provide necessary benefits, and manage claims effectively. This duty ensures the injured party receives timely compensation and medical care.

<b>C) provide medical services for injured party.</b>  
While the employer must ensure that injured workers receive medical care, the policy does not require the insured to directly provide these medical services. Instead, the obligation typically falls on the workers' compensation insurer to arrange and cover medical treatments for the injured party.

<b>D) cooperate with the Insurer's investigation.</b>  
Cooperation with the insurer's investigation is a mandatory duty, allowing for a thorough examination of the circumstances surrounding the injury. This cooperation helps in determining liability and ensuring that proper compensation is awarded.

<b>Conclusion</b>  
The duties outlined in the workers' compensation policy emphasize reporting and cooperation rather than direct provision of medical services. While employers must ensure that injured employees receive necessary medical care, they are not required to provide these services themselves. Understanding these distinctions is vital for compliance and effective claims management in the workers' compensation system.",,Regular,
Real Estate Licensing Exams,Salesperson and Broker License Exam,Minnesota Real Estate Exams,Minnesota Real Estate Exam Review,,"Under Minnesota insurance law, a producer who knowingly makes a false statement in an application for insurance is guilty of:",a felony,gross negligence,a gross misdemeanor,a petty misdemeanor,,,,C,"<h2>A producer who knowingly makes a false statement in an application for insurance is guilty of a gross misdemeanor.</h2>  
In Minnesota, insurance law explicitly categorizes the act of knowingly providing false information in an insurance application as a gross misdemeanor, which carries specific legal implications and potential penalties for the producer involved.

<b>A) a felony</b>  
A felony represents a more severe classification of crime, typically involving significant harm or intent to defraud that results in harsher penalties, including substantial prison time. However, under Minnesota law, making a false statement in an insurance application does not reach the threshold of a felony, as it is classified instead as a gross misdemeanor.

<b>B) gross negligence</b>  
Gross negligence refers to a severe lack of care or failure to act in a manner that a reasonable person would under similar circumstances. While knowingly making a false statement could be seen as irresponsible, it is not classified as gross negligence under Minnesota insurance law. Instead, it is treated as a specific criminal offense—namely, a gross misdemeanor.

<b>C) a gross misdemeanor</b>  
This is the correct classification under Minnesota insurance law for a producer who knowingly makes a false statement in an insurance application. A gross misdemeanor indicates that the act is criminal in nature but less severe than a felony, allowing for penalties that may include fines and imprisonment, though typically for a shorter duration than felonies.

<b>D) a petty misdemeanor</b>  
A petty misdemeanor is the least serious type of crime, usually punishable by fines only and not involving jail time. Since the act of knowingly making false statements in an insurance application is deemed more serious, it is classified as a gross misdemeanor rather than a petty misdemeanor.

<b>Conclusion</b>  
Under Minnesota insurance law, knowingly making false statements in an insurance application constitutes a gross misdemeanor, reflecting the legal framework's recognition of the seriousness of such deceptive practices. This classification serves to uphold integrity in the insurance industry while providing a structured penalty system for those who violate these standards. Understanding this distinction is crucial for insurance producers operating within the state.",,Regular,
Real Estate Licensing Exams,Salesperson and Broker License Exam,Minnesota Real Estate Exams,Minnesota Real Estate Practice Questions,,"All of the following are considered intangible, non-economic damages EXCEPT",medical bills.,punitive damages.,loss of consortium.,pain and suffering.,,,,A,"<h2>Medical bills are considered tangible, economic damages.</h2>  
Medical bills represent actual financial expenses incurred due to injury or illness, classifying them as tangible, economic damages. These costs can be quantified and documented, making them distinct from intangible damages, which do not have a direct financial cost.

<b>A) Medical bills</b>  
Medical bills are expenses that arise from medical treatment, including hospital stays, surgeries, and medications. These costs are concrete and can be calculated, making them economic rather than intangible. In legal terms, they represent a financial loss that the injured party has incurred, clearly differentiating them from non-economic damages.

<b>B) Punitive damages</b>  
Punitive damages are awarded in lawsuits as a means to punish the wrongdoer and deter similar conduct in the future. Although they are a form of damages awarded for wrongful acts, they are considered non-economic as they are not directly tied to specific financial losses and serve more to address the severity of the defendant's actions.

<b>C) Loss of consortium</b>  
Loss of consortium refers to the deprivation of the benefits of a family relationship due to injuries inflicted on a loved one. This type of damage is considered non-economic because it pertains to the emotional and relational impacts rather than quantifiable financial losses.

<b>D) Pain and suffering</b>  
Pain and suffering damages compensate for the physical and emotional distress caused by an injury. These are inherently non-economic as they encompass subjective experiences that cannot be easily measured in monetary terms.

<b>Conclusion</b>  
In legal contexts, it is crucial to differentiate between tangible economic damages and intangible non-economic damages. Medical bills distinctly represent economic losses that can be calculated, while punitive damages, loss of consortium, and pain and suffering address broader impacts that lack direct financial quantification. Understanding these categories helps in accurately assessing claims within legal frameworks.",,Regular,
Real Estate Licensing Exams,Salesperson and Broker License Exam,Minnesota Real Estate Exams,Minnesota Real Estate Exam Review,,"Under a Personal Injury Protection (PIP) claim, the insured CANNOT sue the at-fault party unless their medical expenses exceed","$2,000.00","$4,000.00","$6,000.00","$8,000.00",,,,B,"<h2>$4,000.</h2>  
In many jurisdictions, under Personal Injury Protection (PIP) laws, the insured is generally prohibited from suing the at-fault party unless their medical expenses exceed a threshold amount, which is commonly set at $4,000. This limit helps to streamline the claims process and reduce the number of lawsuits stemming from minor injuries.

<b>A) $2,000.</b>  
While $2,000 might seem like a plausible threshold for some states, it is typically lower than the standard threshold for filing a lawsuit under PIP claims. Most states require medical expenses to exceed $4,000 before allowing the insured to seek damages from the at-fault party.

<b>B) $4,000.</b>  
This amount represents the common threshold set by many jurisdictions for medical expenses that must be exceeded before an insured can sue the at-fault party. It serves to filter out minor claims and reduce litigation, ensuring that only more serious injuries warrant a lawsuit.

<b>C) $6,000.</b>  
$6,000 is above the typical threshold for most PIP claims, making it an incorrect answer. While some states may set higher limits, the majority maintain the $4,000 threshold to balance the interests of claimants and the legal system.

<b>D) $8,000.</b>  
Similar to $6,000, $8,000 exceeds the common threshold for filing a lawsuit under PIP claims. This amount would further restrict access to legal recourse for individuals with serious injuries, which is contrary to the intent of PIP coverage.

<b>Conclusion</b>  
In summary, the threshold for suing an at-fault party under a Personal Injury Protection claim is typically set at $4,000 in medical expenses. This limit serves to prevent trivial lawsuits while allowing individuals with significant injuries to seek appropriate legal remedies. Understanding this threshold is crucial for navigating PIP claims effectively.",,Regular,
Real Estate Licensing Exams,Salesperson and Broker License Exam,Minnesota Real Estate Exams,Minnesota Real Estate Practice Questions,,"While making a delivery for an employee, an employee's car was struck by a truck that went through a red light. The employee suffered a broken arm. In this situation, coverage for the injuries would most likely be provided by the:",truck driver's personal auto insurance,employee's general hospitalization plan,employee's personal No-Fault Insurance,employer's Workers' Compensation Insurance,,,,C,"<h2>Coverage for the injuries would most likely be provided by the employee's personal No-Fault Insurance.</h2>  
In this scenario, the employee's personal No-Fault Insurance is likely to provide coverage for injuries sustained in an accident, regardless of fault. This type of insurance is designed to cover medical expenses and lost wages for the policyholder, making it applicable in cases like this where the employee is injured while driving.

<b>A) truck driver's personal auto insurance</b>  
While the truck driver may be liable for the accident due to running a red light, their personal auto insurance would typically cover damages to third parties rather than the driver's own injuries. Since the employee is not a third party to the truck driver's policy, this option does not directly address the coverage needed for the employee's injuries.

<b>B) employee's general hospitalization plan</b>  
An employee's general hospitalization plan may cover hospital expenses, but it does not specifically address injury-related costs incurred from an automobile accident. This type of plan is not designed to provide comprehensive coverage for injuries sustained while driving, especially in a work-related context.

<b>D) employer's Workers' Compensation Insurance</b>  
Although Workers' Compensation Insurance would cover work-related injuries, it typically applies when the employee is engaged in their job duties. However, since the accident occurred while the employee was driving their vehicle—not while performing a task at the workplace—this insurance may not fully cover the specific injuries from this incident.

<b>Conclusion</b>  
In this case, the employee's personal No-Fault Insurance offers the most direct and comprehensive coverage for injuries resulting from the car accident. This insurance type is specifically designed to address medical expenses and other damages related to automobile accidents, ensuring the employee receives appropriate compensation for their injuries sustained during the delivery. Other options, while relevant in different contexts, do not provide the necessary coverage in this particular situation.",,Regular,
Real Estate Licensing Exams,Salesperson and Broker License Exam,Minnesota Real Estate Exams,Minnesota Real Estate Exam Review,,Leah provides transportation for her client to their business lunch. Leah's client closes the car door on her own hand. What type of coverage applies?,Physical damage.,Liability.,Medical payments.,Health insurance.,,,,C,"<h2>Medical payments coverage applies in this scenario.</h2>  
Medical payments coverage helps cover medical expenses incurred due to injuries sustained in an accident, regardless of fault. In this case, since Leah's client accidentally closed the car door on her own hand, this type of coverage would address the medical costs associated with that injury.

<b>A) Physical damage.</b>  
Physical damage coverage generally refers to insurance that covers damage to the vehicle itself, such as collision or comprehensive coverage. In this scenario, there is no damage to the vehicle; rather, the focus is on the injury to the client's hand, making physical damage coverage irrelevant.

<b>B) Liability.</b>  
Liability coverage protects the insured from claims brought by others for bodily injury or property damage caused by their actions. However, since the injury was self-inflicted by the client and not due to Leah's actions, liability coverage does not apply here, as there is no third-party claim involved.

<b>C) Medical payments.</b>  
Medical payments coverage is specifically designed to cover medical expenses for injuries sustained in an accident, regardless of who is at fault. In this case, it directly addresses the situation where Leah's client accidentally injured herself, making it the most applicable type of coverage.

<b>D) Health insurance.</b>  
Health insurance covers a broader range of medical expenses for individuals, but it is not specific to accidents that occur in a vehicle. In this case, the incident is directly related to the transportation provided by Leah, making medical payments coverage more appropriate for addressing the immediate medical costs arising from the injury.

<b>Conclusion</b>  
In summary, medical payments coverage is the most relevant to the scenario where Leah's client injures herself by closing the car door on her own hand. This type of coverage ensures that medical expenses resulting from such accidents are addressed, while the other options either relate to vehicle damage, liability for third-party claims, or general health coverage that does not specifically apply to this incident.",,Regular,
Real Estate Licensing Exams,Salesperson and Broker License Exam,Minnesota Real Estate Exams,Minnesota Real Estate Practice Questions,,A homeowner wishes to purchase coverage for a home built in 1850. The home was constructed with hand-carved crown molding and banisters. The market value of the home is significantly less than the actual cost to replace the home. Which policy would BEST suit this customer?,HQ-3,HQ-5,HQ-6,HQ-8,,,,D,"<h2>HQ-8 would BEST suit this customer.</h2>  
The HQ-8 policy is designed for homes with unique features or historical significance, offering coverage that reflects the replacement cost of special materials and craftsmanship, such as hand-carved crown molding and banisters, rather than just the market value.

<b>A) HQ-3</b>  
The HQ-3 policy typically provides standard coverage for homes without significant unique features or historical value. It focuses on market value rather than replacement cost, which would not adequately cover the unique characteristics of a home built in 1850. 

<b>B) HQ-5</b>  
While the HQ-5 policy provides better coverage than the HQ-3, it still primarily addresses homes with modern amenities and does not fully account for the replacement costs of historical elements. This makes it unsuitable for a homeowner seeking comprehensive coverage for unique, handcrafted features.

<b>C) HQ-6</b>  
The HQ-6 policy offers enhanced coverage but may not be tailored enough to address the specific needs of a historic home. It generally focuses on homes with some unique features but lacks the depth of coverage required for homes with extensive historical craftsmanship, like the one in question.

<b>D) HQ-8</b>  
The HQ-8 policy specifically caters to older or historically significant homes, ensuring that all unique features, such as hand-carved molding and banisters, are fully covered at their replacement cost. This policy is ideal for a homeowner who needs adequate coverage beyond just market value.

<b>Conclusion</b>  
For a homeowner with a historic property built in 1850, the HQ-8 policy stands out as the best option. It recognizes the importance of unique architectural details and offers replacement cost coverage, which is critical given that the market value is significantly lower than the actual cost to replace such a home. This ensures that the homeowner is adequately protected against potential losses.",,Regular,
Real Estate Licensing Exams,Salesperson and Broker License Exam,Minnesota Real Estate Exams,Minnesota Real Estate Exam Review,,Misrepresentation of what facts will result in a voided contract?,Material,Any,Known,Age,,,,A,"<h2>Misrepresentation of material facts will result in a voided contract.</h2>  
Material facts are essential elements that influence a party's decision to enter into a contract. If a party misrepresents these facts, it can lead to a voided contract because the misrepresentation undermines the contractual agreement's validity.

<b>A) Material</b>  
Misrepresentation of material facts refers to false statements that are significant enough to affect the decision-making process of the parties involved in a contract. If a material fact is misrepresented, the deceived party may choose to void the contract, as the agreement was based on incorrect or misleading information that significantly influenced their consent.

<b>B) Any</b>  
The term ""any"" is overly broad and implies that any misrepresentation, regardless of its significance, would void a contract. However, not all misrepresentations are material; only those that significantly affect the decision-making of the involved parties can lead to a voided contract. Therefore, this choice fails to identify the specific nature of misrepresentation required to void a contract.

<b>C) Known</b>  
Misrepresentation of ""known"" facts suggests that only facts that are already known to one party can result in a voided contract. However, misrepresentation can occur regarding unknown facts that are material to the contract. Thus, this choice incorrectly limits the scope of misrepresentation necessary to void a contract.

<b>D) Age</b>  
While age can be a relevant factor in certain contracts, it does not universally apply to all situations involving contract misrepresentation. It is not a material fact in every contract scenario, and misrepresenting age alone does not guarantee that a contract will be voided. This choice misrepresents the broader context of materiality in contract law.

<b>Conclusion</b>  
In the realm of contract law, misrepresentation of material facts is crucial for determining the validity of an agreement. Material facts are those that significantly influence a party's decision to enter into a contract, and misrepresenting them can lead to a voided contract. Other options fail to capture the specific nature of materiality required in such legal contexts. Understanding these principles is vital for ensuring fair and enforceable contracts.",,Regular,
Real Estate Licensing Exams,Salesperson and Broker License Exam,Minnesota Real Estate Exams,Minnesota Real Estate Practice Questions,,"The premiums for Workers' Compensation and General Liability are based on estimates at the start of the policy. After the policy expires, the insurer will adjust the premium to reflect the actual exposures the insured had during the policy period. This process is called",a policy endorsement.,an installment.,experience rating.,an audit.,,,,D,"<h2>An audit.</h2>  
An audit is the process by which an insurer reviews and adjusts the premiums based on the actual exposures that occurred during the policy period, ensuring that the insured pays a fair premium relative to their risk.

<b>A) A policy endorsement.</b>  
A policy endorsement is a modification or addition to an insurance policy that changes the terms, coverage, or limits. While endorsements can adjust coverage mid-term, they do not pertain to the process of adjusting premiums based on actual risk exposure after the policy period.

<b>B) An installment.</b>  
An installment refers to a payment method where the total premium is divided into smaller payments. This term does not relate to the assessment or adjustment of premiums based on actual exposures after the policy has expired, which is the focus of the question.

<b>C) Experience rating.</b>  
Experience rating is a method used to adjust premiums based on the insured's past claims history and risk profile. Although related to premium adjustments, it does not specifically refer to the post-policy review of actual exposures, which is what an audit entails.

<b>Conclusion</b>  
The adjustment of premiums based on actual exposures during the policy period is known as an audit. This process ensures that the insured's premium reflects the true level of risk they presented, differentiating it from other terms like endorsements, installments, and experience ratings, which have different implications in the insurance context.",,Regular,
Real Estate Licensing Exams,Salesperson and Broker License Exam,Minnesota Real Estate Exams,Minnesota Real Estate Exam Review,,Which section of an insurance policy clarifies the meanings of certain terms used in the policy?,conditions,declarations,definitions,insuring agreements,,,,C,"<h2>Definitions clarify the meanings of certain terms used in an insurance policy.</h2>  
The definitions section of an insurance policy explicitly outlines the meanings of specific terms, ensuring that both the insurer and the insured have a clear understanding of the language used throughout the policy document.

<b>A) Conditions</b>  
The conditions section outlines the obligations and responsibilities of both the insurer and the insured, detailing what is required for coverage to be valid. While it may reference certain terms, it does not serve to define them, which is the primary purpose of the definitions section.

<b>B) Declarations</b>  
The declarations section provides important information such as the names of the insured parties, the policy period, and the coverage limits. Although it includes key details, it does not focus on explaining the meanings of specific terms found within the policy language.

<b>D) Insuring agreements</b>  
Insuring agreements specify the coverage provided under the policy and delineate what risks are insured. While this section is crucial for understanding coverage, it does not clarify terms or concepts, which is the role of the definitions section.

<b>Conclusion</b>  
The definitions section is essential for decoding the terminology used in insurance policies, allowing both parties to comprehend their rights and responsibilities clearly. By providing clarity on specific terms, this section plays a critical role in preventing misunderstandings and disputes over the policy's provisions. Understanding the distinctions between the different sections of an insurance policy helps ensure that all parties are aware of their obligations and the scope of coverage provided.",,Regular,
Real Estate Licensing Exams,Salesperson and Broker License Exam,Minnesota Real Estate Exams,Minnesota Real Estate Practice Questions,,"When a policy is cancelled by the insured, the insured",surrenders the unearned premium.,receives all premiums paid.,cancels all unresolved claims.,surrenders the policy.,,,,A,"<h2>The insured surrenders the unearned premium when canceling a policy.</h2>  
When an insured cancels a policy, they are entitled to receive a refund for the portion of the premium that corresponds to the unused coverage period. This refund is known as the unearned premium, which reflects the amount the insurer did not earn due to the early cancellation of the policy.

<b>A) Surrenders the unearned premium.</b>  
This statement accurately describes the process when an insured cancels a policy. The unearned premium is the amount of premium that corresponds to the time remaining on the policy after cancellation. The insured is entitled to receive this refund, which reflects the insurer's obligation to return funds for coverage not utilized.

<b>B) Receives all premiums paid.</b>  
This statement is incorrect because the insured does not receive a refund for all premiums paid. Instead, they only receive a refund for the unearned portion of the premium. If premiums were paid for coverage that has already been used, those amounts are not refundable.

<b>C) Cancels all unresolved claims.</b>  
This option is misleading because canceling a policy does not automatically cancel unresolved claims. Any claims that were filed prior to cancellation will still need to be addressed according to the terms of the policy, regardless of whether the policy is active or canceled.

<b>D) Surrenders the policy.</b>  
While it is true that the insured cancels the policy, the term ""surrenders"" typically implies a voluntary relinquishing of rights without any financial return. In this context, it does not accurately reflect the insured's entitlement to a refund of the unearned premium upon cancellation.

<b>Conclusion</b>  
When an insured cancels a policy, they are entitled to the unearned premium, which is the refund for the unused part of the premium. This is a crucial aspect of insurance policies, ensuring that insured individuals receive fair compensation for any coverage they did not utilize. Other choices either misrepresent the situation or fail to accurately describe the implications of policy cancellation.",,Regular,
Real Estate Licensing Exams,Salesperson and Broker License Exam,Minnesota Real Estate Exams,Minnesota Real Estate Exam Review,,"In Minnesota, a person who does not own a car and is injured by a hit and run driver may apply for benefits through the:",Automobile Insurance Plan (AIP),Second Injury Fund,Minnesota Automobile Assigned Claims Bureau,FAIR Plan,,,,C,"<h2>Minnesota Automobile Assigned Claims Bureau provides benefits for those injured by hit and run drivers without car ownership.</h2>  
This bureau assists individuals who do not have automobile insurance, including those injured by uninsured or hit and run drivers. It ensures that victims can receive compensation for their injuries and losses even if they lack personal car insurance coverage.

<b>A) Automobile Insurance Plan (AIP)</b>  
The Automobile Insurance Plan (AIP) is designed for high-risk drivers who are unable to obtain insurance through standard means. However, it does not specifically provide benefits for individuals without insurance who are injured by hit and run drivers. Therefore, this option does not apply to the scenario described.

<b>B) Second Injury Fund</b>  
The Second Injury Fund is a component of workers' compensation that helps employers when an employee is injured and has a pre-existing disability. This fund is not applicable to cases involving hit and run accidents outside of the workplace or for individuals who do not own a vehicle, making it an irrelevant choice for this situation.

<b>D) FAIR Plan</b>  
The FAIR Plan (Fair Access to Insurance Requirements) is designed to provide insurance to those who are unable to obtain it through standard markets, typically for property insurance. It does not provide compensation for personal injury due to traffic incidents, particularly related to hit and run drivers, thereby making it an unsuitable option for the question at hand.

<b>Conclusion</b>  
In Minnesota, when a person who does not own a car is injured by a hit and run driver, the Minnesota Automobile Assigned Claims Bureau is the correct entity to approach for benefits. This organization specifically assists uninsured victims in receiving compensation for injuries sustained in such accidents, while the other options listed serve different purposes or do not address the needs of a hit and run victim without car ownership.",,Regular,
Real Estate Licensing Exams,Salesperson and Broker License Exam,Minnesota Real Estate Exams,Minnesota Real Estate Practice Questions,,Which of the following is covered under the builder's risk coverage form?,A contractor's pickup truck.,A contractor's tools.,A sign on the property advertising a contractor's work.,Lumber stored on site to be used in framing.,,,,D,"<h2>Lumber stored on site to be used in framing is covered under the builder's risk coverage form.</h2>  
Builder's risk coverage is designed to protect buildings under construction, including materials on site intended for use in the construction process. Lumber stored on site is considered part of the property being insured, making it eligible for coverage.

<b>A) A contractor's pickup truck</b>  
A contractor's pickup truck is classified as a vehicle and typically falls under an auto insurance policy rather than a builder's risk policy. Builder's risk coverage does not extend to vehicles, regardless of their use in the construction process.

<b>B) A contractor's tools</b>  
While a contractor's tools are essential for construction, they are usually covered under a separate policy, such as a tools and equipment insurance policy. Builder's risk coverage primarily focuses on the structure and materials directly related to the construction project, not individual tools.

<b>C) A sign on the property advertising a contractor's work</b>  
A sign advertising a contractor's work is generally considered personal property and not part of the building structure itself. Builder's risk coverage is meant for materials and structures involved in the construction, thus excluding signage unless explicitly included in the policy.

<b>D) Lumber stored on site to be used in framing</b>  
Lumber intended for use in framing a building is covered under builder's risk because it is a material that contributes directly to the construction of the property. This coverage is crucial for protecting the investment in materials that will become part of the finished structure.

<b>Conclusion</b>  
Builder's risk coverage is specifically tailored to protect the construction site and materials intended for use in the project. Lumber stored on site is a vital component of the construction process and thus falls under this type of insurance. In contrast, vehicles, tools, and advertising signs are not covered as they do not directly relate to the structure being built. Understanding these distinctions helps ensure adequate coverage during construction activities.",,Regular,
Real Estate Licensing Exams,Salesperson and Broker License Exam,Minnesota Real Estate Exams,Minnesota Real Estate Exam Review,,The HO-3 homeowners form covers perils in which of the following ways?,"Open perils on coverage A, B, and C.","Open perils on coverage A and B, named perils on coverage C.","Named perils on coverage A and B, open perils on coverage C.","Open perils on coverage A, named perils on coverage B and C.",,,,B,"<h2>HO-3 homeowners form covers open perils on coverage A and B, named perils on coverage C.</h2>  
The HO-3 homeowners insurance policy provides comprehensive coverage for the dwelling (Coverage A) and other structures (Coverage B) under an open perils basis, while personal property (Coverage C) is covered under named perils. This structure allows for broad protection of the home and its structures while specifying certain risks for personal property.

<b>A) Open perils on coverage A, B, and C.</b>  
This choice incorrectly states that Coverage C is also covered under open perils. In reality, Coverage C (personal property) is typically covered for named perils only, meaning that it does not provide the same extensive protection as Coverage A and B.

<b>B) Open perils on coverage A and B, named perils on coverage C.</b>  
This is the correct answer as it accurately reflects the coverage structure of the HO-3 policy. Coverage A (dwelling) and Coverage B (other structures) are protected against all risks except those specifically excluded, while Coverage C (personal property) is limited to perils that are explicitly named in the policy.

<b>C) Named perils on coverage A and B, open perils on coverage C.</b>  
This choice is inaccurate because it reverses the correct coverage types. Coverage A and B are covered under an open perils basis, not named perils, while Coverage C is the only one that has named perils coverage.

<b>D) Open perils on coverage A, named perils on coverage B and C.</b>  
This option misrepresents the coverage for Coverage B. While Coverage A does cover open perils, Coverage B also shares this open perils protection. Only Coverage C is subject to named perils.

<b>Conclusion</b>  
The HO-3 homeowners form offers robust protection by providing open perils coverage for the dwelling and other structures, while personal property is safeguarded under named perils. Understanding this distinction is crucial for homeowners to ensure they have adequate protection for their assets. The correct coverage structure allows homeowners to navigate risks effectively, aligning with the specific protections outlined in their policy.",,Regular,
Real Estate Licensing Exams,Salesperson and Broker License Exam,Minnesota Real Estate Exams,Minnesota Real Estate Practice Questions,,Which of the following statements applies to a mortgagee listed on a homeowners policy?,The mortgagee may file a proof of loss if the insured fails to do so.,The mortgagee is not required to have insurable interest in the property.,The mortgagee is not protected for accidental injuries occurring on the property.,The policy will pay the mortgagee's loss of income in the event of a catastrophic covered loss.,,,,A,"<h2>The mortgagee may file a proof of loss if the insured fails to do so.</h2>  
In homeowners insurance policies, the mortgagee is granted specific rights to ensure their financial interests are protected. If the insured fails to file a proof of loss after a covered event, the mortgagee has the right to file it on their behalf to facilitate the claims process.

<b>A) The mortgagee may file a proof of loss if the insured fails to do so.</b>  
This statement is accurate because mortgagees are often included in homeowners insurance policies to protect their financial interest in the property. If the insured fails to submit a proof of loss, the mortgagee is permitted to do so, ensuring that the claim can be processed.

<b>B) The mortgagee is not required to have insurable interest in the property.</b>  
This statement is incorrect because a mortgagee must have an insurable interest in the property to be listed on the homeowners policy. This interest arises from the financial stake the mortgagee has in the property, which is secured by the mortgage itself.

<b>C) The mortgagee is not protected for accidental injuries occurring on the property.</b>  
This statement is misleading as it implies that the mortgagee has no coverage regarding injuries on the property. While the mortgagee does not directly receive liability coverage, the homeowners policy protects the property itself, which indirectly safeguards the mortgagee's interest against claims.

<b>D) The policy will pay the mortgagee's loss of income in the event of a catastrophic covered loss.</b>  
This statement is incorrect because homeowners insurance generally does not cover loss of income for the mortgagee in the event of a catastrophic loss. The policy primarily covers physical damage to the property and personal liability, not income loss related to property damage.

<b>Conclusion</b>  
The role of the mortgagee in a homeowners policy is crucial for protecting their financial interests. The ability of the mortgagee to file a proof of loss serves as an essential safeguard for ensuring claims are processed, protecting both the homeowner and the lender. Understanding these rights helps clarify the responsibilities and protections afforded to mortgagees under homeowners insurance policies.",,Regular,
Real Estate Licensing Exams,Salesperson and Broker License Exam,Minnesota Real Estate Exams,Minnesota Real Estate Exam Review,,All of the following are elements of an insuring agreement EXCEPT,acceptance.,consideration.,negotiation.,offer.,,,,C,"<h2>Negotiation is not an element of an insuring agreement.</h2>  
An insuring agreement typically consists of the essential components that establish the terms of the insurance contract, such as acceptance, consideration, and offer. Negotiation, while potentially involved in the initial discussion of terms, does not form a formal element of the insuring agreement itself.

<b>A) Acceptance</b>  
Acceptance is a crucial element of an insuring agreement, signifying that the insurer agrees to provide coverage under the specified terms. It occurs when the insurer formally accepts the application or proposal from the insured, establishing the binding nature of the contract.

<b>B) Consideration</b>  
Consideration refers to something of value exchanged between the parties involved in the insurance contract, typically the premium paid by the insured and the promise of coverage provided by the insurer. This mutual exchange is essential for the legal enforceability of the agreement.

<b>D) Offer</b>  
An offer is another fundamental element of an insuring agreement, where the insurer proposes specific terms and conditions to the insured. This offer sets the stage for acceptance and is crucial for the formation of the insurance contract.

<b>Conclusion</b>  
In summary, an insuring agreement comprises acceptance, consideration, and offer, each serving a vital role in establishing the contract's validity. Negotiation, although it may occur prior to the finalization of the agreement, does not constitute a formal element of the insuring agreement itself. Understanding these components ensures clarity in insurance transactions and helps parties recognize their rights and obligations within the contract.",,Regular,
Real Estate Licensing Exams,Salesperson and Broker License Exam,Minnesota Real Estate Exams,Minnesota Real Estate Practice Questions,,The insured MUST notify the insurer of a loss,when discovered.,within 15 days.,within 30 days.,promptly.,,,,D,"<h2>The insured MUST notify the insurer of a loss promptly.</h2>  
Timely notification of a loss is crucial in insurance to ensure that the insurer can investigate and address the claim effectively. ""Promptly"" signifies that the insured should notify the insurer without undue delay, allowing for appropriate action on the claim as soon as possible.

<b>A) when discovered.</b>  
This choice suggests that notification is only necessary when the loss is discovered, which may not encompass the intent of timely reporting. Insurance policies typically require notification to be made as soon as reasonably possible after discovering a loss, rather than waiting until it is fully assessed or understood.

<b>B) within 15 days.</b>  
While some policies may specify a 15-day notification period, this is not a universal requirement across all insurance contracts. Different policies have varying stipulations regarding the time frame for notification, and thus this option does not represent the broader standard of prompt notification.

<b>C) within 30 days.</b>  
Similar to the 15-day option, a 30-day notification period may apply to certain types of insurance policies, but it does not reflect the general obligation. The term ""promptly"" emphasizes immediate notification without anchoring it to a specific time frame, which can vary by policy and jurisdiction.

<b>D) promptly.</b>  
This is the most accurate choice, as it captures the essence of the obligation to notify the insurer without unnecessary delay. The term ""promptly"" is often included in insurance contracts to emphasize the need for quick communication regarding losses, thereby ensuring that claims can be processed efficiently.

<b>Conclusion</b>  
In insurance contracts, the requirement for the insured to notify the insurer of a loss is typically expressed as ""promptly,"" indicating the necessity for immediate communication. While specific time frames may be detailed in some policies, the overarching principle is to act without delay to facilitate proper claim management. Adhering to this principle is essential for maintaining coverage and ensuring that claims are handled effectively.",,Regular,
Real Estate Licensing Exams,Salesperson and Broker License Exam,Minnesota Real Estate Exams,Minnesota Real Estate Exam Review,,"There are five elements of a contract, such as the offer made by the first party and acceptance of the contract by the second party. Another element is",consideration exchanged by both parties.,representation of a warranty.,fiduciary responsibility.,standardization.,,,,A,"<h2>Consideration exchanged by both parties is another essential element of a contract.</h2>  
Consideration refers to the value that is exchanged between parties in a contract, which can be in the form of money, services, or goods. This element is crucial as it signifies that both parties are providing something of value, thereby creating a binding agreement.

<b>A) Consideration exchanged by both parties.</b>  
This choice correctly identifies consideration as a fundamental element of a contract. It ensures that each party is providing value in exchange for the other party's performance or promise, which is necessary for the contract to be enforceable in a court of law.

<b>B) Representation of a warranty.</b>  
While warranties can be part of a contract, they are not one of the essential elements that must be present for a contract to exist. A warranty is a promise regarding the quality or nature of a product or service and does not fulfill the requirement of mutual exchange of value, which is central to the concept of consideration.

<b>C) Fiduciary responsibility.</b>  
Fiduciary responsibility pertains to a duty of care and trust between parties, often seen in relationships such as those between a trustee and a beneficiary. While important in certain legal contexts, it is not a required element of every contract and does not directly relate to the binding nature of contractual agreements.

<b>D) Standardization.</b>  
Standardization refers to the process of developing and implementing technical standards, which can enhance consistency and interoperability. However, it is not an inherent element of a contract itself and does not contribute to the establishment of a legally binding agreement between parties.

<b>Conclusion</b>  
In summary, the essential elements of a contract include offer, acceptance, and consideration exchanged by both parties. Consideration is critical as it represents the mutual exchange of value that validates the agreement. The other choices, while relevant in specific legal contexts, do not serve as foundational elements necessary for the formation of a contract. Understanding these components is vital for the enforceability of agreements in legal scenarios.",,Regular,
Real Estate Licensing Exams,Salesperson and Broker License Exam,Minnesota Real Estate Exams,Minnesota Real Estate Practice Questions,,"If a building is vacant for more than 60 consecutive days, which of the following two perils are broad peril exclusions?",falling objects and accidental discharge of water or steam,damage by vandalism and accidental discharge of water,"weight of ice, snow, or sleet and freezing of plumbing",freezing of plumbing and falling objects,,,,B,"<h2>Damage by vandalism and accidental discharge of water are broad peril exclusions.</h2>  
In insurance policies, broad peril exclusions specify certain risks that are not covered under specific circumstances, such as when a property is vacant for an extended period. In this case, both vandalism and accidental discharge of water are excluded when a building remains vacant for more than 60 consecutive days.

<b>A) Falling objects and accidental discharge of water or steam</b>  
Falling objects are generally covered under broad peril policies, and accidental discharge of water or steam is not typically excluded. Therefore, this option does not accurately represent the perils that are excluded due to a building's vacancy.

<b>B) Damage by vandalism and accidental discharge of water</b>  
Both vandalism and accidental discharge of water are indeed excluded from coverage when a property has been vacant for more than 60 days. This makes this option the correct answer, as it identifies the perils that insurers commonly exclude in such circumstances.

<b>C) Weight of ice, snow, or sleet and freezing of plumbing</b>  
The weight of ice, snow, or sleet is usually covered under standard policies and is not excluded due to vacancy, while freezing of plumbing is typically addressed under different terms. Thus, this choice does not reflect the correct exclusions related to vacancy.

<b>D) Freezing of plumbing and falling objects</b>  
Freezing of plumbing can often be a covered peril, and falling objects are generally not excluded in the context of vacancy. Therefore, this choice does not align with the correct answer regarding broad peril exclusions.

<b>Conclusion</b>  
Understanding broad peril exclusions is crucial for property owners, particularly concerning policies that apply when buildings are vacant for extended periods. Damage by vandalism and accidental discharge of water are explicitly excluded under these conditions, leading to potential coverage gaps. Recognizing these exclusions helps property owners take necessary precautions to mitigate risks during vacancy.",,Regular,
Real Estate Licensing Exams,Salesperson and Broker License Exam,Minnesota Real Estate Exams,Minnesota Real Estate Exam Review,,Which of the following is TRUE about the Terrorism Risk Insurance Act of 2007?,It is direct insurance coverage provided by the government for any act committed by any terrorist anywhere in the United States.,It ensures the availability of Commercial Property and Casualty Coverages from described acts of terrorism.,It provides coverage for the World Trade Center and Pentagon in the event of future terrorist activities.,"It can be offered for any type of insurance written, or not offered if the insurer so chooses.",,,,B,"<h2>It ensures the availability of Commercial Property and Casualty Coverages from described acts of terrorism.</h2>  
The Terrorism Risk Insurance Act of 2007 primarily aims to provide a federal backstop for insurance claims related to acts of terrorism, thereby ensuring the availability of commercial property and casualty insurance coverage for businesses exposed to such risks.

<b>A) It is direct insurance coverage provided by the government for any act committed by any terrorist anywhere in the United States.</b>  
This statement is incorrect because the Act does not provide direct insurance coverage. Instead, it establishes a system where the federal government shares the risk with private insurers, but it does not cover every act of terrorism indiscriminately.

<b>C) It provides coverage for the World Trade Center and Pentagon in the event of future terrorist activities.</b>  
This choice is misleading as the Act does not specifically target or provide coverage for particular locations such as the World Trade Center or the Pentagon. Instead, it offers a broader framework for insurance coverage related to acts of terrorism, regardless of specific sites.

<b>D) It can be offered for any type of insurance written, or not offered if the insurer so chooses.</b>  
This statement is inaccurate because the Act specifically applies to commercial property and casualty insurance. Insurers are required to offer terrorism coverage for these types of policies but are not obligated to offer it for all types of insurance.

<b>Conclusion</b>  
The Terrorism Risk Insurance Act of 2007 is designed to ensure that commercial property and casualty insurance is available to cover risks associated with terrorism. While the Act provides a framework for federal support, it does not offer direct insurance nor does it cover every possible scenario. The emphasis on commercial insurance makes option B the only true statement regarding the Act's purpose and functionality.",,Regular,
Real Estate Licensing Exams,Salesperson and Broker License Exam,Minnesota Real Estate Exams,Minnesota Real Estate Practice Questions,,"Under a Homeowners Policy, which of the following perils can be covered by endorsement?",Corrosion.,War.,Earthquake.,Inherent vice.,,,,C,"<h2>Earthquake can be covered by endorsement under a Homeowners Policy.</h2>
Homeowners Policies typically exclude certain perils by default, including earthquakes, but this coverage can be obtained through specific endorsements. By adding this endorsement, homeowners can protect their property against the financial ramifications of earthquake damage.

<b>A) Corrosion</b>  
Corrosion is generally not covered under a Homeowners Policy, as it is considered a maintenance issue rather than a peril. Homeowners are expected to manage and prevent corrosion, which occurs gradually due to environmental factors, thereby making it ineligible for coverage.

<b>B) War</b>  
War is explicitly excluded from most insurance policies, including Homeowners Policies, due to the unpredictable and catastrophic nature of warfare. This exclusion protects insurers from the enormous financial risk associated with damages stemming from military actions and conflicts.

<b>C) Earthquake</b>  
Earthquake coverage can be included in a Homeowners Policy through an endorsement, specifically designed to protect homeowners from losses caused by seismic events. This endorsement allows for financial support in the event of structural damage resulting from earthquakes, which is essential for homeowners in seismically active regions.

<b>D) Inherent vice</b>  
Inherent vice refers to the natural characteristics of certain materials that lead to deterioration over time. Insurance policies typically do not cover damage resulting from inherent vice, as it is considered a predictable outcome of the material's properties, not an unforeseen peril.

<b>Conclusion</b>  
Homeowners Policies can provide coverage for specific perils through endorsements, with earthquake coverage being a prime example. While corrosion, war, and inherent vice are generally excluded due to their predictable or catastrophic nature, earthquake protection can be acquired to safeguard against seismic risks. Understanding these distinctions ensures homeowners can make informed decisions about their insurance needs.",,Regular,
Real Estate Licensing Exams,Salesperson and Broker License Exam,Minnesota Real Estate Exams,Minnesota Real Estate Exam Review,,Which part of the Commercial Package Policy has information about who is insured and for what lines?,Common Policy Declaration.,Common Policy Conditions.,Limits of Insurance.,Definitions.,,,,A,"<h2>Common Policy Declaration contains information about who is insured and for what lines.</h2>  
The Common Policy Declaration is the section of the Commercial Package Policy that outlines the insured parties, the types of coverage provided, and the specific lines of insurance included in the policy. This declaration serves as a summary of key information relevant to the insured and the insurer.

<b>A) Common Policy Declaration</b>  
This section explicitly lists the named insureds, the policy period, and the coverage lines included in the Commercial Package Policy. It serves as a crucial reference point for both the insurer and the insured, ensuring clarity regarding who is protected and what types of coverage are in effect.

<b>B) Common Policy Conditions</b>  
The Common Policy Conditions include the standard terms and conditions that apply to the entire policy, such as cancellation rights and changes to the policy. While these conditions are essential for understanding the operation of the policy, they do not specifically identify who is insured or the lines of coverage provided.

<b>C) Limits of Insurance</b>  
Limits of Insurance detail the maximum coverage amounts available for each type of insurance provided under the policy. Although this section is important for understanding the extent of coverage, it does not specify who is insured or the specific lines of insurance.

<b>D) Definitions</b>  
The Definitions section clarifies the meaning of specific terms used throughout the policy. While understanding these definitions is vital for interpreting the policy, this section does not provide information about the insured parties or the lines of coverage.

<b>Conclusion</b>  
The Common Policy Declaration is the key component of the Commercial Package Policy that outlines who is insured and what lines of coverage are included. This section is essential for both parties to understand the scope of the insurance being provided, whereas the other sections serve different purposes related to policy management and interpretation.",,Regular,
Real Estate Licensing Exams,Salesperson and Broker License Exam,Minnesota Real Estate Exams,Minnesota Real Estate Practice Questions,,It is the responsibility of which of the following to maintain a producer's license?,The producer's appointing insurance company,The producer's general agent,The producer,The office manager of the agency where the producer works,,,,C,"<h2>The producer is responsible for maintaining a producer's license.</h2>  
The producer holds the primary responsibility for ensuring that their producer's license remains valid and up-to-date, which includes renewing the license as required and adhering to any regulations set forth by the insurance regulatory authority.

<b>A) The producer's appointing insurance company</b>  
While the appointing insurance company may play a role in overseeing the activities of its producers, it is not responsible for maintaining the producer's license. The obligation to ensure compliance with licensing requirements ultimately falls on the individual producer.

<b>B) The producer's general agent</b>  
The general agent may provide guidance and support to producers, but they do not hold the responsibility for the maintenance of a producer's license. The general agent's role is more about managing the agency and supporting the producers rather than being accountable for their licensing.

<b>C) The producer</b>  
The producer directly oversees their own licensing status. This includes keeping track of renewal dates, fulfilling continuing education requirements, and ensuring compliance with state regulations. As the individual directly engaged in selling insurance, they must take ownership of their licensing responsibilities.

<b>D) The office manager of the agency where the producer works</b>  
The office manager may assist with administrative tasks and may help remind producers of important deadlines, but they are not responsible for the maintenance of the producer's license. The individual producer is accountable for ensuring their license is valid and compliant.

<b>Conclusion</b>  
In the context of maintaining a producer's license, it is the producer themselves who bears the ultimate responsibility. While other parties, such as the appointing insurance company or general agent, may offer support, the onus for compliance and renewal lies squarely with the producer. This responsibility is crucial for legal operation in the insurance industry and ensures that producers can effectively serve their clients.",,Regular,
Real Estate Licensing Exams,Salesperson and Broker License Exam,Minnesota Real Estate Exams,Minnesota Real Estate Exam Review,,"The term ""occurrence"" can be all of the following EXCEPT",an accident.,limits of liability.,events that occur as a result of continuous exposure to a condition.,events that occur as a result of repeated exposure to a condition.,,,,B,"<h2>The term ""occurrence"" can be all of the following EXCEPT limits of liability.</h2>  
In the context of insurance and legal terminology, ""occurrence"" typically refers to events or incidents that happen, which can lead to claims or liabilities. However, ""limits of liability"" pertains to the maximum amount an insurer will pay for covered losses, making it fundamentally different from the nature of ""occurrence.""

<b>A) an accident.</b>  
An ""accident"" is a specific type of occurrence that is unexpected and unintended, fitting well within the general definition of events that can lead to insurance claims. It is a common term used in insurance policies to describe incidents that result in damage or loss.

<b>C) events that occur as a result of continuous exposure to a condition.</b>  
This choice accurately describes a type of occurrence where repeated exposure leads to a condition or claim. Such events are recognized in many liability policies, particularly in cases like occupational hazards or environmental claims.

<b>D) events that occur as a result of repeated exposure to a condition.</b>  
Similar to option C, this choice also defines a valid occurrence. Repeated exposure resulting in an event can lead to gradual damage or injury claims, often addressed in liability coverage scenarios.

<b>Conclusion</b>  
In summary, while options A, C, and D all describe events that can be classified as occurrences in insurance language, ""limits of liability"" stands apart as it refers to the boundaries of coverage rather than an incident itself. Understanding the distinction between these terms is crucial for accurately interpreting insurance policies and their terms of coverage.",,Regular,
Real Estate Licensing Exams,Salesperson and Broker License Exam,Minnesota Real Estate Exams,Minnesota Real Estate Practice Questions,,"In the event of a claim, the necessary documentation REQUIRED of the insured to establish entitlement to payment under the policy is called",statement of values.,claim details.,policy provisions.,proof of loss.,,,,D,"<h2>Proof of loss is the necessary documentation required of the insured to establish entitlement to payment under the policy.</h2>  
Proof of loss is a formal statement provided by the insured that outlines the details of the claim, including the amount being claimed and the circumstances surrounding the loss. This document is essential for the insurance company to assess the validity of the claim and determine payment.

<b>A) Statement of values.</b>  
A statement of values typically refers to a document that outlines the value of insured items or properties, which helps in determining coverage limits and premium calculations. However, it does not serve as the primary documentation needed to substantiate a claim for payment under the policy.

<b>B) Claim details.</b>  
Claim details are part of the information submitted with a claim but are not a formal document. While they provide context and specifics about the loss, they do not fulfill the requirement for formal evidence needed to establish entitlement to payment as a proof of loss does.

<b>C) Policy provisions.</b>  
Policy provisions refer to the terms and conditions outlined in an insurance policy. While they govern the coverage and responsibilities of both the insurer and the insured, they do not represent the documentation required to substantiate a specific claim for payment.

<b>D) Proof of loss.</b>  
Proof of loss is specifically required as part of the claims process. It provides the necessary evidence to the insurer that a covered loss has occurred, detailing the extent of the loss and the compensation sought, making it essential for claim approval.

<b>Conclusion</b>  
In the claims process, the proof of loss stands out as the crucial documentation that the insured must provide to validate a claim and establish entitlement to payment under the insurance policy. Other options, such as statements of values, claim details, and policy provisions, play supportive roles but do not fulfill the specific requirement of documenting the loss to the insurer.",,Regular,
Real Estate Licensing Exams,Salesperson and Broker License Exam,Minnesota Real Estate Exams,Minnesota Real Estate Exam Review,,An insurer often pays an insured party for a loss and takes over the insured's right to collect from any other person that may be responsible for causing the loss. The provision in the policy that allows this action by the insurer is called the,assignment clause.,subrogation clause.,other insurance clause.,loss payee clause.,,,,B,"<h2>Subrogation clause.</h2>  
The subrogation clause in an insurance policy allows the insurer to recover costs from third parties responsible for the loss after compensating the insured party. This provision protects the insurer's financial interests and ensures that the responsible party ultimately bears the loss.

<b>A) Assignment clause.</b>  
The assignment clause refers to the process by which an insured party can transfer their rights or benefits under the insurance policy to another party. This does not involve the insurer taking over rights to recover losses from third parties, which is the essence of the subrogation clause.

<b>B) Subrogation clause.</b>  
This clause permits the insurer to step into the insured's shoes and pursue any claims against third parties after compensating the insured for their loss. The subrogation clause is crucial for maintaining fairness in the insurance process and prevents the insured from receiving double compensation for the same loss.

<b>C) Other insurance clause.</b>  
The other insurance clause addresses situations where multiple insurance policies may cover the same loss. This clause typically establishes how the benefits will be coordinated among the policies but does not grant the insurer the right to collect from third parties.

<b>D) Loss payee clause.</b>  
The loss payee clause specifies who will receive payment in the event of a loss. This clause is focused on ensuring that the designated party receives compensation, rather than allowing the insurer to pursue recovery from responsible third parties.

<b>Conclusion</b>  
The subrogation clause is a vital component of insurance contracts, enabling insurers to recover costs from third parties after indemnifying the insured. This mechanism ensures that the burden of the loss ultimately falls on the responsible party, maintaining equity in the insurance system. The other options describe different aspects of insurance contracts and do not fulfill the same function as the subrogation clause.",,Regular,
Real Estate Licensing Exams,Salesperson and Broker License Exam,Missouri Real Estate Exams,Missouri Real Estate Practice Test,,"A seller wants $120000 for a home, and still owes $20000 of the original loan at 7% interest. The current interest rate is 12%. A buyer can pay $80000 down and wants to carry a mortgage that includes the seller's $20000 existing mortgage and the remaining $40000 for a total of $60000 at an interest rate of 10%. What kind of mortgage is this?",blanket,equity,wraparound,buydown,,,,C,"<h2>A wraparound mortgage is a type of financing that allows a buyer to take over an existing mortgage while also borrowing additional funds.</h2>  
In this scenario, the buyer is assuming the seller's existing $20,000 mortgage, while also securing an additional $40,000 to reach a total mortgage of $60,000. The wraparound mortgage effectively wraps the existing mortgage into a new loan, allowing for different terms and interest rates.

<b>A) Blanket</b>  
A blanket mortgage is used to finance multiple properties under a single loan, often seen in real estate development scenarios. It does not apply in this case, as there is only one property involved rather than a combination of several properties under a single loan.

<b>B) Equity</b>  
Equity in real estate refers to the difference between the property's market value and the outstanding mortgage balance. While the buyer's down payment contributes to equity, this term does not describe the structure of the mortgage itself, which is primarily concerned with how the financing is arranged rather than ownership stakes.

<b>C) Wraparound</b>  
This type of mortgage allows the new lender to fund a loan that encompasses the existing loan, which is exactly what is happening here. The buyer is effectively paying the seller the total mortgage amount, which includes the existing $20,000 mortgage and the additional $40,000, while the seller continues to pay off the original loan.

<b>D) Buydown</b>  
A buydown mortgage involves an upfront payment to reduce the interest rate on the loan for a certain period, making monthly payments lower. In this scenario, there is no indication of such an arrangement; instead, the buyer is taking over an existing mortgage, making this choice incorrect.

<b>Conclusion</b>  
In summary, the situation described involves a wraparound mortgage, where the buyer takes over the seller's existing mortgage while also borrowing additional funds to complete the purchase. This arrangement allows the buyer to manage a single mortgage payment that incorporates the existing loan, thus simplifying the financing process while potentially benefiting both parties.",,Regular,
Real Estate Licensing Exams,Salesperson and Broker License Exam,Missouri Real Estate Exams,Missouri Real Estate License Questions,,"A couple decided to list their house for sale with a broker who agreed to split the commission equally with any broker who procured a buyer. One month into this listing, the sellers signed a sales contract that was procured by a broker from another company acting as a transaction broker. In Missouri, which of the following is true in this situation?",The selling broker represents the buyer.,The listing broker represents both the buyer and the seller.,The selling broker represents neither the buyer nor the seller.,Both the listing broker and the selling broker represent the seller.,,,,C,"<h2>The selling broker represents neither the buyer nor the seller.</h2>  
In this scenario, the selling broker is acting as a transaction broker, which means they do not represent either party in a fiduciary capacity. Instead, they facilitate the transaction without offering loyalty or advocacy to either the buyer or seller, aligning with Missouri's real estate laws regarding transaction brokers.

<b>A) The selling broker represents the buyer.</b>  
This statement is incorrect because the selling broker is functioning as a transaction broker rather than as a buyer's agent. As a transaction broker, their role is neutral, and they do not owe fiduciary duties to the buyer, which means they are not advocating for the buyer's interests.

<b>B) The listing broker represents both the buyer and the seller.</b>  
This option is false as well; the listing broker only represents the sellers in this scenario. While dual agency is possible, it must be explicitly disclosed and agreed upon, which is not mentioned here. Therefore, the listing broker does not represent the buyer in this situation.

<b>C) The selling broker represents neither the buyer nor the seller.</b>  
This is the correct answer, as the selling broker is acting solely as a transaction broker. Their role is to facilitate the sale without representing the interests of either party, which is a key aspect of transaction brokerage in Missouri real estate transactions.

<b>D) Both the listing broker and the selling broker represent the seller.</b>  
This statement is incorrect because while the listing broker represents the seller, the selling broker, acting as a transaction broker, does not represent the seller. Their neutral role means they cannot act as a representative for either party involved in the transaction.

<b>Conclusion</b>  
In Missouri's real estate context, the selling broker, acting as a transaction broker, maintains neutrality and does not represent either the buyer or the seller. This distinction is crucial in understanding the roles of brokers in a real estate transaction, ensuring that parties are aware of who is advocating for their interests. The listing broker solely represents the seller, while the transaction broker facilitates the sale without allegiance to either party.",,Regular,
Real Estate Licensing Exams,Salesperson and Broker License Exam,Missouri Real Estate Exams,Missouri Real Estate Practice Test,,A listing contract has expired with no offers received. The agency relationship between the seller and the listing broker,may continue indefinitely if the seller and the broker agree to this orally.,may continue until the broker provides a written notice of termination.,was never legally binding since no licensed activity was performed.,terminates automatically upon expiration of the listing.,,,,D,"<h2>Terminates automatically upon expiration of the listing.</h2>  
When a listing contract expires without offers received, the agency relationship between the seller and the listing broker ends automatically. This means that the broker no longer has the authority to represent the seller in real estate transactions once the specified contract period has concluded.

<b>A) May continue indefinitely if the seller and the broker agree to this orally.</b>  
While it's true that parties can agree to extend a contract, in real estate, an expired listing does not automatically extend based on oral agreements. For a continuation to be legally binding, it must typically be documented in writing. Thus, this option misrepresents the implications of an expired listing.

<b>B) May continue until the broker provides a written notice of termination.</b>  
The agency relationship does not persist after the expiration of a listing contract, regardless of whether a written notice is provided. The nature of the listing agreement dictates that the relationship ceases automatically, so this option is incorrect as it implies an ongoing relationship that does not exist.

<b>C) Was never legally binding since no licensed activity was performed.</b>  
This choice misunderstands the nature of the listing agreement. A listing contract is legally binding once it is signed by both parties, even if no offers were received during its term. Thus, the relationship was valid during the contract period, making this statement inaccurate.

<b>Conclusion</b>  
In summary, the agency relationship between a seller and a listing broker concludes automatically upon the expiration of the listing contract. This termination ensures clarity in real estate transactions, preventing any assumption of ongoing representation without a renewed agreement. Understanding this principle helps both sellers and brokers navigate their responsibilities effectively.",,Regular,
Real Estate Licensing Exams,Salesperson and Broker License Exam,Missouri Real Estate Exams,Missouri Real Estate License Questions,,"Two brokers each own 50% of a real estate company. Due to disagreements about the business, the brokers decide to split the assets of the company. One broker forms a new company and is assigned 50% of the listings of the original company. Is there a violation of the Missouri license law or rules and regulations in such an arrangement?","No, because listing contracts are legal documents that can be assigned as any other contract.","No, because the new company is a successor in interest to the previous listing company.","Yes, because permission was not obtained from the Missouri Real Estate Commission to assign the listings.","Yes, because written consent to the assignment by all parties to the listing agreement was not obtained.",,,,D,"<h2>Yes, because written consent to the assignment by all parties to the listing agreement was not obtained.</h2>  
In Missouri, real estate listings are considered contracts that require the consent of all parties involved for any assignment to be valid. Without obtaining written consent from the sellers and all parties to the original listing agreement, the assignment of listings to the new company constitutes a violation of Missouri license law.

<b>A) No, because listing contracts are legal documents that can be assigned as any other contract.</b>  
While listing contracts are indeed legal documents, they cannot be assigned without the consent of all parties involved. This choice overlooks the specific requirement under Missouri law that necessitates permission for assignment to ensure all parties agree to the new arrangement.

<b>B) No, because the new company is a successor in interest to the previous listing company.</b>  
Although a new company may be considered a successor in interest, this does not automatically grant the right to assign listings. Missouri law specifically requires written consent from all parties to the original listing agreement, which this choice fails to address.

<b>C) Yes, because permission was not obtained from the Missouri Real Estate Commission to assign the listings.</b>  
This option incorrectly attributes the requirement for permission solely to the Missouri Real Estate Commission. The essential issue is obtaining written consent from the parties to the listing agreement, rather than a direct need for commission approval, making this choice inaccurate.

<b>Conclusion</b>  
In summary, the assignment of real estate listings in Missouri requires explicit written consent from all parties involved in the original agreements. Without this consent, the action is considered a violation of the Missouri license law. The necessity for such consent is crucial to protect the rights and interests of all parties in the real estate transaction.",,Regular,
Real Estate Licensing Exams,Salesperson and Broker License Exam,Missouri Real Estate Exams,Missouri Real Estate Practice Test,,A broker changes the location of her real estate office. Within how many days of the move must the broker notify the Missouri Real Estate Commission?,3,10,15,30,,,,B,"<h2>A broker must notify the Missouri Real Estate Commission within 10 days of changing the location of her real estate office.</h2>  
In Missouri, real estate brokers are required to inform the Missouri Real Estate Commission of any changes to their office location within a strict timeframe of 10 days to ensure compliance with state regulations.

<b>A) 3</b>  
The timeframe of 3 days is insufficient according to Missouri regulations. While prompt notification is encouraged, the law explicitly states that a broker has a longer period of 10 days to report any changes regarding office locations.

<b>B) 10</b>  
This is the correct choice, as it adheres to the regulatory requirement established by the Missouri Real Estate Commission. Brokers must provide notification within this period to maintain their licensing status and ensure that all records are up-to-date.

<b>C) 15</b>  
A notification period of 15 days exceeds the mandated timeframe set by the Missouri Real Estate Commission. Brokers are legally obligated to act within 10 days, and failing to do so could result in penalties or complications with their real estate license.

<b>D) 30</b>  
A 30-day notification period is also incorrect, as it significantly surpasses the required 10 days. Delaying notification for this length of time could jeopardize the broker's compliance with state laws and potentially affect their ability to operate legally.

<b>Conclusion</b>  
Brokers in Missouri must notify the Missouri Real Estate Commission within 10 days following a change in their office location. This regulation is crucial for maintaining accurate state records and ensuring compliance with real estate laws. Other options either fall short or exceed the stipulated time, highlighting the importance of adherence to the specific 10-day requirement.",,Regular,
Real Estate Licensing Exams,Salesperson and Broker License Exam,Missouri Real Estate Exams,Missouri Real Estate License Questions,,"After discussing the property with the owners, the listing agent believes that there may have been unpermitted additions or alterations and that the clients are misrepresenting the property conditions. What should the agent do?","Limit disclosures to obvious problems or those disclosed by the owner or revealed by an inspection, because the agent is not a qualified building inspector","Ask more questions, because the agent may have liability when the seller misrepresents property conditions",Say nothing because the agent represents the sellers and should not risk losing the listing,Uphold the duty to conduct business in a way that best protects the agent's own reputation,,,,B,"<h2>Ask more questions, because the agent may have liability when the seller misrepresents property conditions.</h2>  
In this situation, the listing agent has a responsibility to clarify any uncertainties regarding the property conditions and potential misrepresentations. By asking more questions, the agent can gather necessary information to protect themselves from potential liability related to the seller's misrepresentation.

<b>A) Limit disclosures to obvious problems or those disclosed by the owner or revealed by an inspection, because the agent is not a qualified building inspector</b>  
Limiting disclosures based solely on obvious problems or those identified by the owner or a qualified inspector can leave the agent vulnerable to liability issues. The agent has a duty to investigate further when they suspect misrepresentation, rather than relying solely on external inspections or owner disclosures.

<b>C) Say nothing because the agent represents the sellers and should not risk losing the listing</b>  
Choosing to ignore potential misrepresentations in order to maintain the listing is unethical and could lead to legal repercussions for the agent. An agent must prioritize ethical practices and transparency over the fear of losing a listing, as failing to address issues could compromise their professional integrity and legal standing.

<b>D) Uphold the duty to conduct business in a way that best protects the agent's own reputation</b>  
While protecting one's reputation is important, the agent's primary duty is to act in the best interests of all parties involved, including potential buyers. Upholding ethical standards requires addressing any concerns about misrepresentations, which in turn protects the agent's reputation by fostering trust and transparency in their professional dealings.

<b>Conclusion</b>  
In real estate transactions, agents must exercise diligence when faced with possible misrepresentations by sellers. By asking more questions, the agent can better understand the property conditions and mitigate their liability. This proactive approach not only safeguards the agent's reputation but also ensures ethical compliance, ultimately benefiting both the sellers and potential buyers.",,Regular,
Real Estate Licensing Exams,Salesperson and Broker License Exam,Missouri Real Estate Exams,Missouri Real Estate Practice Test,,A seller claiming to be the fee simple owner of an estate in land conveys the property to a buyer with a general warranty deed. The buyer later discovers that the seller was a co-owner of the property in question. Has the seller violated any covenants in the deed?,"No, because the principle of caveat emptor supersedes any of the covenants in a general warranty deed.","No, because a general warranty deed contains only the covenant that the subject property was not encumbered during the owner's possession.","Yes, because one of the covenants of a general warranty deed guarantees that a marketable title is being delivered.","Yes, because one of the covenants of a general warranty deed guarantees that an equitable title is being delivered.",,,,C,"<h2>Yes, because one of the covenants of a general warranty deed guarantees that a marketable title is being delivered.</h2>  
In a general warranty deed, the seller guarantees that they have good title to the property and that it is marketable. If the seller was only a co-owner and did not have full ownership, this violates the covenant regarding the delivery of a marketable title, making the deed potentially invalid for the buyer.

<b>A) No, because the principle of caveat emptor supersedes any of the covenants in a general warranty deed.</b>  
The principle of caveat emptor, or ""let the buyer beware,"" does not override the specific covenants provided in a general warranty deed. Buyers rely on these covenants for protection against claims or defects in title. Therefore, this choice incorrectly implies that the buyer has no recourse due to this principle.

<b>B) No, because a general warranty deed contains only the covenant that the subject property was not encumbered during the owner's possession.</b>  
A general warranty deed includes multiple covenants, not just one regarding encumbrances. It guarantees a marketable title, protection against claims from the past, and the right to convey the property. This choice inaccurately simplifies the nature of the covenants included in the deed.

<b>D) Yes, because one of the covenants of a general warranty deed guarantees that an equitable title is being delivered.</b>  
While equitable title may be a consideration in property transactions, the primary covenants in a general warranty deed focus on marketable title and the rightful ownership. This choice misrepresents the type of title guaranteed by the deed, which is not specifically about equitable title.

<b>Conclusion</b>  
A general warranty deed provides robust assurances to the buyer, including the guarantee of marketable title. Since the seller misrepresented their ownership status by conveying property they did not fully own, this constitutes a violation of the covenant regarding marketability. Understanding these covenants is crucial for both buyers and sellers in real estate transactions to ensure proper legal protections are upheld.",,Regular,
Real Estate Licensing Exams,Salesperson and Broker License Exam,Missouri Real Estate Exams,Missouri Real Estate License Questions,,"A licensee is showing a prospective buyer a listing. The licensee tried to persuade the seller to lower the asking price, but the seller has refused to do so. The buyer wants to make an offer on the property. The licensee should prepare the offer",on whatever terms the buyer wants to offer,"only on terms the licensee knows the seller is willing to accept, a full price offer",after telling the buyer the property is probably overpriced,only if the licensee is representing the buyer as well as the seller,,,,A,"<h2>The licensee should prepare the offer on whatever terms the buyer wants to offer.</h2>  
The licensee's role is to facilitate the buyer's wishes while respecting the seller's decision to maintain their asking price. Therefore, preparing the offer based on the buyer's preferred terms allows for negotiation and flexibility in the purchasing process.

<b>A) on whatever terms the buyer wants to offer</b>  
This choice is correct because it respects the buyer's autonomy in the purchasing process. The licensee must prepare the offer according to the buyer's wishes, allowing them to propose any terms they see fit, even if those terms differ from the seller's asking price.

<b>B) only on terms the licensee knows the seller is willing to accept, a full price offer</b>  
This option is incorrect as it limits the buyer's ability to negotiate. The licensee should not restrict the offer to only terms the seller is willing to accept, especially since the seller has already refused to lower the price. The licensee's role is to present the buyer's offer regardless of the seller's previous stance.

<b>C) after telling the buyer the property is probably overpriced</b>  
This choice is inappropriate because it injects the licensee's opinion into the transaction, which could mislead the buyer. The licensee should remain neutral and focused on facilitating the buyer's offer rather than expressing personal judgments about the property's value.

<b>D) only if the licensee is representing the buyer as well as the seller</b>  
This option is incorrect because it suggests that the licensee can only act if they represent both parties. In reality, the licensee can prepare an offer solely representing the buyer's interests, regardless of their relationship with the seller.

<b>Conclusion</b>  
The licensee's responsibility is to act in the best interest of the buyer, preparing the offer based on the buyer's desires. Allowing the buyer to propose their terms encourages negotiation and helps to navigate the complexities of real estate transactions, promoting a fair process for both parties involved.",,Regular,
Real Estate Licensing Exams,Salesperson and Broker License Exam,Missouri Real Estate Exams,Missouri Real Estate Practice Test,,"A Missouri licensee is taking a listing under a transaction brokerage agreement. The seller asks the licensee, At what price should I list my property? The licensee has recently conducted a comparable sales analysis and believes the property should sell for $175,000. Which of the following is the licensees best response?","I think the property should sell for $175,000.","Since the property should sell for $175,000, I suggest listing for $185,000.",Letâ€™s look at some comparables so we can determine the best asking price.,"I cannot advise you, but I can show you some comparable sales.",,,,C,"<h2>Let's look at some comparables so we can determine the best asking price.</h2>  
In a transaction brokerage agreement, the licensee's role is to facilitate the transaction without providing specific advice on pricing. By suggesting to review comparable sales, the licensee empowers the seller to make an informed decision while adhering to their fiduciary duties.

<b>A) I think the property should sell for $175,000.</b>  
While this option reflects the licensee's opinion based on the comparable sales analysis, it may lead to a perception of providing advice, which is not permitted under a transaction brokerage agreement. The licensee should avoid making definitive statements about pricing and instead focus on guiding the seller through the process.

<b>B) Since the property should sell for $175,000, I suggest listing for $185,000.</b>  
This choice indicates that the licensee is actively advising the seller on a listing price that exceeds their analysis. Such a recommendation could mislead the seller and potentially violate the terms of the transaction brokerage agreement, as it implies a level of personal judgment that the licensee should not provide.

<b>C) Let's look at some comparables so we can determine the best asking price.</b>  
This response is appropriate as it encourages collaboration with the seller and relies on objective data to guide the pricing decision. It aligns with the licensee's role in a transaction brokerage setup by facilitating informed discussions without imposing personal opinions.

<b>D) I cannot advise you, but I can show you some comparable sales.</b>  
Although this response acknowledges the limitations of the licensee's role, it lacks the proactive engagement found in option C. While it maintains compliance with the agreement, it does not encourage an interactive discussion about determining the best price.

<b>Conclusion</b>  
In a transaction brokerage relationship, the licensee must navigate their role carefully to avoid giving specific price advice. By opting to review comparables with the seller, the licensee can assist in making an informed decision while remaining compliant with their obligations. This approach fosters a transparent and collaborative environment, empowering the seller to set a price based on data rather than solely on the licensee's opinion.",,Regular,
Real Estate Licensing Exams,Salesperson and Broker License Exam,Missouri Real Estate Exams,Missouri Real Estate License Questions,,An operating budget set by a property manager is normally based on,rentals in the area.,similar rentals.,capital expenditures.,anticipated revenues and expenses.,,,,D,"<h2>An operating budget set by a property manager is normally based on anticipated revenues and expenses.</h2>  
An operating budget is a financial plan that outlines expected revenues and expenses for a property over a specific period. This budget helps property managers allocate resources efficiently and plan for financial stability based on projected income and outlays.

<b>A) Rentals in the area.</b>  
While understanding local rental rates is important, an operating budget is not solely based on these figures. Instead, it requires a comprehensive look at projected revenues from all sources, including occupancy rates and rental agreements, rather than just focusing on current market conditions.

<b>B) Similar rentals.</b>  
Similar rentals may inform pricing strategies and expectations, but an operating budget encompasses more than just comparative analysis. It must account for specific income and expenses related to the property in question, which may differ from those of similar properties, reflecting unique operational costs and revenue streams.

<b>C) Capital expenditures.</b>  
Capital expenditures involve large, one-time investments in property improvements or repairs that enhance long-term value. While these costs are important for overall financial planning, they are not part of the regular operating budget, which typically focuses on ongoing operational costs and expected revenues.

<b>D) Anticipated revenues and expenses.</b>  
The operating budget is fundamentally centered on estimating future revenues and expenses. This approach allows property managers to project cash flow, manage costs effectively, and make informed financial decisions to maintain the property's operational efficiency.

<b>Conclusion</b>  
An operating budget is crucial for property management, as it provides a financial framework based on anticipated revenues and expenses. This comprehensive approach enables managers to ensure that the property is financially viable and sustainable, while also allowing for strategic planning and resource allocation. Understanding this distinction from other financial considerations, such as local rental rates and capital expenditures, is essential for effective property management.",,Regular,
Real Estate Licensing Exams,Salesperson and Broker License Exam,Missouri Real Estate Exams,Missouri Real Estate Practice Test,,Which of the following is generally permissible under the federal Fair Housing Act and its Amendments?,renting rooms to only adult men in an owner-occupied four-unit building,refusing to rent a luxury apartment to a woman with custody of her grandson,advertising a condo online as being in a good Middle Eastern neighborhood,requiring persons with disabilities to pay higher than usual security deposits,,,,A,"<h2>Renting rooms to only adult men in an owner-occupied four-unit building is generally permissible under the federal Fair Housing Act and its Amendments.</h2>  
The Fair Housing Act allows for certain exemptions, particularly in owner-occupied buildings with four or fewer units, where the owner may choose to live in one of the units and maintain some control over tenant selection.

<b>A) Renting rooms to only adult men in an owner-occupied four-unit building</b>  
This option is permissible because the Fair Housing Act provides an exemption for owner-occupied buildings with four or fewer units. The owner can choose tenants based on gender in this specific context, as long as the property owners occupy one of the units.

<b>B) Refusing to rent a luxury apartment to a woman with custody of her grandson</b>  
This choice is discriminatory under the Fair Housing Act, as it violates provisions against discrimination based on familial status. Refusing to rent to someone based on their family situation, such as having custody of a child, is illegal.

<b>C) Advertising a condo online as being in a good Middle Eastern neighborhood</b>  
This choice may imply a preference for individuals of a specific ethnicity or national origin, which is prohibited by the Fair Housing Act. Advertising in a way that suggests exclusivity based on race or national origin is considered discriminatory.

<b>D) Requiring persons with disabilities to pay higher than usual security deposits</b>  
This option is also discriminatory as it violates the Fair Housing Act's provisions that protect individuals with disabilities from being treated unfairly. Charging higher fees specifically to individuals with disabilities is not permissible under federal law.

<b>Conclusion</b>  
The Fair Housing Act seeks to eliminate discrimination in housing, allowing for certain exemptions such as in the case of owner-occupied buildings with four or fewer units. While renting rooms to adult men in such buildings is generally permissible, all other options reflect violations of the Act's anti-discrimination principles based on familial status, race, and disability. Understanding these regulations is crucial for promoting fair housing practices.",,Regular,
Real Estate Licensing Exams,Salesperson and Broker License Exam,Missouri Real Estate Exams,Missouri Real Estate License Questions,,An agent has been asked to provide a suitable comparable sale for a property being listed by his broker. Which of the following would be the most appropriate property for the agent to provide?,a similar style house that sold three years ago and is located in the same subdivision,"a neighboring house of the same age and design, whose owner sold it to a nephew 6 months ago",the same style and size house three doors down the block that is presently listed and being actively shown,"a house similar to the subject house in terms of size, style, and condition located in the same town that sold in the past 3 months",,,,D,"<h2>A house similar to the subject house in terms of size, style, and condition located in the same town that sold in the past 3 months.</h2>
This option represents the most relevant comparable sale because it closely aligns with the characteristics of the property being listed, while also reflecting recent market activity, which is crucial for accurate pricing.

<b>A) A similar style house that sold three years ago and is located in the same subdivision</b>  
While this property shares a similar style and is in the same subdivision, its sale occurring three years ago makes it less relevant due to potential market fluctuations. Comparables should ideally be recent to reflect current market conditions.

<b>B) A neighboring house of the same age and design, whose owner sold it to a nephew 6 months ago</b>  
Although this house is of the same age and design, the fact that it was sold to a family member indicates that the sale may not reflect true market value due to potential familial considerations affecting the price.

<b>C) The same style and size house three doors down the block that is presently listed and being actively shown</b>  
This property is currently listed, which means it hasn't yet sold. Active listings do not provide a finalized market value; they only represent asking prices, which may be over or under the eventual sale price.

<b>Conclusion</b>  
Selecting the most appropriate comparable sale hinges on finding a recently sold property that mirrors the subject property's characteristics and market conditions. Option D fulfills this requirement effectively by matching size, style, and condition while also reflecting a recent sale within the past three months. This ensures that the comparable is relevant and accurately represents current market trends, essential for establishing a fair listing price.",,Regular,
Real Estate Licensing Exams,Salesperson and Broker License Exam,Missouri Real Estate Exams,Missouri Real Estate Practice Test,,A percentage lease is generally used for what type of property?,retail,multifamily,industrial,healthcare,,,,A,"Percentage leases, where rent includes a percentage of sales, are commonly used for retail properties. Multifamily, industrial, or healthcare properties typically use other lease types. This ties rent to business performance. It is standard in retail leasing.",,Regular,
Real Estate Licensing Exams,Salesperson and Broker License Exam,Missouri Real Estate Exams,Missouri Real Estate License Questions,,"In Missouri, a person who violates the license law",may be charged only with a felony.,may be subject to criminal prosecution under the general laws of the state.,is exempt from civil liability under the general laws of the state.,is exempt from civil liability unless intent to defraud can be proven.,,,,B,"<h2>A person who violates the license law in Missouri may be subject to criminal prosecution under the general laws of the state.</h2>
In Missouri, violating the license law can lead to criminal prosecution, which is a legal mechanism that holds individuals accountable under state laws. This ensures that licensing regulations are enforced and that violators face appropriate penalties.

<b>A) may be charged only with a felony.</b>  
This statement is incorrect because violations of the license law can result in various charges, not limited to felonies. Depending on the nature of the violation, individuals may also face misdemeanor charges or civil penalties, making this option overly restrictive.

<b>B) may be subject to criminal prosecution under the general laws of the state.</b>  
This is the correct answer as it accurately reflects that individuals violating license laws in Missouri can face criminal prosecution, which encompasses a broader range of potential legal repercussions, including both felonies and misdemeanors.

<b>C) is exempt from civil liability under the general laws of the state.</b>  
This choice is incorrect because individuals who violate license laws are not exempt from civil liability. In fact, they may face civil penalties or be liable for damages resulting from their actions, contrary to what this option suggests.

<b>D) is exempt from civil liability unless intent to defraud can be proven.</b>  
This statement is misleading, as it incorrectly implies that civil liability hinges solely on proving intent to defraud. Violating license laws can lead to civil consequences regardless of intent, thus making this option inaccurate.

<b>Conclusion</b>  
In Missouri, a violation of the license law leads to potential criminal prosecution, reflecting the seriousness of compliance with state regulations. While incorrect options suggest either limited legal repercussions or exemptions from liability, the reality is that violators can face both criminal and civil consequences. Understanding these implications is crucial for maintaining lawful practices in regulated professions.",,Regular,
Real Estate Licensing Exams,Salesperson and Broker License Exam,Missouri Real Estate Exams,Missouri Real Estate Practice Test,,A borrower wants to have the lowest monthly payments. Which of the following mortgage rates would the borrower prefer?,10% for 20 years,10% for 25 years,11% for 20 years,11% for 25 years,,,,B,"<h2>10% for 25 years would provide the lowest monthly payments.</h2>  
A longer loan term typically results in lower monthly payments, even if the interest rate is the same. Thus, among the options, a 10% interest rate over 25 years offers the most manageable monthly payment for the borrower.

<b>A) 10% for 20 years</b>  
While this option has a favorable interest rate of 10%, the shorter term of 20 years results in higher monthly payments compared to a 25-year term. The borrower would be paying off the same principal amount in a shorter time frame, which increases the monthly payment burden.

<b>B) 10% for 25 years</b>  
With a lower interest rate of 10% and a term of 25 years, this option minimizes the monthly payment. The extended duration allows the borrower to spread out the repayment of the loan, resulting in lower monthly financial obligations.

<b>C) 11% for 20 years</b>  
Although the term is shorter at 20 years, the higher interest rate of 11% significantly increases the monthly payments. Therefore, despite the shorter duration, the cost of borrowing becomes more expensive, making this option less favorable for those seeking to minimize monthly payments.

<b>D) 11% for 25 years</b>  
This option also features a longer term, but the higher interest rate of 11% results in increased monthly payments compared to the 10% rate. Therefore, it does not provide the lowest monthly payment option available.

<b>Conclusion</b>  
For borrowers aiming to achieve the lowest monthly payments, selecting a mortgage with a 10% interest rate over 25 years is the optimal choice. This option balances a lower interest rate with a longer repayment term, effectively reducing the monthly financial obligation compared to all other alternatives presented.",,Regular,
Real Estate Licensing Exams,Salesperson and Broker License Exam,Missouri Real Estate Exams,Missouri Real Estate License Questions,,"A buyer's agent should be sure the client understands that in every valid contract for sale, the buyer:",has equitable title,must make a down payment,has the right of immediate possession,must provide for a financing contingency,,,,A,"<h2>A buyer has equitable title in every valid contract for sale.</h2>  
Equitable title refers to the buyer's right to obtain full ownership of the property upon fulfilling the terms of the contract. This concept means that once a valid contract is executed, the buyer holds an interest in the property, even if legal title has not yet transferred.

<b>A) has equitable title</b>  
Equitable title is established when a buyer enters into a valid contract for sale, granting them rights to the property. This legal concept ensures that the buyer is recognized as having an interest in the property, which is crucial for their protections and obligations throughout the transaction process.

<b>B) must make a down payment</b>  
While many contracts include a down payment, it is not a universal requirement for every valid contract for sale. The terms of each contract can vary significantly, and some agreements may allow for alternative arrangements that do not necessitate an upfront payment. Therefore, this statement does not universally apply to all valid contracts.

<b>C) has the right of immediate possession</b>  
The right of immediate possession typically depends on the specific terms negotiated in the contract. Not all contracts grant this right immediately; possession may be contingent upon other conditions being met, such as closing dates or fulfillment of other contractual obligations.

<b>D) must provide for a financing contingency</b>  
Financing contingencies are common but not mandatory in every contract. Buyers may choose to waive this contingency based on their financial capabilities or other arrangements. Thus, while it is a common practice, it does not apply to all valid contracts for sale.

<b>Conclusion</b>  
In a valid contract for sale, the buyer holds equitable title, signifying their legal interest in the property. This right is fundamental to the buyer's position in the transaction. Other aspects such as down payments, immediate possession, and financing contingencies may vary depending on the specific terms of each contract, but equitable title remains a consistent feature across all valid sales agreements.",,Regular,
Real Estate Licensing Exams,Salesperson and Broker License Exam,Missouri Real Estate Exams,Missouri Real Estate Practice Test,,A buyer who is purchasing a property intends to build a chain link fence in the backyard. There is a 12-year-old deed restriction that prohibits chain link fences. The licensee finds out that there are no city codes prohibiting chain link fences. Which of the following statements regarding this situation is true?,City code always takes priority over deed restrictions.,This city code takes priority because deed restrictions expire 10 years after a subdivision is developed.,Deed restrictions always take priority over city codes.,"This deed restriction is more restrictive and will, therefore, take precedence.",,,,D,"<h2>This deed restriction is more restrictive and will, therefore, take precedence.</h2>  
Deed restrictions are private agreements that dictate how property can be used and typically hold more weight than city codes when it comes to specific property use, such as the construction of fences. In this case, the 12-year-old deed restriction clearly prohibits chain link fences, making it enforceable despite the absence of a city code against them.

<b>A) City code always takes priority over deed restrictions.</b>  
This statement is incorrect because while city codes govern public land use and safety, they do not inherently override private agreements like deed restrictions unless explicitly stated. Deed restrictions can impose stricter limitations than city codes, making this assertion inaccurate.

<b>B) This city code takes priority because deed restrictions expire 10 years after a subdivision is developed.</b>  
This choice is misleading as it incorrectly asserts that deed restrictions automatically expire after a specific period. In reality, deed restrictions may remain in effect indefinitely unless legally challenged or modified, meaning they can still be enforceable regardless of the subdivision's age.

<b>C) Deed restrictions always take priority over city codes.</b>  
While it is often true that deed restrictions can take precedence over city codes, this statement lacks nuance. There can be circumstances where city codes may supersede certain deed restrictions, especially if the regulations are more recent or specifically designed to address public health and safety concerns.

<b>Conclusion</b>  
In summary, deed restrictions serve as binding agreements that can impose specific limitations on property use, such as prohibiting chain link fences. In this scenario, the 12-year-old deed restriction is indeed more restrictive than any applicable city code and will take precedence, reinforcing the need for buyers and licensees to understand both types of regulatory frameworks when it comes to property development.",,Regular,
Real Estate Licensing Exams,Salesperson and Broker License Exam,Missouri Real Estate Exams,Missouri Real Estate License Questions,,"A couple's offer was accepted out of 12 other offers, which was surprising because they were only putting 3.5% down with an FHA insured loan. If the appraisal comes in $15000 less than the agreed amount, which of the following would be acceptable to the FHA?",making sure this loan is not insured because of the lower appraisal,giving the improvements more value and adding money to the appraisal,paying the $15000 difference between contract price and appraised value,allowing the buyers time to find a property closer to their approved loan amount,,,,C,"<h2>Paying the $15000 difference between contract price and appraised value is acceptable to the FHA.</h2>  
In cases where the appraisal comes in lower than the agreed purchase price, the FHA allows the buyer to cover the difference out of pocket. This action maintains the loan's viability and ensures that the deal can proceed despite the appraisal discrepancy.

<b>A) Making sure this loan is not insured because of the lower appraisal</b>  
This option is incorrect because the FHA does not require the loan to be uninsured simply due to a lower appraisal. The FHA can still insure the loan as long as the buyer is able to cover the difference, ensuring that the transaction can continue without losing insurance coverage.

<b>B) Giving the improvements more value and adding money to the appraisal</b>  
This choice is not acceptable because appraisals must reflect the market value based on comparable sales and property conditions. Inflating the value through improvements or additional funds would not align with FHA guidelines, which require a fair assessment based on actual market conditions.

<b>C) Paying the $15000 difference between contract price and appraised value</b>  
This is the correct answer because the FHA allows buyers to compensate for a lower appraisal by covering the difference themselves. Doing so can help facilitate the loan's approval and ensure that the home purchase can proceed as planned.

<b>D) Allowing the buyers time to find a property closer to their approved loan amount</b>  
While this option might seem reasonable, it is not a direct solution to the current appraisal issue. The FHA does not provide allowances for buyers to seek alternative properties in this context; instead, they focus on how to proceed with the current transaction.

<b>Conclusion</b>  
In summary, the FHA allows buyers to pay the difference between the purchase price and the appraised value to keep the loan insured and maintain the transaction's integrity. Other options, such as disallowing insurance or manipulating appraisal values, do not align with FHA policies. By covering the $15,000 difference, the buyers can proceed with their purchase, demonstrating the flexibility of FHA loan guidelines in real estate transactions.",,Regular,
Real Estate Licensing Exams,Salesperson and Broker License Exam,Missouri Real Estate Exams,Missouri Real Estate Practice Test,,"A seller tells a listing licensee that the house's plumbing needs repair but not to disclose this fact to prospective buyers. A prospective buyer's licensee asks about the plumbing, and the listing licensee says it works perfectly. If the prospective buyer purchases the house, who may be liable for future related damages due to the misrepresentation?",Seller,Listing licensee,Seller and listing licensee,Buyer's licensee and listing licensee,,,,C,"<h2>Both the seller and the listing licensee may be liable for future related damages due to the misrepresentation.</h2>  
In this scenario, the seller has provided misleading information about the plumbing, and the listing licensee has also misrepresented the condition of the plumbing to the prospective buyer. Both parties share responsibility for the misrepresentation, which can lead to liability for any resulting damages.

<b>A) Seller</b>  
While the seller is indeed responsible for the initial misrepresentation regarding the plumbing's condition, their liability alone does not encompass the full scope of the situation. The seller's instruction to the listing licensee not to disclose the plumbing issue creates a situation where both parties are implicated in the misleading information provided to the buyer.

<b>B) Listing licensee</b>  
The listing licensee is also liable for misrepresentation, as they conveyed false information about the plumbing to the prospective buyer. However, this option fails to acknowledge the seller's role in directing the licensee to withhold critical information, thus not encompassing the full extent of liability in the situation.

<b>C) Seller and listing licensee</b>  
This option accurately reflects the situation, as both the seller and the listing licensee engaged in misrepresentation. The seller instructed the licensee to conceal the plumbing issue, and the licensee then misled the buyer by asserting the plumbing was in perfect working condition, creating joint liability for any future damages.

<b>D) Buyer's licensee and listing licensee</b>  
The buyer's licensee is not liable in this scenario as they were not privy to the misleading information and acted in good faith by seeking clarification about the plumbing. The focus of liability lies solely with the seller and listing licensee, who actively participated in the misrepresentation.

<b>Conclusion</b>  
In summary, both the seller and the listing licensee share liability for the misrepresentation concerning the plumbing issues in the house. The seller's directive to conceal the truth, coupled with the listing licensee's false statement, creates a situation where both parties can be held accountable for damages incurred by the prospective buyer due to their misleading actions. Understanding this dual liability is crucial in real estate transactions to ensure transparency and protect all parties involved.",,Regular,
Real Estate Licensing Exams,Salesperson and Broker License Exam,Missouri Real Estate Exams,Missouri Real Estate License Questions,,Which of the following statements is true of continuing education requirements in Missouri?,A licensee may apply for credit for courses that have not been previously approved by the Missouri Real Estate Commission.,Courses in business skills such as typing may be approved for credit.,The core curriculum shall be composed of at least 6 hours of approved instruction.,The Missouri Real Estate Commission will waive all or part of the requirement if the licensee is a student in any program at a university or college.,,,,C,"<h2>The core curriculum shall be composed of at least 6 hours of approved instruction.</h2>  
In Missouri, the continuing education requirements specifically dictate that the core curriculum must include a minimum of 6 hours of approved instruction, ensuring that licensees meet the necessary educational standards to maintain their licenses.

<b>A) A licensee may apply for credit for courses that have not been previously approved by the Missouri Real Estate Commission.</b>  
This statement is incorrect because only courses that have received prior approval from the Missouri Real Estate Commission can be counted towards continuing education credits. Unauthorized courses do not qualify for credit, upholding the integrity of the education system.

<b>B) Courses in business skills such as typing may be approved for credit.</b>  
This statement is also false. Continuing education credits are typically limited to courses directly related to real estate practices and laws, and general business skills, such as typing, do not meet the criteria for approval by the Missouri Real Estate Commission.

<b>D) The Missouri Real Estate Commission will waive all or part of the requirement if the licensee is a student in any program at a university or college.</b>  
This statement is misleading. While there may be certain allowances or considerations for active students, there is no blanket waiver of continuing education requirements based solely on enrollment in a university or college program. Licensees are still required to fulfill their continuing education obligations.

<b>Conclusion</b>  
The ongoing education requirements for real estate licensees in Missouri clearly stipulate that the core curriculum must consist of at least 6 hours of approved courses. This ensures that licensees maintain their knowledge and skills in a regulated manner. Other statements regarding course approval and waivers do not accurately reflect the regulations established by the Missouri Real Estate Commission, highlighting the importance of adhering to approved educational frameworks.",,Regular,
Real Estate Licensing Exams,Salesperson and Broker License Exam,Missouri Real Estate Exams,Missouri Real Estate Practice Test,,A capitalization rate would most likely be used in the valuation of which of the following properties?,church,apartment building,public school,municipal museum,,,,B,"<h2>A capitalization rate would most likely be used in the valuation of an apartment building.</h2>  
A capitalization rate, or cap rate, is a key metric in real estate valuation, primarily applied to income-generating properties such as apartment buildings. It helps investors assess the potential return on investment by comparing the net operating income to the property's value.

<b>A) church</b>  
Churches are typically non-profit entities and do not generate income in the traditional sense. As such, a capitalization rate is not applicable for their valuation since it is primarily used for properties that generate rental income or profits.

<b>B) apartment building</b>  
Apartment buildings are income-producing properties, making them ideal candidates for valuation using capitalization rates. By calculating the cap rate, investors can determine the expected return on investment based on the net operating income relative to the property's market value.

<b>C) public school</b>  
Public schools are funded through tax dollars and do not operate as profit-generating entities. Therefore, they do not use capitalization rates for valuation, as there is no income stream to evaluate against the property's market value.

<b>D) municipal museum</b>  
Municipal museums, like public schools, typically rely on public funding and do not generate income through traditional means. Consequently, the use of a capitalization rate in their valuation is inappropriate, as they do not have net operating income to assess against their value.

<b>Conclusion</b>  
The capitalization rate is a crucial tool for valuing income-generating properties, with apartment buildings being the most fitting example among the options provided. Non-profit or publicly funded entities like churches, schools, and museums do not generate income, making the cap rate irrelevant for their valuation. Understanding the application of capitalization rates is essential for real estate investors focused on income-producing properties.",,Regular,
Real Estate Licensing Exams,Salesperson and Broker License Exam,Missouri Real Estate Exams,Missouri Real Estate License Questions,,"A buyer and broker enter into a 3-month exclusive buyer agency agreement. With regard to the broker's right to be compensated and to work with other clients, this means that during the term of this agreement, the broker",must be compensated by the seller.,is only due compensation if the buyer purchases one of the broker's listings.,is entitled to compensation even if the buyer purchases a property that they locate.,may not show a property to other buyers until the buyer decides if they want to make an offer.,,,,C,"<h2>is entitled to compensation even if the buyer purchases a property that they locate.</h2>  
In a 3-month exclusive buyer agency agreement, the broker has the right to receive compensation regardless of how the buyer finds a property, reflecting the commitment established in the agreement.

<b>A) must be compensated by the seller.</b>  
While brokers often receive compensation from sellers when a transaction occurs, the exclusive buyer agency agreement specifically pertains to the buyer's obligation to compensate the broker. The broker's right to payment is not dependent solely on the seller but rather on the agreement with the buyer.

<b>B) is only due compensation if the buyer purchases one of the broker's listings.</b>  
This statement is misleading as it implies the broker's compensation is limited to transactions involving their own listings. Under the terms of an exclusive buyer agency agreement, the broker is entitled to compensation for any property the buyer purchases, not just those listed by the broker.

<b>D) may not show a property to other buyers until the buyer decides if they want to make an offer.</b>  
This choice incorrectly suggests that the broker's ability to work with other clients is restricted during the agreement. In fact, while the broker is committed to representing the exclusive buyer, they can still show properties to other buyers unless explicitly stated otherwise in the agreement.

<b>Conclusion</b>  
The exclusive buyer agency agreement secures the broker's right to compensation for any property the buyer purchases, regardless of how the property is found. This ensures that the broker's efforts in assisting the buyer are rewarded, fostering a professional relationship built on mutual benefit. Understanding this framework is crucial for both buyers and brokers to navigate the real estate market effectively.",,Regular,
Real Estate Licensing Exams,Salesperson and Broker License Exam,Missouri Real Estate Exams,Missouri Real Estate Practice Test,,"According to the Truth-in-Lending Act (Regulation Z), which of the following must be stated in the Truth-in-Lending disclosure?",attorney fees,cost of title policy,broker's commission,annual percentage rate,,,,D,"<h2>Annual percentage rate must be stated in the Truth-in-Lending disclosure.</h2>  
The Truth-in-Lending Act (Regulation Z) mandates that lenders disclose the annual percentage rate (APR) to borrowers, as it reflects the total cost of borrowing on an annual basis. This requirement ensures that consumers can make informed decisions by comparing the costs of different loan offers.

<b>A) attorney fees</b>  
Attorney fees are not explicitly required to be disclosed under Regulation Z. While they may be associated with closing costs in a transaction, they do not form part of the key financial terms that must be clearly articulated to ensure transparency in lending agreements.

<b>B) cost of title policy</b>  
The cost of a title policy, while important in real estate transactions, is not a mandated disclosure under the Truth-in-Lending Act. Title insurance is typically included in the closing costs but does not directly affect the borrowing terms that are primarily outlined in the APR.

<b>C) broker's commission</b>  
A broker's commission is related to the fees paid for real estate services rather than the terms of the loan itself. Regulation Z focuses on the costs related to borrowing, and broker commissions are not a requirement for disclosure under the Truth-in-Lending Act.

<b>D) annual percentage rate</b>  
The annual percentage rate is the critical piece of information that must be disclosed, as it provides borrowers with a standardized measure of the cost of credit over the life of the loan. This allows consumers to understand the true cost of borrowing and compare different loan options effectively.

<b>Conclusion</b>  
The Truth-in-Lending Act specifically requires the disclosure of the annual percentage rate (APR) to ensure that consumers are fully informed about the costs associated with their loans. While other costs such as attorney fees, title policy costs, and broker commissions are relevant in real estate transactions, they are not part of the mandatory disclosures under Regulation Z, which focuses on the essential terms of credit. The APR remains the key figure for consumers to compare and evaluate loan offers.",,Regular,
Real Estate Licensing Exams,Salesperson and Broker License Exam,Missouri Real Estate Exams,Missouri Real Estate License Questions,,"A seller calls a broker to request a listing consultation appointment. When the broker arrives to tour the home, the broker decides to purchase the home instead. How should the broker proceed?",Disclose the personal interest and intention to purchase,"List the home and market it to ready, willing, and able buyers",Advise the seller of the market conditions and suggest a listing price,Keep the personal interest confidential until the broker's offer is ready to present,,,,A,"<h2>Disclose the personal interest and intention to purchase.</h2>  
When a broker has a personal interest in purchasing a property they are consulting on, ethical guidelines and legal requirements dictate that they must fully disclose this interest to the seller. This transparency ensures that the seller can make an informed decision regarding their property and the potential conflict of interest is appropriately managed.

<b>A) Disclose the personal interest and intention to purchase</b>  
This choice is correct because it aligns with the ethical obligations of brokers to maintain transparency with their clients. By disclosing their intention to purchase, the broker allows the seller to understand the nature of the relationship and make informed decisions moving forward. This step is critical in avoiding conflicts of interest and ensuring trust in the transaction process.

<b>B) List the home and market it to ready, willing, and able buyers</b>  
While listing the home may seem like a proactive step, it ignores the broker's personal interest in purchasing the property. Failing to disclose this conflict can lead to ethical violations and potential legal repercussions, as the seller deserves to know that the broker may have competing interests.

<b>C) Advise the seller of the market conditions and suggest a listing price</b>  
Although providing market advice is part of a broker's role, doing so without disclosing their personal interest undermines the seller's ability to make an informed decision. The broker's personal intentions should be disclosed before offering market insights to maintain ethical standards.

<b>D) Keep the personal interest confidential until the broker's offer is ready to present</b>  
This option is unethical as it prioritizes the broker's interests over the seller's right to know about potential conflicts. Keeping such information confidential can lead to mistrust and legal issues, as the seller may feel misled if they later discover the broker's true intentions.

<b>Conclusion</b>  
In real estate transactions, transparency and ethical conduct are paramount. The broker must disclose their personal interest in purchasing the property to uphold ethical standards and maintain trust. Choices that ignore this obligation risk compromising the seller's decision-making process and the integrity of the transaction. By prioritizing disclosure, the broker fosters a professional relationship built on honesty and respect.",,Regular,
Real Estate Licensing Exams,Salesperson and Broker License Exam,Missouri Real Estate Exams,Missouri Real Estate Practice Test,,"The clause designed to ensure that a broker will receive a commission if negotiations with a ready, willing, and able buyer are completed after the listing has expired is called",An acceleration clause,An alienation clause,A coinsurance clause,An extension or 'tail' clause,,,,D,"<h2>An extension or 'tail' clause ensures that a broker will receive a commission after the listing has expired if negotiations with a ready, willing, and able buyer are completed.</h2>  
This clause provides protection for brokers, allowing them to collect commissions on sales that occur after the termination of a listing agreement, provided the buyer was procured during the listing period.

<b>A) An acceleration clause</b>  
An acceleration clause is typically found in loan agreements and allows a lender to demand full repayment of a loan if certain conditions are met, such as default. It does not pertain to real estate commissions or the continuation of a broker's rights post-listing expiration.

<b>B) An alienation clause</b>  
An alienation clause is included in mortgage contracts and allows the lender to demand full repayment if the property is sold or transferred without their approval. This clause relates to the transfer of property ownership, not to the commission structure for brokers following the expiration of a listing.

<b>C) A coinsurance clause</b>  
A coinsurance clause is often found in insurance policies and requires the policyholder to carry insurance equal to a specified percentage of the property's value to receive full claims. This concept is unrelated to real estate commissions or broker agreements, making it irrelevant to the question at hand.

<b>D) An extension or 'tail' clause</b>  
This clause specifically addresses the situation where a broker remains entitled to a commission if a sale occurs with a buyer they introduced, even after the listing agreement has expired. This ensures that brokers are compensated for their efforts in securing potential buyers, maintaining their financial interests post-listing.

<b>Conclusion</b>  
An extension or 'tail' clause is critical in real estate transactions as it protects the broker's right to a commission beyond the life of a listing agreement, provided they have engaged a buyer who is ready, willing, and able to complete the deal. Other clauses mentioned do not pertain to the real estate commission structure and serve different purposes within financial and legal contexts.",,Regular,
Real Estate Licensing Exams,Salesperson and Broker License Exam,Missouri Real Estate Exams,Missouri Real Estate License Questions,,"A licensee discloses to a prospective buyer that she is a subagent of the listing broker. The buyer wants to submit an offer, but refuses to sign a written confirmation of the disclosure. What should the licensee do in this situation?",Provide a written statement of facts of the buyer's refusal to her broker.,Tell the buyer she is legally prevented from showing him properties.,Take no further action since she has made oral disclosure.,Refer the buyer to the listing broker.,,,,A,"<h2>Provide a written statement of facts of the buyer's refusal to her broker.</h2>  
The licensee is obligated to document the buyer's refusal to sign the written confirmation, as this protects both the licensee and the broker by maintaining transparency in the transaction process. By providing a written statement to her broker, the licensee ensures there is a record of the disclosure and the buyer's response, which is essential for compliance and accountability.

<b>A) Provide a written statement of facts of the buyer's refusal to her broker.</b>  
This choice is correct because it emphasizes the importance of maintaining a clear record of the buyer's refusal to acknowledge the disclosure. Documenting this refusal helps uphold the licensee's ethical and legal responsibilities, ensuring that all parties are informed and that there is a trail of communication regarding the transaction.

<b>B) Tell the buyer she is legally prevented from showing him properties.</b>  
This option is incorrect because the licensee cannot simply refuse to show properties based on the buyer's refusal to sign the confirmation. The licensee has already made the necessary disclosure and is still able to proceed with showing properties, provided that the buyer is informed about the implications of their refusal.

<b>C) Take no further action since she has made oral disclosure.</b>  
This choice is incorrect because taking no further action does not adequately address the buyer's refusal to sign the written confirmation. Oral disclosures can lack clarity and accountability; hence, documenting the refusal is crucial to protect the licensee's interests and those of the broker.

<b>D) Refer the buyer to the listing broker.</b>  
This option is also incorrect, as referring the buyer to the listing broker does not resolve the situation regarding the buyer's refusal to sign the written confirmation. The licensee has a responsibility to manage the transaction and ensure proper documentation rather than passing the issue off to another party.

<b>Conclusion</b>  
In real estate transactions, it is vital for licensees to maintain transparency and proper documentation, especially regarding disclosures. By providing a written statement of the buyer's refusal to her broker, the licensee fulfills her ethical obligations while ensuring that all necessary parties are informed. This practice not only safeguards the interests of the licensee and the broker but also promotes integrity in the transaction process.",,Regular,
Real Estate Licensing Exams,Salesperson and Broker License Exam,Missouri Real Estate Exams,Missouri Real Estate Practice Test,,"The heir to a large estate will be of legal age within 30 days. The heir lists for sale with a broker one of the properties held by the estate. The broker knows of a buyer for the property and sells it within 24 hours of listing, with closing to be in 45 days. Both listing and sale contracts are",fulfilled,executed,voidable,executory,,,,C,"<h2>The listing and sale contracts are voidable.</h2>  
The heir, still not of legal age, has the right to void the contracts due to their status as a minor. Until the heir reaches the age of majority, any contracts they enter into can be voided at their discretion, making the contracts in this scenario voidable.

<b>A) fulfilled</b>  
Fulfilled contracts are those that have been completely performed by all parties involved. In this case, since the heir has not reached legal age and retains the right to void the contracts, they cannot be considered fulfilled as the obligations may not be binding.

<b>B) executed</b>  
Executed contracts refer to agreements that have been completed by all parties. While the sale may be pending, the contracts are not executed because the heir is legally unable to be bound by the sale until they reach the age of majority, leaving the contracts potentially voidable.

<b>C) voidable</b>  
Contracts involving a minor are generally voidable at the minor's discretion. Since the heir is not yet of legal age, they have the legal right to void the contracts they entered into, making this situation a classic example of voidable contracts.

<b>D) executory</b>  
Executory contracts are those in which some performance remains to be completed. While the sale contract is indeed executory until closing, the critical factor here is that the heir's legal status as a minor makes the contracts voidable, overshadowing the executory nature of the agreement.

<b>Conclusion</b>  
In this scenario, the contracts listed by the heir are voidable due to their status as a minor. This legal principle protects individuals who are not of legal age from being bound by agreements they may not fully understand. Therefore, until the heir reaches the age of majority, they can choose to void the contracts, emphasizing the importance of legal capacity in contract law.",,Regular,
Real Estate Licensing Exams,Salesperson and Broker License Exam,Missouri Real Estate Exams,Missouri Real Estate License Questions,,A licensee tells the Missouri Real Estate Commission that a broker is using escrow funds to conduct business without the permission of the parties involved. The Commission can,require the broker to attend an educational seminar on trust accounts prior to a hearing.,initiate a complaint on its own motion against the broker and conduct an investigation.,immediately file a complaint with the Administrative Hearing Commission.,put the broker on probation until an investigation is completed.,,,,B,"<h2>The Commission can initiate a complaint on its own motion against the broker and conduct an investigation.</h2>  
The Missouri Real Estate Commission has the authority to act independently and launch an investigation if there are allegations of misconduct, such as the improper use of escrow funds by a broker. This ensures that potential violations are addressed promptly and appropriately.

<b>A) Require the broker to attend an educational seminar on trust accounts prior to a hearing.</b>  
While the Commission may encourage education on trust accounts, requiring attendance at a seminar prior to a hearing does not address the immediate concern of misconduct. Educational seminars are preventative measures rather than direct actions against alleged unethical behavior.

<b>C) Immediately file a complaint with the Administrative Hearing Commission.</b>  
Filing a complaint with the Administrative Hearing Commission is a step that typically occurs after the Commission has conducted its investigation and gathered sufficient evidence. Immediate filing without prior investigation would be premature and not aligned with standard procedural practices.

<b>D) Put the broker on probation until an investigation is completed.</b>  
Probation is a disciplinary measure that is typically reserved for after an investigation has taken place and a finding of wrongdoing has been established. The Commission does not have the authority to impose probation unilaterally without first confirming the validity of the allegations through an investigation.

<b>Conclusion</b>  
The Missouri Real Estate Commission's proper course of action in response to allegations against a broker involves initiating a complaint and conducting an investigation. This process ensures that any potential violations of law are thoroughly examined and addressed, maintaining the integrity of real estate practices within the state. The other options listed do not align with the Commission's procedural authority or the necessity for due process in handling allegations of misconduct.",,Regular,
Real Estate Licensing Exams,Salesperson and Broker License Exam,Missouri Real Estate Exams,Missouri Real Estate Practice Test,,"To determine the approximate current market value of a property, a buyer's licensee should advise the buyer to obtain which of the following?",A platted survey,A copy of the county's assessed value of the property,The last price for which the property sold,A fee appraisal,,,,D,"<h2>A fee appraisal.</h2>  
A fee appraisal provides a professional and unbiased estimate of a property's market value, considering various factors such as location, condition, and comparable sales. This thorough analysis is essential for buyers to make informed decisions based on current market trends.

<b>A) A platted survey</b>  
A platted survey is primarily used to determine property boundaries and easements, not to ascertain market value. While it is important for understanding the physical dimensions of a property, it does not provide any insight into its financial worth in the current market.

<b>B) A copy of the county's assessed value of the property</b>  
The county's assessed value is often based on tax purposes and may not reflect the true market value of the property. Assessments can lag behind current market conditions, making them less reliable for determining the actual selling price or market value.

<b>C) The last price for which the property sold</b>  
While the last sale price can provide some context, it may not accurately represent the current market value due to fluctuations in the real estate market, improvements made to the property, or changes in demand. Relying solely on this figure can lead to miscalculations in valuation.

<b>Conclusion</b>  
To accurately assess the current market value of a property, obtaining a fee appraisal is essential. This comprehensive evaluation offers a professional perspective that considers numerous variables, thus ensuring buyers make informed decisions based on the most relevant and up-to-date information. Other options, such as surveys, assessed values, or previous selling prices, do not provide the same level of accuracy and reliability in determining true market value.",,Regular,
Real Estate Licensing Exams,Salesperson and Broker License Exam,Missouri Real Estate Exams,Missouri Real Estate License Questions,,"When using the cost approach to develop an estimate of property value, which step would NOT be part of the process?",estimating the value of the land as though it were vacant and available to be put to its highest and best use,deducting the estimated amount of the property's accrued depreciation,capitalizing the net operating income utilizing the current rates,deducting the accrued depreciation from the construction cost,,,,C,"<h2>Capitalizing the net operating income utilizing the current rates is NOT part of the cost approach process.</h2>  
In the cost approach to property valuation, the focus is on estimating the costs associated with replacing or reproducing a property, as well as accounting for depreciation. Capitalizing net operating income is a method more aligned with the income approach to valuation, not the cost approach.

<b>A) Estimating the value of the land as though it were vacant and available to be put to its highest and best use</b>  
This step is indeed part of the cost approach, as valuing the land separately is crucial for determining the overall value of the property. This involves assessing the land's potential use and market conditions to reach an accurate land value.

<b>B) Deducting the estimated amount of the property's accrued depreciation</b>  
This is also a necessary step in the cost approach. Estimating accrued depreciation accounts for the loss of value due to wear and tear or obsolescence, which must be deducted from the total cost to arrive at the current value of the property.

<b>D) Deducting the accrued depreciation from the construction cost</b>  
This step is integral to the cost approach as it involves taking the total construction cost and adjusting it for any depreciation. This adjustment is vital for accurately reflecting the property's current value based on its condition.

<b>Conclusion</b>  
In summary, the cost approach focuses on estimating property value through land valuation, construction costs, and depreciation adjustments. Capitalizing net operating income is not part of this approach; instead, it is a characteristic of the income approach. Understanding these distinctions is essential for effective property valuation and applying the correct methodology.",,Regular,
Real Estate Licensing Exams,Salesperson and Broker License Exam,New Jersey Real Estate Exams,New Jersey Real Estate Practice Exam,,A buyer has written an offer for a commercial building for $5.2 million. Another buyer writes an offer on the same building for $5.4 million later the same day. The second offer is presented before the seller makes a decision on the first offer. Which of the following is true in this situation,The seller must accept the highest offer,"The seller can accept either offer, or reject both offers",The seller must take action on the first offer before considering the second one,The seller should accept both offers because one may fall through,,,,B,"<h2>The seller can accept either offer, or reject both offers.</h2>  
In real estate transactions, sellers have the discretion to choose how to respond to multiple offers. They are not legally obligated to accept the highest offer and can decide based on their preferences and circumstances, even rejecting all offers if desired.

<b>A) The seller must accept the highest offer</b>  
This statement is incorrect because there is no legal requirement for a seller to accept the highest offer. The seller has the right to consider various factors beyond just the offer amount, such as contingencies, buyer qualifications, and personal circumstances, allowing them to select an offer that best aligns with their goals.

<b>C) The seller must take action on the first offer before considering the second one</b>  
This choice is incorrect as sellers are not bound to respond to offers in the order they are received. They can evaluate multiple offers simultaneously and choose the one that suits them best, without any obligation to respond to the first offer before considering subsequent ones.

<b>D) The seller should accept both offers because one may fall through</b>  
This option is misleading; while a seller may receive multiple offers, accepting both simultaneously is not standard practice and could lead to legal complications. A seller must choose one offer and cannot commit to multiple buyers for the same property without risking breach of contract.

<b>Conclusion</b>  
In the scenario presented, the seller maintains the flexibility to accept either the $5.2 million or the $5.4 million offer, or even to reject both. The seller's decision-making process can encompass various aspects beyond the financial component, emphasizing the importance of strategic choice in real estate negotiations. Ultimately, the key takeaway is that sellers hold the power to evaluate and respond to offers based on their individual needs and preferences.",,Regular,
Real Estate Licensing Exams,Salesperson and Broker License Exam,New Jersey Real Estate Exams,New Jersey Real Estate Test Prep,,"According to the Real Estate Licensing Law, a real estate licensee can provide a rebate of the commission to a buyer",if the licensee is the broker.,if notated on the contract of sale.,provided it does not exceed 50% of the total commission.,if a writing confirming the terms of the rebate is provided to the buyer at closing.,,,,D,"<h2>A real estate licensee can provide a rebate of the commission to a buyer if a writing confirming the terms of the rebate is provided to the buyer at closing.</h2>
This requirement ensures that both the buyer and the licensee have a clear understanding of the rebate terms, thus promoting transparency and compliance with the Real Estate Licensing Law.

<b>A) if the licensee is the broker.</b>  
While a licensee may be a broker, this condition does not inherently grant the authority to provide a rebate. The ability to issue a commission rebate is contingent upon proper documentation and adherence to legal requirements, not merely on the broker's status.

<b>B) if notated on the contract of sale.</b>  
Notating a rebate on the contract of sale is not sufficient for its legality under the Real Estate Licensing Law. The law specifically mandates that a written confirmation of the rebate terms must be provided to the buyer at closing, ensuring clarity and legality in the transaction.

<b>C) provided it does not exceed 50% of the total commission.</b>  
There is no specific legal limitation stating that a rebate cannot exceed 50% of the total commission. The key requirement is the provision of written confirmation of the rebate terms to the buyer at closing, rather than a cap on the percentage of the commission that can be rebated.

<b>D) if a writing confirming the terms of the rebate is provided to the buyer at closing.</b>  
This statement accurately reflects the legal requirement for providing a commission rebate. The written confirmation serves to protect both parties and ensures that the terms are understood and agreed upon at the time of closing.

<b>Conclusion</b>  
In summary, the Real Estate Licensing Law stipulates that a real estate licensee must provide written confirmation of the rebate terms to the buyer at closing to legally offer a commission rebate. Other options presented do not meet the necessary legal criteria or misinterpret the law's requirements. This legal framework is essential for maintaining ethical practices within real estate transactions.",,Regular,
Real Estate Licensing Exams,Salesperson and Broker License Exam,New Jersey Real Estate Exams,New Jersey Real Estate Practice Exam,,A developer intends to subdivide a large parcel of land and is in the process of land planning. The developer has determined the geographic boundaries of the individual lots and how the streets in the development will be designed to give access to each lot. When can the developer begin to list lots for sale with a broker?,after the developer records prescriptive easements for lots that have no street frontage,when local authorities grant the developer a conditional use permit allowing residential construction,"when the developer has submitted his plat map to local authorities, received approval, and recorded it","immediately, as long as the current zoning ordinance permits the residential use he is planning",,,,C,"<h2>When the developer has submitted his plat map to local authorities, received approval, and recorded it.</h2>  
The developer must have a recorded plat map, which outlines the subdivision's layout and complies with local regulations, before listing lots for sale. This approval process is crucial to ensure that the development meets zoning laws and safety standards.

<b>A) After the developer records prescriptive easements for lots that have no street frontage</b>  
Recording prescriptive easements may be necessary for access but does not authorize the sale of the lots. The developer must first have a recorded plat map that has received approval from local authorities to legally subdivide and sell the lots.

<b>B) When local authorities grant the developer a conditional use permit allowing residential construction</b>  
While a conditional use permit is important for allowing the intended residential use, it does not authorize the sale of lots. The developer still needs to submit a plat map, obtain approval, and record it, which is a necessary step in the subdivision process.

<b>C) When the developer has submitted his plat map to local authorities, received approval, and recorded it</b>  
This option correctly identifies the necessary steps for the developer to legally list the lots for sale. Approval and recording of the plat map ensure compliance with local regulations and provide the legal framework for the subdivision.

<b>D) Immediately, as long as the current zoning ordinance permits the residential use he is planning</b>  
Although the zoning ordinance is a crucial factor, it alone does not permit the immediate sale of the lots. The developer must still complete the subdivision process by having the plat map approved and recorded to ensure all legal requirements are met.

<b>Conclusion</b>  
In summary, the developer can only begin listing lots for sale after submitting the plat map, receiving local authority approval, and recording it. This process ensures that all developments comply with local regulations, zoning laws, and safety standards, thereby protecting both the developer and future homeowners.",,Regular,
Real Estate Licensing Exams,Salesperson and Broker License Exam,New Jersey Real Estate Exams,New Jersey Real Estate Test Prep,,A broker received a birthday check from a client. The broker decided to put it in the escrow account because it was from a client. This is,conversion.,commingling.,acceptable if the check was written on the client's business account.,acceptable if the client has had a transaction within the last 18 months.,,,,B,"<h2>Putting the birthday check from a client into the escrow account is considered commingling.</h2>  
Commingling occurs when a broker mixes client funds with their own or with funds from other clients, which is against ethical and legal standards in brokerage practices. Escrow accounts are meant to hold client funds separate from the broker's personal finances, and placing a birthday check from a client into such an account violates this principle.

<br>

<b>A) conversion.</b>  
Conversion refers to the unauthorized taking or use of someone else's property. In this context, the broker did not take ownership of the check but rather improperly placed it into the escrow account. Therefore, conversion does not accurately describe the situation involving the mishandling of the client's funds.

<br>

<b>C) acceptable if the check was written on the client's business account.</b>  
Even if the check were written on the client's business account, it would still qualify as commingling. The principle of keeping personal and client funds separate applies regardless of the source of the funds. Thus, putting a check from a client into the escrow account without proper protocols is not acceptable.

<br>

<b>D) acceptable if the client has had a transaction within the last 18 months.</b>  
The frequency of transactions with the client does not change the nature of the action. Commingling remains an issue regardless of transaction history. The broker's action of placing a birthday check into the escrow account remains inappropriate and breaches the rules governing the handling of client funds.

<br>

<b>Conclusion</b>  
In brokerage, ethical practices dictate that client funds must be kept separate from personal or other clients' funds to avoid commingling. The act of placing a birthday check from a client into the escrow account is a clear violation of this principle, regardless of the check's origin or the client's transaction history. Upholding these standards is crucial for maintaining trust and legality in financial dealings.",,Regular,
Real Estate Licensing Exams,Salesperson and Broker License Exam,New Jersey Real Estate Exams,New Jersey Real Estate Practice Exam,,A real estate licensee is a partial owner of a local inspection company. It is permissible for the licensee to tell all clients to use this company when:,it is in the best interest of the client,the licensee does not know any of the other title companies in the area,the client does not ask for other recommendations,the licensee discloses the interest in the company to the client,,,,D,"<h2>the licensee discloses the interest in the company to the client.</h2>  
Transparency is key in real estate transactions, particularly when a licensee has a financial interest in a recommended service. By disclosing their ownership interest, the licensee ensures that the client is fully informed, thereby maintaining ethical standards and avoiding potential conflicts of interest.

<b>A) it is in the best interest of the client</b>  
While acting in the best interest of the client is crucial, it does not absolve the licensee from the necessity of disclosure. A licensee may have the client's best interest at heart, but failing to disclose a financial interest could lead to ethical violations and conflicts of interest, undermining the trust in the professional relationship.

<b>B) the licensee does not know any of the other title companies in the area</b>  
Lack of knowledge about other companies does not justify the recommendation of the inspection company where the licensee has an ownership stake. The ethical obligation to disclose the interest remains, irrespective of the licensee's familiarity with other options. This choice implies a lack of due diligence and does not address the requirement for full disclosure.

<b>C) the client does not ask for other recommendations</b>  
Even if the client does not request alternatives, the licensee is still obligated to disclose their ownership interest in the inspection company. Clients must be made aware of any potential conflicts of interest, regardless of their inquiries, to make informed decisions. This choice suggests a disregard for ethical responsibilities tied to ownership transparency.

<b>Conclusion</b>  
In real estate, licensees must adhere to ethical standards that include full disclosure of any financial interests in recommended services. The requirement to inform clients about ownership interests ensures transparency and helps maintain trust in the professional relationship. Without such disclosure, even well-intentioned recommendations could lead to ethical breaches and diminish the integrity of the real estate profession.",,Regular,
Real Estate Licensing Exams,Salesperson and Broker License Exam,New Jersey Real Estate Exams,New Jersey Real Estate Test Prep,,"A salesperson is convicted of a crime which involved activities as a real estate licensee. The Commission obtains a certified copy of the judgment of conviction against the salesperson. According to the New Jersey Real Estate License Law, the Commission MUST:",revoke the salesperson's license,suspend the salesperson's license,"determine, at its discretion, what disciplinary action to take against the salesperson",notify the salesperson's employing broker of the circumstances pertaining to the conviction,,,,A,"<h2>The Commission MUST revoke the salesperson's license.</h2>  
Under the New Jersey Real Estate License Law, a conviction involving activities as a real estate licensee necessitates the revocation of the salesperson's license to uphold the integrity of the real estate profession and protect the public.

<b>A) revoke the salesperson's license</b>  
Revoking the salesperson's license is a mandatory action taken by the Commission upon receiving a certified copy of a conviction. This requirement is set forth in the law to ensure that individuals convicted of crimes related to their professional conduct cannot continue to operate in a capacity that could harm the public or undermine trust in the real estate profession.

<b>B) suspend the salesperson's license</b>  
Suspension of the license is not a stipulated requirement under these circumstances. While suspension could be a possible disciplinary action for other offenses, the law specifically mandates revocation in cases of conviction related to real estate activities, leaving no room for suspension as a first response.

<b>C) determine, at its discretion, what disciplinary action to take against the salesperson</b>  
The law does not grant the Commission discretion in this case. The requirement to revoke the license after a conviction is clear and compulsory, leaving no latitude for the Commission to choose an alternative form of disciplinary action based on individual circumstances.

<b>D) notify the salesperson's employing broker of the circumstances pertaining to the conviction</b>  
While notifying the broker may be a good practice, it is not a legal requirement under the New Jersey Real Estate License Law in this context. The primary obligation is the revocation of the license itself, which supersedes any notification duties.

<b>Conclusion</b>  
The New Jersey Real Estate License Law mandates the revocation of a salesperson's license upon conviction of a crime involving their professional activities. This strict requirement serves to protect the integrity of the real estate industry and ensure that individuals with criminal convictions do not continue to engage in practices that could jeopardize public trust. Other disciplinary actions or notifications are not legally required in this scenario.",,Regular,
Real Estate Licensing Exams,Salesperson and Broker License Exam,New Jersey Real Estate Exams,New Jersey Real Estate Practice Exam,,Under what conditions may a salesperson accept a bonus offered by a seller for services rendered?,The salesperson receives payment directly from the seller.,The salesperson has the broker's approval.,"The seller pays the bonus to the broker, who passes it on to the salesperson.",Under no circumstances,,,,C,"<h2>The seller pays the bonus to the broker, who passes it on to the salesperson.</h2>  
In real estate transactions, it is essential for the compensation structure to align with ethical guidelines and regulations. Accepting a bonus directly from the seller can lead to conflicts of interest, while having the broker involved ensures transparency and compliance with industry standards.

<b>A) The salesperson receives payment directly from the seller.</b>  
This option is not acceptable as it creates a direct financial relationship between the salesperson and the seller, potentially leading to conflicts of interest. Such arrangements can compromise the integrity of the salesperson's duties, making it crucial to have a broker facilitate any bonuses or payments for services rendered.

<b>B) The salesperson has the broker's approval.</b>  
While broker approval is important in many situations, it is not sufficient on its own for accepting a bonus from the seller. The bonus must still be channeled through the broker to maintain proper ethical standards and ensure that all parties are aware of the compensation structure involved in the transaction.

<b>D) Under no circumstances</b>  
This option is overly restrictive and fails to recognize that bonuses can be acceptable if processed through the broker. The prohibition against accepting bonuses outright disregards scenarios where a broker can oversee and manage the bonus, ensuring compliance with legal and ethical guidelines.

<b>Conclusion</b>  
Accepting bonuses in real estate transactions must be handled with care to avoid ethical dilemmas. The correct procedure is for the seller to pay the bonus to the broker, who then distributes it to the salesperson. This approach ensures transparency and adherence to regulations, allowing salespeople to receive additional compensation without compromising their professional integrity.",,Regular,
Real Estate Licensing Exams,Salesperson and Broker License Exam,New Jersey Real Estate Exams,New Jersey Real Estate Test Prep,,"Regarding contracts for the sale of residential property, a New Jersey real estate licensee may prepare the contract of sale for one- to four-family properties provided that a",three-day attorney review clause is included,commission clause which contains a preprinted amount is included,broker of record signs the contract,salesperson signs and witnesses the contract,,,,A,"<h2>A three-day attorney review clause is included.</h2>  
In New Jersey, a real estate licensee is permitted to prepare a contract for the sale of residential property if it includes a three-day attorney review clause, which allows the buyer and seller to have the contract reviewed by their respective attorneys before it becomes binding.

<b>A) three-day attorney review clause is included</b>  
This choice is correct because New Jersey law specifically requires that a three-day attorney review clause be included in contracts for the sale of residential properties. This clause protects both parties by ensuring they have the opportunity to seek legal advice before finalizing the contract.

<b>B) commission clause which contains a preprinted amount is included</b>  
While including a commission clause is common, it is not a legal requirement for the preparation of a contract for residential property sales in New Jersey. The focus of the law is on the inclusion of the attorney review clause rather than the specifics of the commission agreement.

<b>C) broker of record signs the contract</b>  
The signature of the broker of record on the contract is not a requirement for the legality of the contract itself. The essential element is the attorney review clause, which provides the necessary legal safeguard for the transaction.

<b>D) salesperson signs and witnesses the contract</b>  
A salesperson's signature is not mandated for the validity of the contract. The law does not stipulate that the salesperson must sign or witness the contract; rather, the inclusion of an attorney review clause is what allows the contract to be properly executed.

<b>Conclusion</b>  
In summary, the preparation of contracts for the sale of residential property by New Jersey real estate licensees hinges on the presence of a three-day attorney review clause. This requirement ensures that both parties can seek legal counsel, thereby safeguarding their interests in the transaction. Other elements, such as commission clauses or signatures from brokers or salespeople, do not fulfill the legal requirements necessary for the contract's validity.",,Regular,
Real Estate Licensing Exams,Salesperson and Broker License Exam,New Jersey Real Estate Exams,New Jersey Real Estate Practice Exam,,"In the absence of any specific written agreement and without their own buyerÃ¢â‚¬â„¢s agent, New Jersey real estate licensees are presumed to represent:","the buyer, paying an undated real estate commission","the seller, providing prospective buyers honest dealing","the state, enforcing disclosure requirements","the lender, ensuring loan underwriting standards",,,,B,"<h2>New Jersey real estate licensees are presumed to represent the seller, providing prospective buyers honest dealing.</h2>  
In New Jersey, unless there is a specific written agreement stating otherwise, real estate licensees are assumed to represent the seller in a transaction. This presumption mandates that they act honestly and fairly towards prospective buyers while advocating for the seller's interests.

<b>A) the buyer, paying an undated real estate commission</b>  
This choice is incorrect because, in the absence of a specific written agreement, real estate licensees do not represent the buyer. Instead, they are presumed to represent the seller. The mention of an ""undated real estate commission"" does not alter this representation.

<b>B) the seller, providing prospective buyers honest dealing</b>  
As previously stated, this is the correct answer. Licensees have a fiduciary duty to the seller by default, ensuring that they deal honestly with prospective buyers while promoting the seller's interests in the transaction.

<b>C) the state, enforcing disclosure requirements</b>  
This choice is incorrect as real estate licensees do not represent the state in transactions. While they are required to comply with state laws and regulations regarding disclosures, their primary duty is to the seller unless a different agreement is established.

<b>D) the lender, ensuring loan underwriting standards</b>  
This option is incorrect because real estate licensees do not represent lenders in property transactions. Their role does not involve ensuring loan underwriting standards; rather, their default representation is towards the seller, as stated above.

<b>Conclusion</b>  
In New Jersey real estate transactions, without a specific written agreement, licensees are presumed to represent the seller, ensuring honest dealings with prospective buyers. This legal framework is designed to protect the interests of the seller while maintaining transparency and fairness in the market. Understanding this presumption is crucial for both buyers and sellers when navigating real estate transactions.",,Regular,
Real Estate Licensing Exams,Salesperson and Broker License Exam,New Jersey Real Estate Exams,New Jersey Real Estate Test Prep,,"If a deed creating a tenancy in common does NOT state the fractional interest of each co-owner, it",is void.,is presumed each owner has an equal interest.,must be determined by a majority vote of the tenants.,becomes a joint tenancy.,,,,B,"<h2>It is presumed each owner has an equal interest.</h2>  
In the absence of specific fractional interests stated in a deed creating a tenancy in common, the law presumes that all co-owners have equal shares in the property. This presumption maintains fairness and simplifies the management of property among multiple owners.

<b>A) is void.</b>  
A deed creating a tenancy in common does not become void simply because it does not specify fractional interests. As long as the deed is valid and all necessary elements are present, the tenancy in common is enforceable, and the lack of specific fractions does not nullify it.

<b>C) must be determined by a majority vote of the tenants.</b>  
Determining the fractional interests of co-owners does not require a majority vote among the tenants. Instead, the law automatically presumes equal shares unless otherwise indicated in the deed. A vote would not change the legal presumption established by property law.

<b>D) becomes a joint tenancy.</b>  
A tenancy in common does not automatically convert into a joint tenancy due to the lack of specified fractional interests. Joint tenancy requires the presence of specific legal elements, such as the right of survivorship and equal share ownership, which are not established merely by the absence of fractions in the deed.

<b>Conclusion</b>  
When a deed creating a tenancy in common fails to specify the fractional interests of co-owners, the default assumption is that all owners possess equal interests in the property. This legal presumption simplifies ownership and management among co-tenants and upholds the principles of equity and fairness in property law. Understanding these principles is crucial for ensuring proper handling of shared property interests.",,Regular,
Real Estate Licensing Exams,Salesperson and Broker License Exam,New Jersey Real Estate Exams,New Jersey Real Estate Practice Exam,,A group of brokers agree that each of them will operate only in a particular market region and that they will all charge the same commission for their services. This agreement is,acceptable with the Board of REALTORS® approval.,acceptable provided there is disclosure under the RESPA.,prohibited by the Consumer Credit Protection Act.,prohibited by antitrust laws.,,,,D,"<h2>Such an agreement is prohibited by antitrust laws.</h2>  
Antitrust laws are designed to promote fair competition and prevent monopolistic practices in the marketplace. When brokers agree to operate in specific market regions and charge the same commission, they are effectively colluding to limit competition, which is illegal under these laws.

<b>A) acceptable with the Board of REALTORS® approval.</b>  
Even with approval from the Board of REALTORS®, such an agreement would still violate antitrust laws. Regulatory bodies may set ethical standards, but they cannot permit actions that are illegal under federal or state antitrust legislation.

<b>B) acceptable provided there is disclosure under the RESPA.</b>  
The Real Estate Settlement Procedures Act (RESPA) focuses on disclosure of settlement costs in real estate transactions, not on antitrust issues. This means that even with disclosure, the agreement remains illegal, as it restricts competition and leads to price-fixing among brokers.

<b>C) prohibited by the Consumer Credit Protection Act.</b>  
While the Consumer Credit Protection Act aims to protect consumers in credit transactions, it does not directly address the issues of competition among brokers. Therefore, this choice does not apply to the situation concerning collusion on commission rates and market division.

<b>D) prohibited by antitrust laws.</b>  
Antitrust laws specifically target agreements that restrain trade or commerce, including those that fix prices or allocate markets among competitors. The described brokers' agreement clearly falls under such prohibitions, making it illegal and subject to legal action.

<b>Conclusion</b>  
The brokers' agreement to operate in specific regions and charge uniform commissions constitutes a violation of antitrust laws, which are in place to ensure free competition in the market. Such arrangements undermine competitive practices and can lead to serious legal consequences, emphasizing the importance of adhering to fair marketing principles within the real estate industry.",,Regular,
Real Estate Licensing Exams,Salesperson and Broker License Exam,New Jersey Real Estate Exams,New Jersey Real Estate Test Prep,,Limiting the neighborhoods in which a licensee shows houses because of a buyer's race is,puffing.,blockbusting.,redlining.,steering.,,,,D,"<h2>Limiting the neighborhoods in which a licensee shows houses because of a buyer's race is steering.</h2>  
Steering refers to the unethical practice of guiding potential homebuyers towards or away from certain neighborhoods based on their race or other protected characteristics. This action restricts the buyer's options and perpetuates segregation, thereby violating fair housing laws.

<b>A) puffing.</b>  
Puffing involves making exaggerated or subjective claims about a property in order to entice buyers, which is not related to the practice of limiting housing options based on race. It focuses on the marketing of a property rather than discriminatory practices in showing properties.

<b>B) blockbusting.</b>  
Blockbusting is a tactic where real estate agents induce homeowners to sell their properties at lower prices by promoting fear of racial integration in the neighborhood. While it involves racial dynamics, it primarily relates to the selling process rather than the act of steering buyers away from certain neighborhoods.

<b>C) redlining.</b>  
Redlining is the discriminatory practice of denying services, typically home loans or insurance, to residents in certain areas based on their race or ethnicity. While it is related to racial discrimination, it specifically refers to financing and insurance rather than the act of showing homes, which is what steering addresses.

<b>D) steering.</b>  
Steering is the correct term for the practice of limiting the neighborhoods in which a licensee shows houses based on a buyer's race. This practice not only violates fair housing laws but also contributes to ongoing segregation in housing.

<b>Conclusion</b>  
Steering is a discriminatory practice that undermines the principles of fair housing by restricting buyers' choices based on race. By understanding the distinctions between steering, puffing, blockbusting, and redlining, we can recognize the importance of equitable treatment in real estate transactions, ensuring all buyers have equal access to housing opportunities.",,Regular,
Real Estate Licensing Exams,Salesperson and Broker License Exam,New Jersey Real Estate Exams,New Jersey Real Estate Practice Exam,,In its advertisements,a New Jersey real estate company may NOT:,list the salespersons' names in the advertisement,"include the term ""agency"" in a description of the company",include the home phone number of a licensee if it is identified as such,abbreviate its regular business name,,,D,"<h2>A New Jersey real estate company may include the home phone number of a licensee if it is identified as such.</h2>  
In New Jersey, real estate advertisements can include the home phone number of a licensee, provided that the advertisement clearly identifies the licensee's status. This regulation ensures transparency and maintains professionalism within the real estate industry.

<b>A) A New Jersey real estate company may NOT:</b>  
This choice is too vague and does not specify a particular action. While there are indeed regulations governing what may and may not be included in advertisements, this option fails to pinpoint a specific restriction, making it an incomplete and misleading response.

<b>B) list the salespersons' names in the advertisement</b>  
In New Jersey, it is permissible for a real estate company to list the salespersons' names in their advertisements, provided that the advertisement is clear and compliant with state regulations. Therefore, this choice is incorrect since it misrepresents the allowances in advertising practices.

<b>C) include the term ""agency"" in a description of the company</b>  
A New Jersey real estate company can include the term ""agency"" in its advertisements, as long as it is appropriately licensed and meets the legal requirements. This choice is incorrect as it misstates the regulations regarding terminology used in real estate advertising.

<b>E) abbreviate its regular business name</b>  
Real estate companies in New Jersey are allowed to abbreviate their regular business names in advertisements, provided that the abbreviation does not mislead the public about the company's identity or licensing. Thus, this choice is incorrect because it does not reflect the actual rules governing business name usage.

<b>Conclusion</b>  
In summary, New Jersey real estate companies have specific guidelines regarding what can be included in advertisements. Among the options, the only correct statement is that they may include the home phone number of a licensee if it is clearly identified, ensuring that consumers can contact licensed professionals directly. Other options incorrectly suggest restrictions that do not align with state regulations.",,Regular,
Real Estate Licensing Exams,Salesperson and Broker License Exam,New Jersey Real Estate Exams,New Jersey Real Estate Test Prep,,What is the function of a promissory note or bond when used in conjunction with a mortgage,It furnishes a complete legal description of the property.,It makes the borrower personally obligated to pay the debt.,It provides the elements necessary to make the mortgage valid.,"In case of default, it limits the lender's rights to interest only.",,,,B,"Note is personal promise to pay debt; mortgage secures with property. Description in mortgage, validity from execution, default full recovery.",,Regular,
Real Estate Licensing Exams,Salesperson and Broker License Exam,New Jersey Real Estate Exams,New Jersey Real Estate Practice Exam,,"In order to provide real estate brokerage services to the public for compensation, all of the following entities must be licensed EXCEPT",property management companies.,financial institutions.,corporations.,partnerships.,,,,B,"<h2>Financial institutions do not need to be licensed to provide real estate brokerage services for compensation.</h2>  
While property management companies, corporations, and partnerships are required to obtain licenses to operate as real estate brokerages, financial institutions, such as banks and credit unions, are generally exempt from this requirement when engaging in real estate transactions as part of their normal business activities.

<b>A) Property management companies</b>  
Property management companies must be licensed to provide brokerage services as they directly manage rental properties, interact with tenants, and handle leasing activities. Their operations are closely tied to the real estate market, necessitating a license to ensure compliance with real estate regulations and consumer protection laws.

<b>B) Financial institutions</b>  
Financial institutions are typically exempt from licensing requirements for real estate brokerage services because they perform these functions as ancillary to their primary business of lending and financial services. This exemption allows them to facilitate transactions without needing a separate real estate brokerage license, provided they comply with applicable regulations governing their primary business.

<b>C) Corporations</b>  
Corporations that engage in real estate brokerage must be licensed to ensure that they operate within legal frameworks and uphold industry standards. The licensing process helps maintain accountability and professionalism in their real estate dealings.

<b>D) Partnerships</b>  
Partnerships operating in the real estate sector are also required to obtain licenses to provide brokerage services. This requirement ensures that all partners are compliant with state laws and regulations governing real estate transactions.

<b>Conclusion</b>  
In summary, while property management companies, corporations, and partnerships must all secure licenses to operate as real estate brokerages, financial institutions are exempt from this requirement due to their role in facilitating real estate transactions as part of broader financial services. This distinction highlights different regulatory frameworks applied to entities based on their primary business functions within the real estate market.",,Regular,
Real Estate Licensing Exams,Salesperson and Broker License Exam,New Jersey Real Estate Exams,New Jersey Real Estate Test Prep,,Written offers to purchase real estate in New Jersey must be presented to sellers within:,24 hours,48 hours,3 days,5 days,,,,B,"<h2>Written offers to purchase real estate in New Jersey must be presented to sellers within 48 hours.</h2>  
In New Jersey, real estate professionals are required to present written offers to sellers within a maximum of 48 hours to ensure prompt communication and decision-making regarding potential transactions.

<b>A) 24 hours</b>  
While quick communication is important in real estate transactions, the legal requirement in New Jersey specifically allows for a longer period. A 24-hour timeframe does not align with the established guidelines and may lead to misunderstandings regarding the timing for offer presentation.

<b>B) 48 hours</b>  
This choice accurately reflects the New Jersey regulation that mandates written offers be presented to sellers within 48 hours. This timeframe facilitates timely responses and helps maintain a transparent process in real estate dealings.

<b>C) 3 days</b>  
Though offering a bit more time than the legal requirement, a 3-day presentation window exceeds the stipulated 48 hours. Such a delay could hinder the seller's ability to make informed decisions and could potentially impact the transaction negatively.

<b>D) 5 days</b>  
A 5-day period is significantly longer than the allowed timeframe for presenting written offers in New Jersey. This extended duration could lead to lost opportunities for both buyers and sellers and does not comply with state regulations regarding prompt offer presentation.

<b>Conclusion</b>  
Timely communication is crucial in real estate transactions, and New Jersey law specifies that written offers must be presented within 48 hours. This requirement ensures that sellers receive offers promptly, enabling them to respond quickly to potential buyers. The other options do not conform to the legal standards, emphasizing the importance of adhering to established timelines in real estate practices.",,Regular,
Real Estate Licensing Exams,Salesperson and Broker License Exam,New Jersey Real Estate Exams,New Jersey Real Estate Practice Exam,,A married couple is purchasing a home. They ask the salesperson to advise them regarding the best way to take title. The salesperson should,ask a broker to make a recommendation.,advise them to take title as tenants by the entirety.,decline to advise them and suggest that they consult an attorney.,explain the possible types of joint ownership so they understand the options.,,,,C,"<h2>decline to advise them and suggest that they consult an attorney.</h2>  
In real estate transactions, it is crucial for professionals to refrain from providing legal advice unless they are licensed attorneys. The salesperson should guide the couple towards consulting an attorney who can provide specialized legal counsel regarding the implications of different ways to take title.

<b>A) ask a broker to make a recommendation.</b>  
While brokers may have experience with different ownership structures, they are not qualified to provide legal advice. Relying on a broker for such recommendations could lead to misunderstandings about the legal ramifications, making it an inappropriate choice for a couple seeking guidance on title matters.

<b>B) advise them to take title as tenants by the entirety.</b>  
This option presumes the salesperson has the authority or expertise to recommend a specific form of ownership, which is not advisable. Tenancy by the entirety has specific legal implications that can vary by jurisdiction, and the couple should seek legal advice to understand how this title affects their rights and responsibilities.

<b>D) explain the possible types of joint ownership so they understand the options.</b>  
While educating the couple about different joint ownership types is valuable, the salesperson still risks crossing the line into giving legal advice. Instead, it is more prudent to recommend consulting an attorney who can provide detailed, personalized counsel regarding the options available and their implications.

<b>Conclusion</b>  
In real estate, the responsibility of providing legal advice falls solely to licensed attorneys. By declining to give specific recommendations and suggesting that the couple consults an attorney, the salesperson upholds ethical standards while ensuring the couple receives accurate and legally sound guidance on how to take title to their new home. This approach protects both the client and the salesperson from potential legal issues arising from misadvised ownership decisions.",,Regular,
Real Estate Licensing Exams,Salesperson and Broker License Exam,New Jersey Real Estate Exams,New Jersey Real Estate Test Prep,,The federal Truth-in-Lending Act applies to which of the following types of credit?,a loan to buy a mini-mall,a loan to remodel a barber shop,a construction loan to a builder for a spec home,a loan to buy a mobile home as a personal residence,,,,D,"<h2>A loan to buy a mobile home as a personal residence.</h2>  
The federal Truth-in-Lending Act (TILA) is designed to promote informed use of consumer credit by requiring clear disclosure of key terms and costs. It specifically applies to loans for personal, family, or household use, which includes purchasing a mobile home intended for residence.

<b>A) A loan to buy a mini-mall</b>  
This type of loan is considered commercial credit rather than consumer credit, thus it falls outside the jurisdiction of the Truth-in-Lending Act. TILA regulates consumer loans, and since a mini-mall is intended for business purposes, it does not qualify under the act.

<b>B) A loan to remodel a barber shop</b>  
Similar to the previous option, this loan pertains to a business rather than personal, family, or household credit. The remodeling of a barber shop is a commercial activity, and therefore, it is not covered by the Truth-in-Lending Act.

<b>C) A construction loan to a builder for a spec home</b>  
This loan is directed towards a builder for the purpose of constructing a home for sale, categorizing it as commercial credit. As such, it does not meet the criteria of consumer credit under the Truth-in-Lending Act, which is intended to protect individual consumers.

<b>D) A loan to buy a mobile home as a personal residence</b>  
This option directly aligns with the provisions of the Truth-in-Lending Act, as it involves consumer credit for personal use. The act mandates specific disclosures for loans that are used to purchase a mobile home intended for living purposes, ensuring consumer protection.

<b>Conclusion</b>  
The Truth-in-Lending Act serves to protect consumers by requiring clear disclosures on credit terms for personal loans. Among the given options, only the loan to buy a mobile home as a personal residence qualifies under TILA, as it addresses consumer credit. All other options involve commercial activities and thus do not fall within the act's scope.",,Regular,
Real Estate Licensing Exams,Salesperson and Broker License Exam,New Jersey Real Estate Exams,New Jersey Real Estate Practice Exam,,When MUST a listing broker provide a copy of a fully executed written listing agreement to the owner?,Upon execution of the listing agreement by all parties,"Within three days of execution of the listing agreement by registered mail, return-receipt-requested",Within five business days of execution of the listing agreement,At the time of presentation of a written offer,,,,A,"<h2>Upon execution of the listing agreement by all parties.</h2>  
A listing broker is required to provide a copy of the fully executed written listing agreement to the owner immediately after it has been signed by all parties involved. This ensures that the owner has a clear record of the terms agreed upon and can refer to it as necessary throughout the listing period.

<b>A) Upon execution of the listing agreement by all parties</b>  
This option is correct because the law mandates that the broker must give the owner a copy of the fully executed agreement as soon as all parties have signed. This immediate provision ensures transparency and keeps all parties informed of their contractual obligations.

<b>B) Within three days of execution of the listing agreement by registered mail, return-receipt-requested</b>  
While it is important for brokers to communicate effectively, the law does not allow for a delay in providing the executed listing agreement. Instead, it specifies that the broker must provide this document immediately upon execution, making this choice incorrect.

<b>C) Within five business days of execution of the listing agreement</b>  
This option suggests a time frame that does not comply with the requirement for immediate delivery of the executed agreement. The inability to wait five business days emphasizes the need for the owner to have access to the agreement right after all signatures are obtained.

<b>D) At the time of presentation of a written offer</b>  
Providing the executed listing agreement at the time of an offer is not compliant with the requirement. The owner should have the listing agreement beforehand to understand the terms under which the property is being offered, making this option incorrect.

<b>Conclusion</b>  
In real estate transactions, brokers must adhere to strict guidelines regarding documentation. The immediate provision of a fully executed written listing agreement upon signing by all parties ensures that the owner is informed and protected under the terms of the agreement. Delays or conditions regarding this provision could lead to misunderstandings and potential disputes.",,Regular,
Real Estate Licensing Exams,Salesperson and Broker License Exam,New Jersey Real Estate Exams,New Jersey Real Estate Test Prep,,"According to the New Jersey Real Estate Time Share Act, if a licensee is selling a timeshare located within the state of New Jersey, all of the following are true EXCEPT that the",licensee must hold a timeshare sales license,timeshare must be approved by the Real Estate Commission,licensee must provide the buyer with a copy of the Public Offering Statement.,contract of sale must provide notice of a seven calendar day rescission period,,,,A,"<h2>Licensee must hold a timeshare sales license.</h2>  
In New Jersey, a licensee selling timeshares is not required to hold a specific timeshare sales license, as a standard real estate license suffices for such transactions. This distinguishes it from other regulations that might apply in different contexts or states, where specific licensing may be mandated.

<b>A) Licensee must hold a timeshare sales license</b>  
Contrary to the statement, a real estate license is adequate for selling timeshares in New Jersey, meaning that a separate timeshare sales license is not a requirement. This underscores the flexibility in licensing for real estate professionals operating within the timeshare market.

<b>B) Timeshare must be approved by the Real Estate Commission</b>  
This statement is true as the Real Estate Commission in New Jersey does require that timeshares be approved before they can be sold. This approval process ensures that the offerings meet regulatory standards and protect consumer interests.

<b>C) Licensee must provide the buyer with a copy of the Public Offering Statement.</b>  
This is also accurate; the law mandates that licensees must furnish buyers with a Public Offering Statement. This document contains essential information about the timeshare, including rights and obligations, promoting transparency in the transaction.

<b>D) Contract of sale must provide notice of a seven calendar day rescission period</b>  
This statement is true as well, as New Jersey law stipulates a seven-day rescission period in which buyers may cancel the contract without penalty. This consumer protection measure is designed to allow buyers to reconsider their purchase decision after signing.

<b>Conclusion</b>  
In summary, while several requirements exist for selling timeshares in New Jersey, the notion that a licensee must hold a timeshare sales license is incorrect. A standard real estate license is sufficient, and other obligations, such as obtaining approval from the Real Estate Commission and providing necessary documentation to buyers, are essential components of the regulatory framework governing timeshare sales in the state.",,Regular,
Real Estate Licensing Exams,Salesperson and Broker License Exam,New Jersey Real Estate Exams,New Jersey Real Estate Practice Exam,,The major advantage of ownership in severalty is:,flexibility in making decisions,sharing the risk with others,joint decision making,the risks are high,,,,A,"<h2>Flexibility in making decisions.</h2>  
Ownership in severalty allows an individual to make decisions regarding the property independently, without the need for consensus or approval from other owners. This autonomy enables the owner to act quickly and according to personal preferences, maximizing the potential benefits of their investment.

<b>A) Flexibility in making decisions</b>  
This choice accurately describes the primary advantage of ownership in severalty. The sole owner has the freedom to make unilateral decisions about the property, including management, sale, and modifications, without needing to consult or gain agreement from others. This flexibility leads to increased efficiency and responsiveness in property management.

<b>B) Sharing the risk with others</b>  
This option is incorrect because ownership in severalty implies that the individual bears all the risks associated with the property alone. Unlike co-ownership situations where risks can be distributed among multiple owners, a sole owner must manage and absorb any financial or legal liabilities entirely on their own.

<b>C) Joint decision making</b>  
Joint decision making is not applicable to ownership in severalty, as this type of ownership grants sole authority to the individual owner. In contrast, joint ownership arrangements require collaboration and consensus among multiple owners, which can complicate the decision-making process and slow down actions regarding the property.

<b>D) The risks are high</b>  
While ownership in severalty does involve certain risks, stating that ""the risks are high"" does not highlight an advantage. Instead, it reflects a potential disadvantage of having sole responsibility for the property. The risks can vary based on various factors, but they do not constitute a benefit of ownership in severalty.

<b>Conclusion</b>  
In summary, the major advantage of ownership in severalty lies in the flexibility it provides for decision-making, allowing the owner to act independently and efficiently. This contrasts sharply with shared ownership arrangements, where decisions require collaboration and risk-sharing is necessary. Understanding these dynamics is crucial for property investors and owners when evaluating their ownership structures.",,Regular,
Real Estate Licensing Exams,Salesperson and Broker License Exam,New Jersey Real Estate Exams,New Jersey Real Estate Test Prep,,A buyer-broker locates a property that is listed with another broker. The buyer makes an offer through the buyer-broker and an agreement of sale results. In this situation,the buyer-broker is acting as a:,Subagent of the listing broker,Referring broker with the listing broker,Representative of the buyer and owes no fiduciary obligations to the seller,Representative of the seller and owes no fiduciary obligations to the buyer,,,C,"<h2>The buyer-broker is acting as a referring broker with the listing broker.</h2>  
In this scenario, the buyer-broker has facilitated the transaction by locating a property listed by another broker, thereby establishing a referral relationship with the listing broker. This means the buyer-broker provides services to the buyer while still relying on the listing broker's representation of the property.

<b>A) the buyer-broker is acting as a:</b>  
This option is incomplete and does not specify the role of the buyer-broker in relation to the listing broker or the seller. A clear and defined role is essential in understanding the buyer-broker's responsibilities and obligations.

<b>B) Subagent of the listing broker</b>  
A subagent represents the listing broker and owes fiduciary duties to the seller. In this case, the buyer-broker is not acting as a subagent but rather as a referring broker who is representing the interests of the buyer. Therefore, this choice misrepresents the buyer-broker's role.

<b>D) Representative of the buyer and owes no fiduciary obligations to the seller</b>  
While it is true that the buyer-broker represents the buyer, this option does not accurately reflect the relationship established with the listing broker. The buyer-broker is functioning within a referral capacity and still operates under the umbrella of the listing broker's agreement, which may involve certain obligations.

<b>E) Representative of the seller and owes no fiduciary obligations to the buyer</b>  
This option is incorrect because the buyer-broker is not representing the seller. Instead, the buyer-broker is focused on representing the buyer's interests in the transaction, which contradicts the claim made in this choice.

<b>Conclusion</b>  
In the given scenario, the buyer-broker primarily acts as a referring broker to the listing broker, facilitating the buyer's transaction without becoming a subagent of the listing broker. This distinction is crucial in understanding the fiduciary responsibilities each party maintains within the real estate transaction, highlighting the importance of clarity in representation roles.",,Regular,
Real Estate Licensing Exams,Salesperson and Broker License Exam,New Jersey Real Estate Exams,New Jersey Real Estate Practice Exam,,"With regard to the termination dates in listing contracts, which of the following statements is CORRECT",Oral listings with a definite termination date are enforceable by brokers,Exclusive agency listings must have a definite termination date,Exclusive right-to-sell listings are not required to state a definite termination date,A listing contract may provide for an automatic extension of the listing term unless written notice is given,,,,B,"<h2>Exclusive agency listings must have a definite termination date.</h2>  
In real estate, exclusive agency listings are required to specify a definite termination date to ensure clarity and legality in the contract. This requirement protects both the broker and the client by establishing a clear timeline for the agreement.

<b>A) Oral listings with a definite termination date are enforceable by brokers</b>  
Oral listings, regardless of whether they have a termination date or not, generally lack enforceability in real estate transactions. Written contracts are necessary to provide legal protection and clarity for both parties involved. Therefore, this statement is misleading as it implies that oral agreements can be treated similarly to written contracts.

<b>C) Exclusive right-to-sell listings are not required to state a definite termination date</b>  
Exclusive right-to-sell listings do require a definite termination date, similar to exclusive agency listings. This requirement ensures that both parties have a clear understanding of the duration of the agreement. Thus, this statement is incorrect as it misrepresents the legal requirements for this type of listing.

<b>D) A listing contract may provide for an automatic extension of the listing term unless written notice is given</b>  
While some listing contracts may include provisions for automatic extensions, it is not a universal requirement and can vary by contract. Furthermore, if a listing contract does include such a provision, it should still state a definite termination date to avoid confusion. Therefore, this statement is not universally true and does not accurately reflect listing contract requirements.

<b>Conclusion</b>  
In summary, exclusive agency listings must explicitly include a definite termination date to be valid and enforceable. This requirement safeguards the interests of both the broker and the client, ensuring that there is a clear understanding of the contract's duration. Other statements regarding oral listings, exclusive right-to-sell listings, and automatic extensions are either incorrect or misleading, highlighting the importance of adhering to legal standards in real estate agreements.",,Regular,
Real Estate Licensing Exams,Salesperson and Broker License Exam,New Jersey Real Estate Exams,New Jersey Real Estate Test Prep,,The means by which an adequate balance is maintained in the Real Estate Guaranty Fund is by the:,assessment of fees upon issuance of licenses and additional assessments imposed upon all licensees by commission rule as needed,allocation to the Fund of fines collected by the real estate commission for violations of the license laws,assessment of fees by order of the Governor,reimbursement of fees by the sale of assets of licensees whose actions result in claims against the Fund,,,,A,"<h2>Assessment of fees upon issuance of licenses and additional assessments imposed upon all licensees by commission rule as needed.</h2>  
The Real Estate Guaranty Fund maintains its balance primarily through the assessment of fees collected during the licensing process and any additional fees mandated by the commission. This structured approach ensures that the fund remains adequately financed to address potential claims against it.

<b>A) Assessment of fees upon issuance of licenses and additional assessments imposed upon all licensees by commission rule as needed</b>  
This choice accurately describes the primary mechanism for maintaining the Real Estate Guaranty Fund. Fees collected from new licenses and subsequent assessments ensure a steady influx of funds, which are crucial for the fund's viability and ability to cover claims.

<b>B) Allocation to the Fund of fines collected by the real estate commission for violations of the license laws</b>  
While fines collected from license law violations may contribute to the fund, they are not the primary means of maintaining its balance. Fines can be irregular and are typically used for enforcement rather than as a consistent funding source for the Guaranty Fund.

<b>C) Assessment of fees by order of the Governor</b>  
This option is incorrect as fee assessments related to the Real Estate Guaranty Fund are conducted by the real estate commission, not by the Governor. The Governor does not have a direct role in the routine assessment of fees for licensing.

<b>D) Reimbursement of fees by the sale of assets of licensees whose actions result in claims against the Fund</b>  
This choice misrepresents the fund's operations. The fund does not rely on the sale of assets for reimbursement or balance; instead, it is primarily supported by fees from licensed agents and brokers. Recovering costs through asset sales is not a regular funding mechanism.

<b>Conclusion</b>  
The Real Estate Guaranty Fund's stability is primarily sustained through the systematic assessment of fees associated with licensing and additional assessments as needed, ensuring the fund can fulfill its obligations. Other proposed methods, such as fines or asset sales, do not constitute the main funding strategy and may not provide the reliable financial support necessary for the fund's ongoing operations.",,Regular,
Real Estate Licensing Exams,Salesperson and Broker License Exam,New Jersey Real Estate Exams,New Jersey Real Estate Practice Exam,,An agency relationship is established between the broker and,another broker.,the principal.,a multiple listing service.,a customer.,,,,B,"<h2>An agency relationship is established between the broker and the principal.</h2>  
In real estate transactions, the broker acts on behalf of the principal, which is typically the client or party who engages the broker's services. This relationship is foundational to the broker's role, as it establishes obligations such as loyalty, confidentiality, and full disclosure to the principal.

<b>A) another broker.</b>  
An agency relationship cannot be established between a broker and another broker, as agency pertains specifically to the relationship between the broker and their client (the principal). While brokers may collaborate, such as through referral agreements, they do not assume agency for one another.

<b>B) the principal.</b>  
The principal is the individual or entity that hires the broker for representation in a real estate transaction. This relationship is characterized by mutual agreement, where the broker agrees to act in the best interest of the principal, thereby creating the agency relationship that governs their interactions.

<b>C) a multiple listing service.</b>  
A multiple listing service (MLS) is a platform used by real estate professionals to share property listings and information. While brokers may utilize an MLS to market properties, it does not create an agency relationship. The MLS serves as a tool for cooperation among brokers rather than defining their agency obligations to clients.

<b>D) a customer.</b>  
A customer is typically a party interested in a property but does not hold the same legal relationship as a principal. While brokers may provide services to customers, such as providing information or assistance, these interactions do not establish an agency relationship that involves fiduciary duties and responsibilities.

<b>Conclusion</b>  
The agency relationship in real estate is specifically defined between the broker and the principal, who is the client that the broker represents. This relationship is crucial for ensuring that the broker acts in the best interests of the principal and upholds their fiduciary duties. Other options, such as collaborating with another broker, using an MLS, or serving a customer, do not constitute this essential legal relationship. Understanding this distinction is vital for effective real estate practice.",,Regular,
Real Estate Licensing Exams,Salesperson and Broker License Exam,New Jersey Real Estate Exams,New Jersey Real Estate Test Prep,,"A house has been appraised at $85,000. A buyer offers and a seller accepts the appraised value for the house. Under which of the following loan programs would the buyer, if qualified, be most likely to obtain a 100% loan",VA-guaranteed loan,FHA-insured loan,conventional loan insured by private mortgage insurance,conventional uninsured loan,,,,A,"<h2>VA-guaranteed loan</h2>  
VA-guaranteed loans are specifically designed for eligible veterans and active-duty service members, allowing them to finance a home purchase with no down payment, hence facilitating a 100% loan. This program is backed by the Department of Veterans Affairs, which provides guarantees to lenders, minimizing the risk and enabling favorable borrowing terms.

<b>A) VA-guaranteed loan</b>  
This loan program allows qualified veterans to purchase homes without a down payment, effectively enabling a 100% loan. The guarantee provided by the VA reduces lender risk, making it an attractive option for eligible buyers seeking to finance the entire appraised value of a home.

<b>B) FHA-insured loan</b>  
While FHA-insured loans are popular for low down payments, they typically require a minimum down payment of 3.5% of the purchase price. This means that the buyer would need to contribute some funds upfront, which does not meet the criteria for a 100% loan.

<b>C) Conventional loan insured by private mortgage insurance</b>  
Conventional loans can require as little as 3% down payment, but they are not designed for 100% financing without additional insurance. Private mortgage insurance (PMI) is often necessary when the down payment is less than 20%, which also makes this option unsuitable for those seeking a full loan amount without any upfront payment.

<b>D) Conventional uninsured loan</b>  
A conventional uninsured loan would not typically allow for 100% financing. Lenders generally require a down payment on conventional loans to mitigate their risk, meaning the buyer would have to provide some funds upfront, making it incompatible with the requirement for a 100% loan.

<b>Conclusion</b>  
For buyers looking to obtain a loan covering the full appraised value of a home, the VA-guaranteed loan stands out as the most viable option, allowing 100% financing for eligible veterans. Other loan types, such as FHA-insured and conventional loans, necessitate down payments, preventing them from meeting the requirement for complete financing. The VA program thus uniquely supports qualified individuals in purchasing homes without upfront costs.",,Regular,
Real Estate Licensing Exams,Salesperson and Broker License Exam,New Jersey Real Estate Exams,New Jersey Real Estate Practice Exam,,In New Jersey,the Private Well Testing Act (PWTA) requires:,the buyer to order the test,the selling broker to recommend sources of remediation,the buyer and seller to certify receipt of test results before title transfer,the seller to remediate if the well fails the test,,,C,"<h2>In New Jersey, the selling broker is required to recommend sources of remediation.</h2>  
Under the Private Well Testing Act (PWTA) in New Jersey, it is the responsibility of the selling broker to provide guidance on remediation options if a private well fails testing. This requirement helps ensure that buyers are informed about potential issues and solutions related to well water quality.

<b>A) The Private Well Testing Act (PWTA) requires:</b>  
This statement is too vague and does not specify the responsibilities assigned under the act. While the PWTA does lay out various requirements, it does not directly state that the act itself mandates any specific actions, such as ordering a test or remediation, without detailing the parties involved.

<b>B) The buyer to order the test</b>  
While buyers do often play a role in ordering tests, the PWTA does not explicitly require the buyer to be the one to initiate the testing process. The law emphasizes the broker's role in facilitating the process, which may involve the recommendation and arrangement of testing rather than placing the onus solely on the buyer.

<b>D) The buyer and seller to certify receipt of test results before title transfer</b>  
This choice misrepresents the requirements of the PWTA. While it is important for both parties to be aware of the test results, the act does not necessitate a formal certification of receipt before the title transfer can occur. Instead, the focus is more on the obligations of the seller and broker.

<b>E) The seller to remediate if the well fails the test</b>  
Although the seller may be responsible for remediation under certain circumstances, this choice does not reflect the act's provisions accurately. The PWTA requires that remediation options be recommended, but it does not automatically place the obligation on the seller without considering the nature of the test results.

<b>Conclusion</b>  
In New Jersey, the Private Well Testing Act establishes specific roles for brokers, particularly in recommending remediation options when well water tests fail. While the act involves multiple parties, the selling broker's responsibility to guide buyers on remediation is a crucial aspect of ensuring safe drinking water. Understanding these roles helps facilitate compliance with the law and protects public health.",,Regular,
Real Estate Licensing Exams,Salesperson and Broker License Exam,New Jersey Real Estate Exams,New Jersey Real Estate Test Prep,,Which principle of value should be given the most weight in helping a seller plan property modifications that will deliver the best return on investment?,conformity,contribution,reproduction,substitution,,,,B,"<h2>Contribution should be given the most weight in helping a seller plan property modifications that will deliver the best return on investment.</h2>  
The principle of contribution focuses on how much value a specific improvement adds to a property relative to its cost. By prioritizing modifications that yield the highest increase in property value, sellers can ensure that their investments lead to optimal financial returns.

<b>A) Conformity</b>  
The principle of conformity suggests that properties achieve maximum value when they conform to the surrounding properties and neighborhood standards. While conformity is important for maintaining property values, it does not directly address the cost-benefit relationship of specific modifications, which is crucial for maximizing return on investment.

<b>B) Contribution</b>  
This principle directly assesses the value added by a specific modification in relation to its cost. It emphasizes that not all improvements yield equal returns, making it essential for sellers to focus on enhancements that significantly increase property value. Thus, contribution is the most relevant principle when planning modifications aimed at maximizing ROI.

<b>C) Reproduction</b>  
The principle of reproduction refers to the cost of duplicating a property's existing features or characteristics. While understanding reproduction costs can be helpful, it does not provide guidance on which modifications would enhance value or yield a good return on investment for a seller.

<b>D) Substitution</b>  
The substitution principle indicates that a buyer will not pay more for a property than the cost of an equally desirable substitute. While this principle informs pricing strategies, it does not directly assist sellers in evaluating which modifications would lead to the best returns on their investments.

<b>Conclusion</b>  
In property investment decisions, the principle of contribution is paramount, as it specifically evaluates the value enhancement from modifications relative to their costs. By focusing on contributions, sellers can make informed decisions that lead to improvements with the highest return on investment, ensuring financial gains when selling their properties.",,Regular,
Real Estate Licensing Exams,Salesperson and Broker License Exam,New Jersey Real Estate Exams,New Jersey Real Estate Practice Exam,,A prospective purchaser wants to see if there is a recorded notice that a certain property may be involved in litigation. The buyer would look for,lis pendens.,tax certificate.,recording statutes of that state.,special assessments.,,,,A,"<h2>lis pendens.</h2>  
A lis pendens is a legal notice indicating that a property is subject to a pending lawsuit, making it essential for prospective purchasers to check for any recorded notices of litigation affecting the property. This notice serves as a warning to potential buyers about legal claims and helps them make informed decisions.

<b>A) lis pendens.</b>  
This is the correct choice as a lis pendens specifically alerts interested parties that a property is involved in litigation. It is crucial for potential buyers to be aware of this status to avoid purchasing a property that may have legal complications.

<b>B) tax certificate.</b>  
A tax certificate provides information regarding the payment status of property taxes and any outstanding taxes owed on a property. While it is important for potential buyers to know about tax liabilities, it does not indicate whether a property is involved in litigation or has any legal disputes.

<b>C) recording statutes of that state.</b>  
Recording statutes govern the process by which property documents must be filed to ensure their validity and priority. While understanding these statutes is valuable for real estate transactions, they do not specifically reveal whether a property has a pending lawsuit.

<b>D) special assessments.</b>  
Special assessments refer to charges levied by local governments for specific improvements that benefit the property, such as road repairs or sewer upgrades. While these may affect property value, they do not provide information about any litigation involving the property.

<b>Conclusion</b>  
In real estate transactions, it is vital for prospective buyers to be aware of any legal issues associated with a property. A lis pendens serves as the key indicator of pending litigation, while the other options pertain to financial obligations or procedural statutes that do not directly address ongoing legal matters. Understanding the implications of a lis pendens helps buyers navigate potential risks in their property purchases.",,Regular,
Real Estate Licensing Exams,Salesperson and Broker License Exam,New Jersey Real Estate Exams,New Jersey Real Estate Test Prep,,"Under the New Jersey Real Estate Licensing Law, which of the following is an unlicensed assistant or secretary NOT permitted to do?",Type contracts for approval,Make telephone calls to request rent payments,Follow up on loan applications with lenders,Place signs on properties,,,,C,"<h2>Under the New Jersey Real Estate Licensing Law, an unlicensed assistant or secretary is NOT permitted to follow up on loan applications with lenders.</h2>  
In New Jersey, unlicensed assistants are restricted from performing activities that require a real estate license. Following up on loan applications with lenders involves negotiating or discussing loan terms, which falls outside the permitted tasks for unlicensed personnel.

<b>A) Type contracts for approval</b>  
Typing contracts for approval is a permissible task for unlicensed assistants, as it does not involve negotiating or altering the terms of the contract. This activity is considered clerical and does not require a real estate license, allowing assistants to support licensed agents effectively.

<b>B) Make telephone calls to request rent payments</b>  
Making telephone calls to request rent payments is an acceptable duty for unlicensed assistants. This task is administrative in nature and does not involve real estate negotiations, thus complying with the New Jersey Real Estate Licensing Law.

<b>D) Place signs on properties</b>  
Placing signs on properties is another activity that unlicensed assistants can perform. This task is logistical and does not require any real estate expertise, making it suitable for unlicensed personnel to assist licensed agents in marketing properties.

<b>Conclusion</b>  
In summary, unlicensed assistants in New Jersey can engage in various supportive tasks that do not require a real estate license, such as typing contracts, making calls for rent payments, and placing signs on properties. However, they are prohibited from activities like following up on loan applications with lenders, as this involves licensed activities that require knowledge and negotiation skills in real estate transactions. Understanding these limitations is essential for compliance with state regulations.",,Regular,
Real Estate Licensing Exams,Salesperson and Broker License Exam,Ohio Real Estate Exams,Ohio Real Estate Practice Test,,A broker received a birthday check from a client. The broker decided to put it in the escrow account because it was from a client. This is,conversion.,commingling.,acceptable if the check was written on the client's business account.,acceptable if the client has had a transaction within the last 18 months.,,,,B,"<h2>Putting the check in the escrow account is considered commingling.</h2>  
Commingling occurs when a broker mixes personal funds or funds from one client with those of another client or with escrow accounts. In this case, placing a birthday check from a client into the escrow account violates the principle of keeping client funds separate from personal funds.

<b>A) conversion.</b>  
Conversion refers to the unauthorized taking or use of someone else's property, effectively depriving the owner of it. In this scenario, the broker did not take or use the client's funds for personal gain; instead, the action pertains to the improper mixing of funds rather than conversion.

<b>C) acceptable if the check was written on the client's business account.</b>  
Even if the check were from a client's business account, it would still be considered commingling if deposited into the escrow account without proper authorization or agreement. The nature of the funds being from a client does not change the rules surrounding the handling of escrow accounts.

<b>D) acceptable if the client has had a transaction within the last 18 months.</b>  
The recency of the client's transactions does not justify the commingling of funds. Regardless of how recently the client has engaged in transactions, the broker is obligated to maintain clear distinctions between personal, client, and escrow funds at all times.

<b>Conclusion</b>  
In real estate and brokerage practices, it is critical to adhere to regulations that require the separation of client funds from personal or other business funds to avoid commingling. The broker's action of placing a birthday check from a client into the escrow account constitutes commingling, which is prohibited and can lead to significant legal and ethical issues. Understanding these principles is vital for maintaining trust and compliance in financial transactions.",,Regular,
Real Estate Licensing Exams,Salesperson and Broker License Exam,Ohio Real Estate Exams,Ohio Real Estate Exam Questions,,A quitclaim deed is generally used for which of the following purposes?,to convey only the fee simple title,to remove a cloud on the title,to convey title on foreclosed property,to burden the grantor with liability for defective title,,,,B,"<h2>A quitclaim deed is generally used to remove a cloud on the title.</h2>  
A quitclaim deed is primarily utilized to clear up any uncertainties regarding property ownership, which is often referred to as a ""cloud"" on the title. This type of deed allows the grantor to transfer any interest they have in the property, without making any guarantees about the validity of that interest.

<b>A) to convey only the fee simple title</b>  
A quitclaim deed does not specifically convey only the fee simple title; it transfers whatever interest the grantor has in the property, which may not be a fee simple interest at all. This lack of specificity means that it is not limited to just fee simple titles, making this choice incorrect.

<b>C) to convey title on foreclosed property</b>  
While it is possible to use a quitclaim deed in the context of foreclosures, it is not specifically designed for this purpose. Foreclosed properties typically involve more formal types of deeds, such as a warranty deed, which provide greater assurances regarding the title and encumbrances.

<b>D) to burden the grantor with liability for defective title</b>  
A quitclaim deed does not impose liability on the grantor for any defects in the title. In fact, one of the defining features of a quitclaim deed is that it offers no warranties, meaning the grantor is not responsible for any issues related to the property title after the transfer.

<b>Conclusion</b>  
In summary, a quitclaim deed serves mainly to resolve uncertainties regarding property ownership by allowing the transfer of any existing interest, thereby removing a cloud on the title. It does not guarantee the quality of the title, nor does it specifically pertain to fee simple titles or foreclosed properties, making option B the most accurate choice regarding its primary use.",,Regular,
Real Estate Licensing Exams,Salesperson and Broker License Exam,Ohio Real Estate Exams,Ohio Real Estate Practice Test,,"A contract is delivered to the listing broker by a cooperating broker. The listing broker makes an appointment with the owner to present the offer at 7 p.m. of that day. Before 7 p.m., two more offers arrive on the same property. Which offer should be presented to the owner at the 7 p.m. appointment?",all three of the offers,the first offer received,the offer with the highest sale price,"the offer most favorable to the seller, including price and all terms",,,,D,"<h2>The offer most favorable to the seller, including price and all terms.</h2>  
In real estate transactions, it is standard practice for the listing broker to present the offer that is most advantageous to the seller, taking into account not only the price but also the terms and conditions of each offer received. This approach ensures that the seller is fully informed of all options that best align with their interests.

<b>A) all three of the offers</b>  
Presenting all three offers may overwhelm the seller and complicate the decision-making process. While transparency is important, it is not the norm to present every offer received, especially when the goal is to facilitate the best possible outcome for the seller.

<b>B) the first offer received</b>  
The timing of receipt does not necessarily determine the best offer for the seller. The first offer may not have the most favorable terms or price compared to later offers. Prioritizing the sequence of offers over their quality can lead to suboptimal results for the seller.

<b>C) the offer with the highest sale price</b>  
While a higher sale price is certainly a significant factor, it is not the sole consideration. Other terms, such as contingencies, closing dates, and financing conditions, can greatly impact the overall desirability of an offer. Therefore, simply presenting the highest-priced offer may not serve the seller's best interests.

<b>D) the offer most favorable to the seller, including price and all terms</b>  
This choice encompasses a comprehensive evaluation of all received offers, ensuring the seller considers the overall value rather than just the price. Presenting the most favorable offer allows the seller to make an informed decision that reflects their priorities and preferences.

<b>Conclusion</b>  
In real estate transactions, the listing broker's responsibility is to present the offer that best meets the seller's needs, considering both price and terms. By focusing on the most favorable offer, the broker ensures that the seller has the opportunity to choose the option that will yield the most advantageous outcome, thereby facilitating a successful sale.",,Regular,
Real Estate Licensing Exams,Salesperson and Broker License Exam,Ohio Real Estate Exams,Ohio Real Estate Exam Questions,,Under which of the following conditions is a buyer most likely to sue for specific performance?,The seller neglected to inform the buyer that the property being purchased was a dominant estate.,The seller defaulted on the signed sales contract before closing.,The broker misrepresented the size of the lot being purchased.,The broker misrepresented the nearness of fire protection to the property being purchased.,,,,B,"<h2>The seller defaulted on the signed sales contract before closing.</h2>  
When a seller defaults on a signed sales contract, the buyer has a strong legal basis to sue for specific performance. This is because specific performance is an equitable remedy that compels a party to fulfill their contractual obligations, and in real estate transactions, the unique nature of the property often warrants this remedy.

<b>A) The seller neglected to inform the buyer that the property being purchased was a dominant estate.</b>  
This situation may give rise to a claim for misrepresentation or breach of duty, but it does not typically provide grounds for specific performance. Specific performance is focused on the enforcement of the contract itself rather than issues of disclosure or misrepresentation regarding property characteristics.

<b>C) The broker misrepresented the size of the lot being purchased.</b>  
While misrepresentation by the broker could lead to claims for damages or rescission of the contract, it does not directly relate to the seller's obligation to perform under the contract. Specific performance requires a breach of the contract terms, which is not the case here since the seller may still be willing to fulfill their obligations despite the broker's misrepresentation.

<b>D) The broker misrepresented the nearness of fire protection to the property being purchased.</b>  
Similar to choice C, this scenario involves a misrepresentation issue but does not constitute a breach of the sales contract by the seller. The buyer's recourse in this situation would likely involve seeking damages or rescission rather than pursuing specific performance, as the seller's obligations remain intact.

<b>Conclusion</b>  
In real estate transactions, a buyer is most likely to seek specific performance in cases where the seller defaults on the signed sales contract. This legal remedy is used to enforce the terms of the contract due to the unique nature of real property. Other scenarios involving misrepresentation by brokers or issues of disclosure do not satisfy the conditions necessary for specific performance, as they do not directly involve a breach of the seller's contractual obligations.",,Regular,
Real Estate Licensing Exams,Salesperson and Broker License Exam,Ohio Real Estate Exams,Ohio Real Estate Practice Test,,All of the following factors are used in life insurance premium determination EXCEPT,expense.,mortality.,interest.,morbidity.,,,,D,"Life insurance premiums are based on expense, mortality, and interest. Morbidity is used for health insurance, not life insurance.",,Regular,
Real Estate Licensing Exams,Salesperson and Broker License Exam,Ohio Real Estate Exams,Ohio Real Estate Exam Questions,,Which activity is an unfair claims settlement practice?,Refusing to pay individuals bringing false or fraudulent claims,Attempting to settle claims by arbitration,Denying unsubstantiated claims on a timely basis,Failing to give reasonable explanations for denying claims,,,,D,"<h2>Failing to give reasonable explanations for denying claims.</h2>  
This practice is considered unfair because it leaves claimants without clarity or understanding regarding the reasons for their claim denial, undermining the principles of transparency and fairness in the claims settlement process.

<b>A) Refusing to pay individuals bringing false or fraudulent claims</b>  
This activity is not an unfair claims settlement practice; rather, it is a responsible approach to combat fraud. Insurers have the obligation to protect themselves and their policyholders by refusing payment on claims that are proven to be false or fraudulent, thereby maintaining the integrity of the insurance system.

<b>B) Attempting to settle claims by arbitration</b>  
Attempting to settle claims through arbitration is a legitimate method of dispute resolution and is not inherently unfair. Arbitration can provide a more efficient and less adversarial means of resolving claims, benefiting both the insurer and the claimant.

<b>C) Denying unsubstantiated claims on a timely basis</b>  
Denying claims that lack substantiation is a fair practice, as it ensures that only valid claims are honored. Insurers are expected to conduct thorough investigations and can deny claims that do not have sufficient evidence to support them, which aligns with standard industry practices.

<b>D) Failing to give reasonable explanations for denying claims</b>  
This practice is unfair because it does not provide claimants with the necessary information to understand the rationale behind the denial. Transparency in the claims process is essential for maintaining trust and fairness, and failing to provide explanations can lead to confusion and frustration for the claimant.

<b>Conclusion</b>  
Unfair claims settlement practices undermine the ethical standards expected in the insurance industry. Among the choices provided, failing to give reasonable explanations for denying claims stands out as particularly unjust, as it denies claimants the clarity and transparency they deserve. In contrast, the other options reflect responsible practices that uphold the integrity of the claims process.",,Regular,
Real Estate Licensing Exams,Salesperson and Broker License Exam,Ohio Real Estate Exams,Ohio Real Estate Practice Test,,Which of the following is TRUE of a payor benefit rider?,Which of the following is TRUE of a payor benefit rider?,Which of the following is TRUE of a payor benefit rider?,Pays a monthly income to the policyowner if the insured is totally disabled.,Waives policy premiums if the insured becomes totally disabled.,,,,B,"<h2>Waives policy premiums if the insured becomes totally disabled.</h2>  
A payor benefit rider is specifically designed to waive premium payments on a life insurance policy if the insured becomes totally disabled, ensuring the policy remains in force without financial burden during the insured's disability period.

<b>A) Which of the following is TRUE of a payor benefit rider?</b>  
This option is simply a repetition of the question and does not provide any definitive answer regarding the characteristics of a payor benefit rider. It lacks informative content, making it an invalid choice.

<b>B) Which of the following is TRUE of a payor benefit rider?</b>  
This choice appears identical to option A and does not describe the payor benefit rider accurately. It fails to present any informative statement about the rider itself, thus making it ineffective as a correct answer.

<b>C) Pays a monthly income to the policyowner if the insured is totally disabled.</b>  
While this statement might seem plausible, it misrepresents the function of a payor benefit rider. This rider does not provide direct income to the policyowner; instead, it focuses on waiving premium payments, ensuring the policy remains active during the insured's total disability.

<b>D) Waives policy premiums if the insured becomes totally disabled.</b>  
This is the correct statement regarding a payor benefit rider, as it accurately describes the purpose of the rider. It highlights that the rider ensures that premium payments are waived during the period when the insured is totally disabled, keeping the policy in effect without additional financial strain.

<b>Conclusion</b>  
The payor benefit rider is an essential feature in certain insurance policies, designed to provide financial relief by waiving premiums in the event of the insured's total disability. This rider prevents the lapse of coverage during challenging times without imposing additional costs on the policyholder. Understanding the specific functions of riders like this is crucial for making informed decisions about insurance products.",,Regular,
Real Estate Licensing Exams,Salesperson and Broker License Exam,Ohio Real Estate Exams,Ohio Real Estate Exam Questions,,A sum has been paid from the real estate recovery fund toward satisfaction of a judgement against a real estate licensee. What action shall be taken against the licensee?,The real estate license is automatically suspended.,The licensee has 90 days to reimburse the fund or lose the license.,The real estate license will automatically be revoked.,The licensee must reimburse the fund before the license expires.,,,,C,"<h2>The real estate license will automatically be revoked.</h2>  
When a sum is paid from the real estate recovery fund to satisfy a judgment against a real estate licensee, the licensee's real estate license is automatically revoked as a consequence. This action is mandated to protect consumers and ensure accountability among real estate professionals.

<b>A) The real estate license is automatically suspended.</b>  
A suspension implies a temporary halt to the license's validity, allowing for potential reinstatement. However, the law specifically states that a license is revoked, not suspended, following the payment from the recovery fund, indicating a more permanent consequence for the licensee's actions.

<b>B) The licensee has 90 days to reimburse the fund or lose the license.</b>  
While reimbursement to the recovery fund is required, the license is not merely suspended for 90 days during which the licensee can rectify the situation. Instead, failure to reimburse leads to the immediate revocation of the license, making this statement misleading regarding the timeline and implications.

<b>C) The real estate license will automatically be revoked.</b>  
This is the accurate statement, as the automatic revocation of the license occurs when a payment is made from the recovery fund to satisfy a judgment. This ensures that the licensee cannot continue practicing until the fund is reimbursed, emphasizing the seriousness of their actions.

<b>D) The licensee must reimburse the fund before the license expires.</b>  
While it is true that the licensee must reimburse the fund, stating that this reimbursement must happen before the license expires does not reflect the immediate revocation that follows the fund's payment. The obligation to repay does not restore the license status until fully reimbursed.

<b>Conclusion</b>  
In instances where a real estate recovery fund payment is made on behalf of a licensee, the law dictates that the real estate license is automatically revoked. This revocation serves as a necessary measure to uphold the integrity of the real estate profession and protect consumers. The requirement for the licensee to reimburse the fund further reinforces accountability, ensuring that those who violate ethical or legal standards face significant consequences.",,Regular,
Real Estate Licensing Exams,Salesperson and Broker License Exam,Ohio Real Estate Exams,Ohio Real Estate Practice Test,,Who is allowed to make changes to the provisions of a life insurance contract?,the beneficiary,the commissioner of insurance,an officer of the company,a licensed insurance agent of the insurer,,,,C,"<h2>An officer of the company is allowed to make changes to the provisions of a life insurance contract.</h2>  
Changes to the provisions of a life insurance contract must be made by authorized individuals within the insurance company, typically an officer, who has the legal authority to modify contractual terms.

<b>A) the beneficiary</b>  
The beneficiary of a life insurance policy is the individual designated to receive the benefits upon the policyholder's death. While they have rights to the policy benefits, they do not possess the authority to alter the provisions of the contract itself, as they are not involved in the administration or management of the insurance policy.

<b>B) the commissioner of insurance</b>  
The commissioner of insurance is a regulatory official responsible for overseeing the insurance industry within a state. While they enforce insurance laws and regulations, they do not have the authority to make changes to individual insurance contracts. Their role is more about ensuring compliance and protecting consumer rights rather than altering existing policy terms.

<b>D) a licensed insurance agent of the insurer</b>  
A licensed insurance agent represents the insurance company in selling and servicing policies. However, agents typically do not have the authority to change the provisions of a contract; they can only facilitate transactions and provide information. Changes to policy terms must be approved and executed by officers of the company, who have the requisite authority.

<b>Conclusion</b>  
In summary, only an officer of the insurance company possesses the authority to make changes to the provisions of a life insurance contract, as they are designated to manage and govern the terms of the policies. Other parties, such as beneficiaries, commissioners, and agents, play important roles but do not have the legal standing to modify contract provisions. This distinction is crucial for maintaining the integrity and regulatory compliance of insurance agreements.",,Regular,
Real Estate Licensing Exams,Salesperson and Broker License Exam,Ohio Real Estate Exams,Ohio Real Estate Exam Questions,,Which of the following is NOT a settlement option for life policies?,Extended term.,Pure life income.,Life income with period certain.,Fixed period.,,,,A,"<h2>Extended term is NOT a settlement option for life policies.</h2>  
Settlement options for life insurance policies typically involve choices that provide income or benefits to the policyholder or beneficiaries. Extended term is a non-forfeiture option that allows the policyholder to use the cash value of a whole life policy to purchase term insurance, rather than a settlement option for beneficiaries.

<b>A) Extended term</b>  
Extended term is a non-forfeiture option that allows a policyholder to convert their whole life insurance policy's cash value into a term insurance policy for a specified period. It is not a settlement option for beneficiaries but rather a strategy for maintaining coverage when the original policy lapses. Therefore, it does not fit within the context of settlement options intended to provide payouts.

<b>B) Pure life income</b>  
Pure life income is a settlement option that provides the beneficiary with a series of payments for the remainder of their life. This option guarantees income until death, making it a secure choice for those needing consistent cash flow. It clearly serves as a settlement option for life insurance policies.

<b>C) Life income with period certain</b>  
Life income with period certain is another settlement option that ensures the beneficiary receives payments for their lifetime, with a guaranteed minimum payment period. If the beneficiary dies before the end of this period, the remaining payments go to a designated beneficiary. This option provides both security and flexibility, classifying it firmly as a settlement option.

<b>D) Fixed period</b>  
Fixed period is a settlement option that allows beneficiaries to receive payments over a predetermined time frame. After this period, payments cease regardless of the beneficiary's status, making it a viable choice for those who prefer a structured payout plan. This option is also recognized as a settlement option for life policies.

<b>Conclusion</b>  
In summary, while extended term is a valid option for maintaining insurance coverage, it does not qualify as a settlement option for life insurance policies. Settlement options such as pure life income, life income with period certain, and fixed period provide structured payouts to beneficiaries, fulfilling their financial needs following the policyholder's death. Understanding the distinctions among these options is crucial for effective financial planning and ensuring appropriate benefits are selected.",,Regular,
Real Estate Licensing Exams,Salesperson and Broker License Exam,Ohio Real Estate Exams,Ohio Real Estate Practice Test,,The Ohio Insurance superintendent is appointed to office and has all of the following powers and duties EXCEPT,enact legislation dealing with insurance.,responsibilities to adopt reasonable rules and regulations.,jurisdiction over complaints against anyone engaged in the insurance business in Ohio.,authority to conduct hearings.,,,,A,"The superintendent can adopt rules, handle complaints, and conduct hearings but cannot enact legislation, which is a legislative function. B, C, and D are within their authority.",,Regular,
Real Estate Licensing Exams,Salesperson and Broker License Exam,Ohio Real Estate Exams,Ohio Real Estate Exam Questions,,Which of the following provides a death benefit if the spouse of the insured dies?,Guaranteed insurability rider.,Family Term insurance rider.,Long-term care insurance rider.,Accelerated death benefit rider.,,,,B,"<h2>Family Term insurance rider provides a death benefit if the spouse of the insured dies.</h2>  
This type of rider extends coverage to the spouse, ensuring that a death benefit is paid out if the spouse passes away, thereby providing financial support to the insured individual.

<b>A) Guaranteed insurability rider</b>  
The guaranteed insurability rider allows the insured to purchase additional life insurance coverage at specific times without providing evidence of insurability. However, it does not provide a death benefit upon the death of the spouse; rather, it focuses on the insured's ability to increase their own coverage.

<b>B) Family Term insurance rider</b>  
This rider explicitly covers the spouse and allows for a death benefit to be paid out if the spouse dies. It is designed to offer additional protection for families, ensuring that the insured has financial support in the event of their spouse's untimely death.

<b>C) Long-term care insurance rider</b>  
The long-term care insurance rider provides coverage for long-term care services, such as nursing home or in-home care. While it aids in managing health-related expenses, it does not pay out a death benefit related to the spouse's death.

<b>D) Accelerated death benefit rider</b>  
The accelerated death benefit rider allows the insured to access a portion of the death benefit while still alive, typically in cases of terminal illness. It does not provide a death benefit to the spouse but rather focuses on financial support for the insured in critical situations.

<b>Conclusion</b>  
The Family Term insurance rider is specifically designed to provide a death benefit to the insured in the event of the spouse's death, making it a vital financial security option for families. Other riders, while beneficial in their own rights, do not serve the same purpose of offering death benefits tied to a spouse's demise. Understanding these distinctions is crucial for selecting the right insurance products that meet family needs.",,Regular,
Real Estate Licensing Exams,Salesperson and Broker License Exam,Ohio Real Estate Exams,Ohio Real Estate Practice Test,,"In real estate advertising in Ohio, the name of the broker must always be displayed in equal prominence with the name of the salesperson, EXCEPT on",a personal website created by the licensee.,the printed business cards of the licensee.,"a website not owned, controlled or edited by the licensee.",printed business letterhead or postcards of the licensee.,,,,C,"<h2>A website not owned, controlled or edited by the licensee.</h2>  
In Ohio real estate advertising, the name of the broker must be displayed with equal prominence to that of the salesperson, except in cases where the advertising occurs on a platform that is not owned or controlled by the licensee, such as third-party websites.

<b>A) A personal website created by the licensee.</b>  
A personal website created by the licensee is considered an advertising platform under the licensee's control. Therefore, the broker's name must be displayed in equal prominence alongside the salesperson's name to comply with Ohio real estate advertising regulations.

<b>B) The printed business cards of the licensee.</b>  
Printed business cards are a controlled medium by the licensee, and as such, they require the broker's name to be displayed prominently alongside the salesperson's name. This regulation ensures that consumers can identify the broker responsible for the transaction.

<b>D) Printed business letterhead or postcards of the licensee.</b>  
Similar to business cards, printed letterhead and postcards are also controlled materials. The name of the broker must be equally prominent with that of the salesperson, ensuring compliance with advertising standards established by the Ohio real estate commission.

<b>Conclusion</b>  
In summary, Ohio real estate advertising mandates that the broker's name is displayed with equal prominence to the salesperson's name in most advertising mediums. However, exceptions exist for platforms not owned or controlled by the licensee, allowing flexibility in those contexts. Understanding these nuances is crucial for compliance and effective advertising in the real estate industry.",,Regular,
Real Estate Licensing Exams,Salesperson and Broker License Exam,Ohio Real Estate Exams,Ohio Real Estate Exam Questions,,Which of the following methods could eliminate the risk of having a sky diving accident?,risk avoidance,risk aversion,risk prevention,risk reduction,,,,A,"<h2>Risk avoidance is the method that could eliminate the risk of having a sky diving accident.</h2>
Risk avoidance involves completely eliminating the hazard, which in this case means not participating in sky diving at all. By choosing not to engage in the activity, one effectively removes any possibility of accidents associated with it.

<b>A) Risk avoidance</b>  
This method entails completely refraining from sky diving, thus eliminating any associated risks. By not participating in the activity, the individual cannot experience any accidents related to sky diving, making it the most effective means to avoid risk entirely.

<b>B) Risk aversion</b>  
Risk aversion refers to a preference for avoiding risk when making decisions, often leading individuals to choose safer alternatives. While this mindset may lead someone to choose not to skydive, it does not actively eliminate the risk itself; it merely reflects an attitude towards risk, which does not guarantee safety.

<b>C) Risk prevention</b>  
Risk prevention involves implementing measures to reduce the chances of an accident occurring. This could include using safety gear, undergoing training, or following safety protocols while sky diving. However, while these actions can mitigate risk, they do not completely eliminate the possibility of an accident, as hazards can still arise.

<b>D) Risk reduction</b>  
Risk reduction focuses on lowering the probability or impact of an accident through various strategies. Similar to risk prevention, it includes safety measures that may lessen the chances of an incident occurring but cannot fully remove the inherent risks of sky diving.

<b>Conclusion</b>  
In summary, risk avoidance is the only method that fully eliminates the potential for sky diving accidents by opting out of the activity altogether. Other approaches, such as risk prevention, reduction, and aversion, may help manage or minimize risks but do not achieve complete safety. Understanding these concepts is crucial for effective decision-making regarding participation in high-risk activities.",,Regular,
Real Estate Licensing Exams,Salesperson and Broker License Exam,Ohio Real Estate Exams,Ohio Real Estate Practice Test,,How many credit hours of continuing education must a licensed individual obtain in each 24-month licensing period?,12,20,24,30,,,,C,"<h2>A licensed individual must obtain 24 credit hours of continuing education in each 24-month licensing period.</h2>  
Continuing education requirements ensure that licensed professionals stay current with industry standards and practices. For many professions, including those requiring licensure, 24 credit hours every two years is a standard benchmark.

<b>A) 12</b>  
This choice suggests a significantly lower requirement than the actual standard. While some professions may have minimal requirements, a total of 12 credit hours does not meet the expectations set by most licensing boards, which typically require more extensive education to ensure competency and knowledge retention.

<b>B) 20</b>  
Requiring 20 credit hours still falls short of the established norm of 24 credit hours in a 24-month period. This option may reflect the requirements of certain specific professions but is not broadly applicable across all licensed fields, which generally adhere to the 24-hour standard.

<b>C) 24</b>  
This choice correctly represents the typical requirement for continuing education credits within a 24-month period for many licensed individuals. This benchmark ensures that professionals are adequately trained and informed about the latest developments in their fields, thereby maintaining high standards of practice.

<b>D) 30</b>  
This option indicates an overestimation of the required credit hours. While some professions may set high standards, 30 credit hours in a 24-month period exceeds the common requirement and may be impractical for many licensed individuals striving to balance their work and education.

<b>Conclusion</b>  
Continuing education is crucial for licensed individuals to maintain their expertise and adapt to changes in their field. The requirement of 24 credit hours every 24 months is the norm for many professions, ensuring that practitioners remain informed and effective. Choices suggesting fewer or more hours do not align with the standard expectations, highlighting the importance of adhering to established educational requirements in professional practice.",,Regular,
Real Estate Licensing Exams,Salesperson and Broker License Exam,Ohio Real Estate Exams,Ohio Real Estate Exam Questions,,An example of a risk that is NOT a pure risk would be,injury in an accident.,losing oneâ€™s job due to a disability.,having oneâ€™s car stolen at the racetrack.,losing money at the racetrack.,,,,D,"<h2>Losing money at the racetrack is an example of a risk that is NOT a pure risk.</h2>  
In risk management, pure risks are defined as situations that can result in loss or no loss, without the possibility of financial gain. Losing money at the racetrack involves a gamble, where the potential for gain exists, categorizing it as a speculative risk rather than a pure risk.

<b>A) Injury in an accident.</b>  
This represents a pure risk, as it involves the possibility of loss (medical expenses, loss of income) or no loss (no injury occurs). There is no potential for financial gain associated with accidents; hence, it strictly falls within the realm of pure risk.

<b>B) Losing one's job due to a disability.</b>  
This is also a pure risk, as it can lead to financial loss through the inability to work, without any possibility of gain. The situation reflects a potential loss of income and employment, qualifying it as a pure risk scenario.

<b>C) Having one's car stolen at the racetrack.</b>  
This situation is classified as a pure risk, since it results in a potential loss (theft of the vehicle) or no loss (the vehicle remains safe). There is no opportunity for gain involved here; the outcome is limited to loss or preservation of property.

<b>D) Losing money at the racetrack.</b>  
This is a speculative risk because it involves a chance of losing money while also having the opportunity to win money. This dual nature means it does not meet the criteria for pure risk, which is defined solely by the potential for loss or no loss.

<b>Conclusion</b>  
In risk management, differentiating between pure risks and speculative risks is crucial. Losing money at the racetrack exemplifies a speculative risk due to the presence of both loss and gain possibilities, while the other options present scenarios where only loss or no loss can occur, classifying them as pure risks. Understanding these distinctions aids in effective risk assessment and management strategies.",,Regular,
Real Estate Licensing Exams,Salesperson and Broker License Exam,Ohio Real Estate Exams,Ohio Real Estate Practice Test,,Activities representing license law violations that might result in license revocation include,making substantial misrepresentations.,failing to observe the Code of Ethics of the National Association of Realtors.,receiving and disclosing compensation for selling a home warranty.,recommending several contractors to a seller or a buyer for services required during or after the closing process.,,,,A,"<h2>Making substantial misrepresentations is an activity representing a license law violation that might result in license revocation.</h2>  
Substantial misrepresentations undermine the integrity of real estate transactions and violate the trust placed in licensees by clients and the public. Such actions can lead to severe penalties, including the revocation of a real estate license, as they directly contravene the legal and ethical standards required in the profession.

<b>A) Making substantial misrepresentations.</b>  
This choice highlights a critical violation of license law. Misrepresentations can mislead clients, resulting in financial loss and undermining the credibility of the real estate industry. As such, substantial misrepresentations are serious offenses that can lead to license revocation due to their potential to cause harm to consumers and the market.

<b>B) Failing to observe the Code of Ethics of the National Association of Realtors.</b>  
While not adhering to the Code of Ethics can lead to disciplinary actions, it does not automatically result in license revocation. The Code serves as a guideline for ethical conduct but is not a legal requirement enforced by state licensing authorities. Violations may lead to censure or fines rather than revocation.

<b>C) Receiving and disclosing compensation for selling a home warranty.</b>  
Receiving compensation for selling a home warranty is generally permissible as long as it is disclosed appropriately. Disclosure ensures transparency with clients, meaning that this action alone does not typically constitute a license law violation that would lead to revocation.

<b>D) Recommending several contractors to a seller or a buyer for services required during or after the closing process.</b>  
Recommending contractors is a common practice in real estate and is not inherently a violation of license law. As long as the recommendations are made in good faith and without any undisclosed financial interest, this activity is generally acceptable and does not warrant license revocation.

<b>Conclusion</b>  
Real estate professionals must adhere to strict ethical and legal standards to maintain their licenses. Making substantial misrepresentations poses a direct threat to consumer trust and the integrity of the real estate market, making it a serious violation that can lead to revocation. Other actions, such as failing to observe ethical codes or recommending contractors, do not carry the same legal ramifications and are often part of standard practice.",,Regular,
Real Estate Licensing Exams,Salesperson and Broker License Exam,Ohio Real Estate Exams,Ohio Real Estate Exam Questions,,How long must a licensee maintain real estate client files?,7 years.,3 years.,1 year.,90 days.,,,,B,"<h2>A licensee must maintain real estate client files for 3 years.</h2>  
Real estate regulations require that client files be retained for a minimum of three years to ensure proper documentation and accountability in transactions. This period allows for adequate review and potential audits by regulatory bodies.

<b>A) 7 years.</b>  
While some documents may need to be kept for seven years in certain contexts, real estate client files specifically are not required to be maintained for this duration. This longer retention period is more commonly associated with tax records and other financial documentation rather than real estate transactions.

<b>B) 3 years.</b>  
This is the correct duration for maintaining real estate client files, as mandated by many state regulations. Keeping files for three years ensures that all necessary records are available for review and that the licensee can provide evidence of compliance with legal and ethical standards.

<b>C) 1 year.</b>  
Maintaining client files for only one year is insufficient for real estate transactions, as it does not allow enough time for potential inquiries or disputes that may arise after a transaction is completed. The three-year requirement is established to safeguard both the client and the licensee.

<b>D) 90 days.</b>  
A 90-day retention period is far too short for real estate client files, as it does not encompass the potential timeframes for disputes or audits. Such a brief duration would compromise the ability to address any issues that may arise long after a transaction has concluded.

<b>Conclusion</b>  
In summary, real estate licensees are required to maintain client files for a minimum of three years to ensure compliance and protect the interests of all parties involved in transactions. This three-year period allows for adequate oversight and documentation, while all other proposed durations either fall short or exceed the regulatory requirements.",,Regular,
Real Estate Licensing Exams,Salesperson and Broker License Exam,Ohio Real Estate Exams,Ohio Real Estate Practice Test,,Which of the following is true about asbestos?,Encapsulation of damaged asbestos can be safer than removal.,Latex paint should be used to seal damaged sections of asbestos.,Most lenders will not provide mortgage funds to homes with asbestos.,"It should be removed from houses and public buildings, regardless of its condition.",,,,A,"<h2>Encapsulation of damaged asbestos can be safer than removal.</h2>  
Encapsulation involves sealing damaged asbestos materials to prevent the release of fibers into the air, which can be a safer and less disruptive method compared to complete removal. This approach minimizes the risk of exposure and can effectively manage asbestos hazards when performed correctly.

<b>A) Encapsulation of damaged asbestos can be safer than removal.</b>  
This statement is accurate as encapsulation can often be a preferable option to removal, especially when the asbestos is in good condition. By sealing the material, it helps to prevent further deterioration and fiber release, thereby reducing health risks associated with asbestos exposure.

<b>B) Latex paint should be used to seal damaged sections of asbestos.</b>  
Using latex paint is not advisable for sealing asbestos because it may not effectively contain the fibers or prevent them from becoming airborne. Specialized encapsulants designed specifically for asbestos should be used instead, as they adhere better and provide a more reliable barrier against fiber release.

<b>C) Most lenders will not provide mortgage funds to homes with asbestos.</b>  
While it is true that the presence of asbestos can complicate mortgage lending, it is not universally true that lenders will not provide funds for homes with asbestos. Many lenders may allow financing if the asbestos is managed properly, either through encapsulation or professional removal, thus this statement is misleading.

<b>D) It should be removed from houses and public buildings, regardless of its condition.</b>  
This statement is overly simplistic; removal of asbestos is not always necessary or the safest option. In many cases, intact and undisturbed asbestos poses little risk, and removal can actually create a higher risk of exposure if not done by professionals. Thus, the decision to remove should depend on the condition of the asbestos.

<b>Conclusion</b>  
Encapsulation is often a safer alternative to the removal of asbestos, especially when the material is not significantly damaged. While options like removal may be necessary in some circumstances, they come with risks that can be mitigated through proper management strategies. Understanding these distinctions is crucial for ensuring safety in environments where asbestos is present.",,Regular,
Real Estate Licensing Exams,Salesperson and Broker License Exam,Ohio Real Estate Exams,Ohio Real Estate Exam Questions,,Any non-licensed individual assisting a friend in the rental of an apartment may,receive a nominal fee for this service.,represent the owner as a rental agent and receive a fee.,show the apartment but not receive any compensation.,"show the apartment, sign the agreement, and receive a nominal fee.",,,,C,"<h2>Any non-licensed individual assisting a friend in the rental of an apartment may show the apartment but not receive any compensation.</h2>  
In many jurisdictions, non-licensed individuals can help friends by showing rental properties; however, they cannot receive compensation for their services as that would require a real estate license.

<b>A) receive a nominal fee for this service.</b>  
Receiving a fee for assisting in a rental transaction typically requires a real estate license. Non-licensed individuals are prohibited from accepting any form of payment for such services to ensure compliance with real estate regulations.

<b>B) represent the owner as a rental agent and receive a fee.</b>  
Only licensed real estate agents are permitted to represent property owners in rental agreements and receive compensation for such representation. Non-licensed individuals cannot act in this capacity, as it would violate licensing laws.

<b>C) show the apartment but not receive any compensation.</b>  
This choice correctly reflects the legal constraints on non-licensed individuals, who are allowed to assist friends by showing apartments but cannot receive any compensation for doing so. This ensures that their activities remain compliant with real estate regulations.

<b>D) show the apartment, sign the agreement, and receive a nominal fee.</b>  
Non-licensed individuals cannot sign rental agreements on behalf of either party nor can they accept payment for their services. This choice inaccurately implies that non-licensed individuals have the authority to perform actions that require a license, which is not permissible under law.

<b>Conclusion</b>  
The regulations governing real estate transactions clearly stipulate that non-licensed individuals may assist friends in showing rental properties without receiving payment. This limitation is crucial in maintaining the integrity of the real estate profession and protecting consumers. As such, while they can provide assistance, any compensation or formal representation requires a licensed professional.",,Regular,
Real Estate Licensing Exams,Salesperson and Broker License Exam,Ohio Real Estate Exams,Ohio Real Estate Practice Test,,"A couple bought their first home, qualifying for a 30-year loan. The lender required regular, equal payments of sufficient size and number to pay all interest due on the loan and reduce the amount owed to zero by the loan's maturity date. This is most likely",a partially amortized loan.,an ARM.,a fully amortized loan.,a straight loan.,,,,C,"<h2>A fully amortized loan requires regular, equal payments that cover both interest and principal, reducing the balance to zero by maturity.</h2>  
In a fully amortized loan, the borrower makes consistent payments that include both interest and a portion of the principal, ensuring that the loan is completely paid off by the end of the term. This type of loan is common for mortgages, providing borrowers a clear repayment schedule.

<b>A) a partially amortized loan.</b>  
A partially amortized loan involves payments that do not cover the entire principal amount due by the maturity date. This results in a remaining balance that must be settled through a balloon payment or refinancing, which is not the case as described in the question.

<b>B) an ARM.</b>  
An adjustable-rate mortgage (ARM) features interest rates that can change periodically based on market conditions, which means payments may vary over time. However, the question specifies regular, equal payments, indicating a fixed payment structure typical of fully amortized loans.

<b>D) a straight loan.</b>  
A straight loan, or interest-only loan, requires borrowers to pay only the interest during the loan term, with the principal due as a lump sum at maturity. This structure does not reduce the principal balance over time, contradicting the requirement of the question for a loan that amortizes to zero.

<b>Conclusion</b>  
In summary, a fully amortized loan is characterized by equal payments that reduce both the interest and principal, leading to a complete payoff at the end of the loan term. This distinguishes it from other loan types, such as partially amortized loans, ARMs, and straight loans, which do not meet the criteria outlined in the question. Understanding these distinctions is essential for borrowers to select the appropriate loan structure for their financial needs.",,Regular,
Real Estate Licensing Exams,Salesperson and Broker License Exam,Ohio Real Estate Exams,Ohio Real Estate Exam Questions,,A salesperson is asked by a lending institution to provide an appraisal for a mortgage on a property owned by the bank. She should,submit a broker price opinion for a fee not to exceed one hundred dollars ($100).,recommend that the bank consult with a licensed or certified appraiser.,complete a comparative market analysis and provide it to the bank.,refer the request to her sponsoring broker.,,,,B,"<h2>She should recommend that the bank consult with a licensed or certified appraiser.</h2>  
A licensed or certified appraiser is specifically trained and authorized to provide accurate property appraisals, ensuring compliance with legal and industry standards. This recommendation protects both the salesperson and the bank by securing a reliable and professional evaluation of the property's value.

<b>A) Submit a broker price opinion for a fee not to exceed one hundred dollars ($100).</b>  
A broker price opinion (BPO) is not a formal appraisal and is typically less detailed, which may not meet the legal requirements for mortgage lending. Additionally, BPOs can only be performed by licensed real estate brokers, and their use is generally limited to certain situations, making them unsuitable for bank appraisal requests.

<b>C) Complete a comparative market analysis and provide it to the bank.</b>  
A comparative market analysis (CMA) is useful for estimating a property's value based on similar properties in the area but lacks the rigorous standards and certification of a formal appraisal. While CMAs can provide insights, they do not carry the same weight as an appraisal for financing purposes and may not satisfy the bank's requirements.

<b>D) Refer the request to her sponsoring broker.</b>  
While referring the request to her sponsoring broker may seem prudent, it does not directly address the need for a qualified appraisal. The salesperson is still responsible for ensuring that proper procedures are followed, and a direct recommendation for a licensed appraiser is more appropriate in this context.

<b>Conclusion</b>  
In mortgage transactions, it is crucial to provide a reliable and legally compliant appraisal to assess property value. The best course of action for the salesperson is to recommend that the bank consult with a licensed or certified appraiser, as this ensures the appraisal meets professional standards and safeguards all parties involved. Other options, such as BPOs, CMAs, or referrals, may lack the necessary authority or detail required for accurate mortgage evaluations.",,Regular,
Real Estate Licensing Exams,Salesperson and Broker License Exam,Ohio Real Estate Exams,Ohio Real Estate Practice Test,,"Once earnest money has been deposited into the broker's trust account, the broker may release the earnest money under each of the following conditions EXCEPT",by final order of the court.,upon the buyer's written request.,at the consummation of the transaction.,according to written instructions signed by buyer and seller.,,,,B,"<h2>Upon the buyer's written request, the broker may not release the earnest money.</h2>  
The release of earnest money is subject to specific conditions, and a buyer's unilateral request does not constitute a valid reason for the broker to release these funds without the mutual agreement of both parties involved in the transaction.

<b>A) By final order of the court.</b>  
A court order is a legitimate condition under which a broker may release earnest money. If a court determines the disposition of the funds, the broker is legally obliged to comply with that order, ensuring the funds are handled according to judicial direction.

<b>C) At the consummation of the transaction.</b>  
The consummation of the transaction, which indicates the completion of the sale, is another valid reason for the broker to release the earnest money. At this point, the funds typically become part of the transaction and are used towards the purchase price, justifying their release.

<b>D) According to written instructions signed by buyer and seller.</b>  
Written instructions signed by both the buyer and seller provide clear mutual consent for the release of earnest money. This agreement ensures that both parties are in alignment regarding the handling of the funds, making it an appropriate condition for a broker to act upon.

<b>Conclusion</b>  
In real estate transactions, the release of earnest money is governed by specific conditions that require mutual agreement or legal directives. The broker cannot release earnest money solely based on the buyer's written request, as this does not reflect the necessary agreement from both parties. Instead, conditions such as court orders, transaction consummation, and mutual written instructions are acceptable, ensuring proper protocol is followed in the handling of earnest money.",,Regular,
Real Estate Licensing Exams,Salesperson and Broker License Exam,Ohio Real Estate Exams,Ohio Real Estate Exam Questions,,What is the proper procedure for activating a license that has been suspended due to nonrenewal?,"Complete a reactivation application and remit with a renewal fee, reactivation fee, and penalty.",Remit the renewal fee within the 60-day grace period.,Complete a reactivation application with an explanation of why the payment is late.,Remit the license and the late renewal fee.,,,,A,"<h2>Complete a reactivation application and remit with a renewal fee, reactivation fee, and penalty.</h2>  
To activate a license that has been suspended due to nonrenewal, the individual must submit a reactivation application along with the required fees, which include the renewal fee, reactivation fee, and any applicable penalties. This comprehensive approach ensures that all necessary steps are followed to restore the license effectively.

<b>A) Complete a reactivation application and remit with a renewal fee, reactivation fee, and penalty.</b>  
This option outlines the correct and complete procedure for reactivating a suspended license. It emphasizes the need to fill out a reactivation application and pay all associated fees, which is essential for the successful restoration of the license.

<b>B) Remit the renewal fee within the 60-day grace period.</b>  
While paying the renewal fee is part of the process, this option is incomplete as it does not mention the need for a reactivation application or the additional reactivation fee and penalty that may apply. Simply paying within the grace period is insufficient to reactivate a suspended license.

<b>C) Complete a reactivation application with an explanation of why the payment is late.</b>  
This choice suggests that an explanation is required for late payment, which is not typically necessary for reactivation. The primary requirement is to submit the reactivation application along with the applicable fees rather than providing an explanation for late payment.

<b>D) Remit the license and the late renewal fee.</b>  
This option incorrectly implies that returning the license is necessary for reactivation. In reality, the appropriate action is to submit a reactivation application and pay the required fees, not simply to return the license with a late fee.

<b>Conclusion</b>  
Reactivating a suspended license due to nonrenewal requires a specific procedure that includes completing a reactivation application and paying the renewal and reactivation fees alongside any penalties. Each of the incorrect choices fails to account for the comprehensive requirements necessary for successful license reactivation, highlighting the importance of following the correct protocol as outlined in the correct answer.",,Regular,
Real Estate Licensing Exams,Salesperson and Broker License Exam,Ohio Real Estate Exams,Ohio Real Estate Practice Test,,"A seller signs a listing contract with a licensee, but several weeks later wishes to cancel the listing before it expires. Is the seller permitted to do so?","Yes, because it is the seller's right, but there may be liability to the licensee's firm for a commission.","Yes, because the seller can transfer the listing to another licensee before the expiration date on the contract.","No, because a listing can be canceled only if the licensee abandons it.","No, because a bilateral written agreement cannot be canceled during its term.",,,,A,"<h2>Yes, because it is the seller's right, but there may be liability to the licensee's firm for a commission.</h2>  
Sellers have the right to cancel a listing contract at any time, but doing so may result in liability for the commission owed to the licensee's firm if the agreement stipulates such terms. This aspect highlights the balance between a seller's rights and the contractual obligations they enter into with a licensee.

<b>A) Yes, because it is the seller's right, but there may be liability to the licensee's firm for a commission.</b>  
This choice accurately reflects the seller's right to cancel the listing contract, acknowledging that while they can exercise this right, they may still face potential liability for any commissions due under the terms of the contract. This understanding is crucial for both sellers and licensees in real estate transactions.

<b>B) Yes, because the seller can transfer the listing to another licensee before the expiration date on the contract.</b>  
While a seller can choose to work with another licensee, this choice does not inherently validate the cancellation of the original listing contract. Transferring a listing typically requires the original contract to be terminated, and the seller must consider any contractual obligations that may still be in effect.

<b>C) No, because a listing can be canceled only if the licensee abandons it.</b>  
This option is incorrect because it misrepresents the seller's rights. A seller can cancel a listing contract regardless of the licensee's actions, as long as they adhere to any terms regarding liability for commission that were agreed upon in the contract.

<b>D) No, because a bilateral written agreement cannot be canceled during its term.</b>  
This statement is misleading, as it implies that all bilateral contracts are immutable once signed. In reality, while a bilateral agreement does create obligations for both parties, the seller retains the right to cancel the listing contract, albeit with potential financial implications.

<b>Conclusion</b>  
In summary, sellers are entitled to cancel a listing contract at their discretion, but they should be aware of the potential for commission liability to the licensee's firm. Understanding these rights and responsibilities is essential for both sellers and licensees to navigate the complexities of real estate transactions effectively.",,Regular,
Real Estate Licensing Exams,Salesperson and Broker License Exam,Ohio Real Estate Exams,Ohio Real Estate Exam Questions,,"A borrower pays $200,000 for a home. The buyer makes a down payment of $40,000 and obtains a loan for the balance of the purchase price. The lender charges 4 discount points for the loan. How much will the borrower pay in discount points?","$1,600","$4,000","$6,400","$8,000",,,,C,"<h2>The borrower will pay $6,400 in discount points.</h2>  
Discount points are calculated as a percentage of the loan amount, and in this case, the borrower is financing $160,000 after making a $40,000 down payment on the $200,000 purchase price. At 4 discount points, the total cost in discount points amounts to $6,400.

<b>A) $1,600</b>  
This option represents 1 discount point on the loan amount of $160,000, which is calculated as 1% of the loan. Since the borrower is paying 4 discount points, this figure is significantly lower than the correct amount.

<b>B) $4,000</b>  
This amount corresponds to 2.5 discount points on the loan amount of $160,000 (which is 2.5% of the loan). While it is closer to the correct answer, it still does not account for the full 4 discount points being charged.

<b>C) $6,400</b>  
This is the correct calculation, representing 4 discount points on the loan of $160,000. Each point is equivalent to 1% of the loan amount, so 4 points equals 4% of $160,000, which results in $6,400.

<b>D) $8,000</b>  
This figure would represent 5 discount points on the loan amount of $160,000, which is 5% of the loan. Since only 4 discount points are being charged, this amount is incorrect.

<b>Conclusion</b>  
The calculation of discount points is critical for borrowers to understand the upfront costs of securing a loan. In this scenario, the borrower pays 4 points on a loan amount of $160,000, resulting in a payment of $6,400. Understanding the mechanics behind discount points helps borrowers make informed decisions related to their mortgage financing.",,Regular,
Real Estate Licensing Exams,Salesperson and Broker License Exam,Ohio Real Estate Exams,Ohio Real Estate Practice Test,,A mortgage may be classified as which type of lien?,voluntary and general,voluntary and specific,involuntary and specific,involuntary and general,,,,B,"<h2>A mortgage may be classified as voluntary and specific.</h2>  
A mortgage is a voluntary agreement between a borrower and a lender, allowing the lender to secure a loan with the specific property being financed. This means that the lien is created willingly by the borrower and directly linked to a particular property, distinguishing it from other types of liens.

<b>A) Voluntary and general</b>  
While a mortgage is indeed a voluntary lien, it is not classified as general. A general lien applies to all of a debtor's property, rather than being tied to a specific asset. Mortgages specifically target individual properties, thus making them specific liens.

<b>B) Voluntary and specific</b>  
This is the correct classification for a mortgage. It is voluntary because the borrower agrees to the terms, and it is specific because it pertains to a particular property that serves as collateral for the loan. This specificity protects the lender's interest in that property alone.

<b>C) Involuntary and specific</b>  
An involuntary lien is typically imposed by law without the consent of the property owner, such as tax liens or mechanic's liens. Since a mortgage requires the borrower's consent, it cannot be classified as involuntary, even though it is specific to a property.

<b>D) Involuntary and general</b>  
Similar to option C, this classification is incorrect because it describes a lien imposed by law that affects multiple properties, which does not apply to mortgages. Mortgages are voluntary agreements and are specific to the property being financed, not general across all properties.

<b>Conclusion</b>  
Mortgages are characterized as voluntary and specific liens due to the consensual nature of the borrowing agreement and their direct association with a particular property. Understanding this classification is crucial for both borrowers and lenders in navigating real estate financing and the legal implications of property ownership.",,Regular,
Real Estate Licensing Exams,Salesperson and Broker License Exam,Ohio Real Estate Exams,Ohio Real Estate Exam Questions,,Within how many business days must an insurance agent report a change of residence or business address?,10,15,30,45,,,,C,"<h2>An insurance agent must report a change of residence or business address within 30 business days.</h2>  
Insurance regulations typically require agents to keep their contact information current to ensure effective communication with clients and regulatory bodies. Reporting changes within this timeframe helps maintain compliance with industry standards and ensures that clients receive timely updates.

<b>A) 10</b>  
A 10 business day reporting period is insufficient for agents to manage their administrative duties effectively. While prompt reporting is important, it is not the regulated timeframe for such changes, potentially leading to lapses in compliance and communication.

<b>B) 15</b>  
Similarly, a 15 business day period does not align with the standard regulatory requirements. This timeframe may seem reasonable but does not provide the necessary duration for agents to handle their operational responsibilities adequately while ensuring compliance.

<b>C) 30</b>  
The requirement to report changes within 30 business days is established to ensure that agents have adequate time to update their records and inform relevant parties. This timeframe strikes a balance between promptness and practicality, enhancing communication and compliance within the insurance framework.

<b>D) 45</b>  
A 45 business day period would be excessively long for reporting address changes, potentially leading to communication breakdowns and regulatory issues. Such a lengthy timeframe could compromise the quality of service provided to clients and hinder regulatory oversight.

<b>Conclusion</b>  
In summary, insurance agents are required to report changes in residence or business address within 30 business days to maintain compliance and ensure effective communication. This regulation balances the need for timely updates with the practicalities of managing an agent's workload. Shorter or longer timeframes would either jeopardize compliance or create unnecessary burdens on agents.",,Regular,
Real Estate Licensing Exams,Salesperson and Broker License Exam,Ohio Real Estate Exams,Ohio Real Estate Practice Test,,"In Ohio, an insurer must acknowledge and act upon a notification of claim within:",48 hours,5 days,10 days,15 days,,,,D,"<h2>In Ohio, an insurer must acknowledge and act upon a notification of claim within 15 days.</h2>  
According to Ohio insurance regulations, insurers are required to acknowledge receipt of a claim and take appropriate action within 15 days. This regulation aims to ensure prompt communication and processing of claims, enhancing consumer protection.

<b>A) 48 hours</b>  
The requirement for insurers to respond within 48 hours is not accurate for Ohio. While a quick acknowledgment is beneficial, the state law specifically allows a longer timeframe of 15 days for insurers to act on a claim notification. Thus, 48 hours would not meet the legal standard established in Ohio.

<b>B) 5 days</b>  
Similar to the previous option, a 5-day response time does not align with Ohio's regulations. Insurers are not required to act this swiftly, and while expedient responses are encouraged, the law mandates a minimum response period of 15 days to ensure proper processing and handling of claims.

<b>C) 10 days</b>  
While 10 days may seem reasonable, it still falls short of the 15-day requirement set by Ohio law. Insurers must operate within the longer timeframe to comply with state regulations, which is designed to give them adequate time to review and respond to claims appropriately.

<b>D) 15 days</b>  
This option correctly reflects Ohio's legal requirements, allowing insurers 15 days to acknowledge and act on a claim notification. This timeframe is established to ensure that claimants receive timely communication and that insurers can adequately assess and process claims.

<b>Conclusion</b>  
In summary, Ohio law mandates that insurers must acknowledge and act upon a notification of claim within 15 days. This requirement is designed to promote efficient claims handling and consumer protection. The other options do not adhere to the established legal framework, making them incorrect in the context of this regulation.",,Regular,
Real Estate Licensing Exams,Salesperson and Broker License Exam,Ohio Real Estate Exams,Ohio Real Estate Exam Questions,,"Without written consent, a policyowner CANNOT change the beneficiary if he has named",a revocable beneficiary.,an irrevocable beneficiary.,a permanent beneficiary.,a contingent beneficiary.,,,,B,"<h2>A policyowner cannot change the beneficiary if he has named an irrevocable beneficiary.</h2>  
An irrevocable beneficiary is one whose rights to the policy proceeds cannot be altered without their consent, meaning the policyowner is legally bound to keep this beneficiary as named. This ensures that the beneficiary's interest in the policy remains protected, requiring mutual agreement for any changes to be made.

<b>A) A revocable beneficiary.</b>  
A revocable beneficiary can be changed by the policyowner at any time without the need for consent from that beneficiary. This flexibility allows the policyowner to alter the beneficiary designation as their circumstances or preferences change, making it fundamentally different from an irrevocable designation.

<b>B) An irrevocable beneficiary.</b>  
An irrevocable beneficiary cannot be removed or changed without their explicit consent. Once such a beneficiary is named, they gain a vested interest in the policy, making it impossible for the policyowner to make unilateral changes regarding who will receive the death benefit.

<b>C) A permanent beneficiary.</b>  
The term ""permanent beneficiary"" is not a standard classification in insurance terminology. Typically, beneficiaries are classified as revocable or irrevocable. Therefore, a permanent beneficiary could imply a revocable status unless specifically stated otherwise, which does not accurately reflect the inability to change the designation without consent.

<b>D) A contingent beneficiary.</b>  
A contingent beneficiary is a secondary beneficiary who will receive the policy proceeds only if the primary beneficiary is unable to do so. The policyowner retains the right to change the contingent beneficiary without affecting the primary beneficiary's designation, which does not restrict changes in the same way as an irrevocable beneficiary.

<b>Conclusion</b>  
In summary, an irrevocable beneficiary is the only designation that effectively prevents the policyowner from changing the beneficiary without consent. This legal binding protects the rights of the irrevocable beneficiary, ensuring their entitlement to the policy's proceeds remains secure. Understanding these distinctions is crucial for policyowners when making beneficiary designations, as it directly impacts their ability to manage their insurance policies.",,Regular,
Real Estate Licensing Exams,Salesperson and Broker License Exam,Tennessee Real Estate Exams,Tennessee Real Estate Mock Test,,How should a rental property security deposit be handled upon receipt by the broker?,It must be deposited in an interest bearing account.,It must be deposited in a non-interest bearing account.,It must be deposited in an escrow or trustee account.,It must be applied toward the rental payments.,,,,C,"<h2>It must be deposited in an escrow or trustee account.</h2>  
When a broker receives a rental property security deposit, it is required to be held in an escrow or trustee account to protect the funds until the lease is fulfilled or terminated. This ensures that the tenant's money is safeguarded and managed according to the terms of the lease agreement and relevant laws.

<b>A) It must be deposited in an interest bearing account.</b>  
While some jurisdictions allow security deposits to be held in interest-bearing accounts, it is not a universal requirement. The primary obligation is to ensure the funds are held securely, and the necessity for interest-bearing accounts can vary based on local regulations. Thus, this choice does not capture the essential requirement for handling security deposits.

<b>B) It must be deposited in a non-interest bearing account.</b>  
Similar to option A, the requirement for a non-interest bearing account is not universally applicable. In many jurisdictions, the law permits the use of either type of account as long as the security deposit is properly safeguarded. Therefore, this choice does not meet the overarching requirement for the handling of security deposits.

<b>D) It must be applied toward the rental payments.</b>  
Applying a security deposit directly toward rental payments is not appropriate, as the deposit serves as a form of security for potential damages or unpaid rent at the end of the lease term. It should remain separate from rental payments to ensure that funds are available for their intended purpose, making this option incorrect.

<b>Conclusion</b>  
The proper handling of a rental property security deposit mandates that it be placed in an escrow or trustee account for safekeeping. This ensures the protection of the tenant's funds until the lease obligations are fulfilled, differentiating the deposit from rental payments and maintaining compliance with legal requirements.",,Regular,
Real Estate Licensing Exams,Salesperson and Broker License Exam,Tennessee Real Estate Exams,Tennessee Real Estate Practice Questions,,Interest accrued on earnest money deposits is,returned to the buyer because it was the buyer's money that earned the interest.,forwarded to the seller because it serves as part of the down payment.,disbursed according to the agreement between the licensee and the payor.,retained by the broker for account expenses.,,,,C,"<h2>Interest accrued on earnest money deposits is disbursed according to the agreement between the licensee and the payor.</h2>  
The disposition of interest earned on earnest money deposits is determined by the specific agreement made between the real estate licensee and the person who provided the earnest money, ensuring that both parties are aware of how the interest will be handled.

<b>A) returned to the buyer because it was the buyer's money that earned the interest.</b>  
This option misrepresents the nature of earnest money deposits. While it is true that the buyer's funds generate interest, the ultimate disbursement of that interest depends on prior agreements and not solely on the source of the money.

<b>B) forwarded to the seller because it serves as part of the down payment.</b>  
This choice incorrectly assumes that all interest must be given to the seller. In reality, the interest from the earnest money may not automatically become part of the down payment unless explicitly stated in the purchase agreement, making this statement too simplistic.

<b>D) retained by the broker for account expenses.</b>  
While brokers may have certain fees associated with managing earnest money, retaining interest for their own expenses is not standard practice unless explicitly agreed upon. This choice overlooks the necessity for clear agreements on the distribution of interest, making it an inaccurate characterization.

<b>Conclusion</b>  
The correct understanding of interest accrued on earnest money deposits is that its distribution is governed by the agreement between the licensee and the payor. This ensures that all parties involved are clear on how interest will be managed, preventing misunderstandings and ensuring compliance with regulatory standards. Choices A, B, and D misinterpret the conditions under which interest is allocated, underlining the importance of contractual clarity in real estate transactions.",,Regular,
Real Estate Licensing Exams,Salesperson and Broker License Exam,Tennessee Real Estate Exams,Tennessee Real Estate Mock Test,,Which of the following statements about airborne radon is true,It has an easily detectable odor,It is only found in older wood frame structures,It is inexpensively detected and mitigated,It is not harmful to adults who do not smoke,,,,C,"<h2>It is inexpensively detected and mitigated.</h2>  
Airborne radon can be detected using relatively low-cost testing kits, and there are effective and affordable methods for mitigation, such as improving ventilation or sealing cracks in foundations, making it accessible for homeowners to address radon exposure.

<b>A) It has an easily detectable odor</b>  
Radon is a colorless, odorless, and tasteless gas, which means it cannot be detected by human senses. This characteristic makes it essential to use specialized detection methods, as relying on smell or sight is ineffective for identifying radon presence in the air.

<b>B) It is only found in older wood frame structures</b>  
Radon can accumulate in any type of building, regardless of its age or construction materials. While older homes may have more cracks and gaps where radon can enter, newer constructions can also be susceptible due to poor ventilation or geological factors. Therefore, this statement is misleading and overly restrictive.

<b>C) It is inexpensively detected and mitigated</b>  
Testing for radon is affordable, with many home test kits available for purchase at low prices. Additionally, mitigation techniques are often cost-effective and can significantly reduce radon levels in homes, making this statement accurate and a critical consideration for homeowners concerned about radon exposure.

<b>D) It is not harmful to adults who do not smoke</b>  
This statement is incorrect because radon exposure is a known risk factor for lung cancer, even in non-smokers. The risk is cumulative over time, and while smokers are at higher risk, non-smokers are still vulnerable to the harmful effects of radon exposure.

<b>Conclusion</b>  
Understanding the properties and risks of airborne radon is crucial for health and safety. Among the provided statements, the ability to inexpensively detect and mitigate radon exposure stands out as true, highlighting the importance of proactive measures in any home, regardless of age or structure. Misconceptions about radon's detectability and risks can lead to inadequate responses, emphasizing the need for awareness and action against this invisible threat.",,Regular,
Real Estate Licensing Exams,Salesperson and Broker License Exam,Tennessee Real Estate Exams,Tennessee Real Estate Practice Questions,,Which types of deed provides the purchaser of real estate the greatest protection?,quitclaim deed,trustee's deed,general warranty deed,deed in trust,,,,C,"<h2>General warranty deed provides the purchaser of real estate the greatest protection.</h2>  
A general warranty deed offers the highest level of protection to the purchaser by guaranteeing that the seller holds clear title to the property and has the right to sell it, along with promising to defend against any claims to the title. This deed protects the buyer from any future claims regarding the property, covering the entire history of the title.

<b>A) Quitclaim deed</b>  
A quitclaim deed provides no warranties or guarantees regarding the title. It merely transfers whatever interest the seller may have in the property, if any, without affirming that the title is clear or free of encumbrances. This lack of protection means that the buyer assumes all risks associated with the title.

<b>B) Trustee's deed</b>  
A trustee's deed is used when property is transferred by a trustee, often in the context of a trust or foreclosure. While it may convey title, it typically does not guarantee that the title is free of defects or encumbrances. This limited protection is less comprehensive than that offered by a general warranty deed.

<b>C) General warranty deed</b>  
This type of deed provides the most comprehensive protection for buyers. It includes multiple warranties from the seller, such as the promise that they own the property free and clear and will defend the title against any claims. This makes it the safest option for a purchaser seeking legal assurance regarding their investment.

<b>D) Deed in trust</b>  
A deed in trust is used to transfer property to a trustee for the benefit of a beneficiary, primarily for securing a loan. This deed does not serve to protect the buyer's title to the property but rather establishes a lien against it. As such, it offers no guarantees regarding title integrity to the purchaser.

<b>Conclusion</b>  
In real estate transactions, the type of deed selected can significantly impact the level of protection afforded to the buyer. The general warranty deed stands out as the most protective option, ensuring the buyer receives clear title and recourse against any future claims. In contrast, the other deed types, such as quitclaim and trustee's deeds, do not provide the same level of assurance, putting the buyer at greater risk regarding potential title issues.",,Regular,
Real Estate Licensing Exams,Salesperson and Broker License Exam,Tennessee Real Estate Exams,Tennessee Real Estate Mock Test,,What would most lenders require if the buyer is putting less than 20% down?,one year's worth of reserves in a certificate of deposit,a certificate of reasonable value,a FICO score of at least 745,private mortgage insurance,,,,D,Private mortgage insurance (PMI) is typically required for loans with less than 20% down to protect the lender.,,Regular,
Real Estate Licensing Exams,Salesperson and Broker License Exam,Tennessee Real Estate Exams,Tennessee Real Estate Practice Questions,,"A buyer wants to purchase a home for $400,000 with a 15% down payment. The lender charges 2.5 points. How much money does the buyer need up front to make the purchase?","$60,000","$70,000","$61,500","$68,500",,,,D,"Down payment = $400,000 X 15% = $60,000. Loan = $340,000. Points = $340,000 X 2.5% = $8,500. Total = $60,000 + $8,500 = $68,500.",,Regular,
Real Estate Licensing Exams,Salesperson and Broker License Exam,Tennessee Real Estate Exams,Tennessee Real Estate Mock Test,,Which of the following activities may be associated with riparian rights,mining,new construction,irrigation,landscaping,,,,C,"<h2>Irrigation is an activity that may be associated with riparian rights.</h2>  
Riparian rights refer to the legal rights of landowners whose property is adjacent to a body of water, granting them the ability to use that water for various purposes, including irrigation. This is a key aspect of maintaining agricultural productivity and ecological balance in riparian areas.

<b>A) Mining</b>  
Mining is generally not associated with riparian rights, as it typically involves extracting minerals or resources from the earth rather than utilizing water directly. While mining operations may impact nearby water bodies, they do not fall under the purview of riparian rights, which focus on water usage rather than resource extraction.

<b>B) New construction</b>  
New construction can affect riparian zones but is not inherently linked to riparian rights. This activity often requires permits and consideration of environmental regulations to ensure that water resources are protected, rather than being a direct exercise of the rights that allow for water use.

<b>D) Landscaping</b>  
Landscaping can involve the use of water, but it does not specifically qualify as an activity associated with riparian rights. While homeowners may draw on nearby water sources for irrigation purposes in landscaping, the legal framework of riparian rights is more directly concerned with agricultural and essential water uses rather than aesthetic improvements.

<b>Conclusion</b>  
Riparian rights are primarily concerned with the use of water by landowners adjacent to waterways, particularly for purposes like irrigation. While mining, new construction, and landscaping can involve water, they do not specifically relate to the legal framework of riparian rights. Thus, irrigation stands out as the clear activity linked to these rights, emphasizing the importance of water for agricultural and ecological sustainability in riparian zones.",,Regular,
Real Estate Licensing Exams,Salesperson and Broker License Exam,Tennessee Real Estate Exams,Tennessee Real Estate Practice Questions,,"A real estate broker wrote a full price offer of $350,000 for a buyer. The amount of the earnest money deposit was $25,000. The offer was accepted and the broker placed the deposit in her escrow or trust account. The next week, the buyer and the seller decided to cancel their agreement and notified the broker in writing to return the deposit. Which of the following is TRUE?",The broker must negotiate for her commission out of the deposit.,"The broker must return the deposit, unless specifically authorized otherwise.",The broker may subtract one-half of her commission before returning the deposit.,The broker has earned a commission and may automatically subtract the entire amount before returning the balance of the deposit to the buyer.,,,,B,TREC requires the return of earnest money upon mutual cancellation unless otherwise agreed in writing.,,Regular,
Real Estate Licensing Exams,Salesperson and Broker License Exam,Tennessee Real Estate Exams,Tennessee Real Estate Mock Test,,"If the purchaser of a timeshare wishes to waive his or her right to rescind the purchase, which of the following is true?",He or she may only do so if the timeshare purchase contract includes a provision for cancellation after the first use of the timeshare property.,He or she must wait at least 24 hours after signing the purchase contract before he can waive his right to rescind.,He or she may only do so if the timeshare purchase is for a contract period of less than five years.,He or she may not waive his right to rescind under any circumstances.,,,,D,"<h2>He or she may not waive his right to rescind under any circumstances.</h2>  
In timeshare transactions, the law protects purchasers by granting an unconditional right to rescind the contract. This right cannot be waived, ensuring that buyers maintain the ability to reconsider their purchase decision, thus promoting consumer protection.

<b>A) He or she may only do so if the timeshare purchase contract includes a provision for cancellation after the first use of the timeshare property.</b>  
This statement is misleading as it implies that a purchaser can waive their right to rescind under certain conditions. However, the law stipulates that the right to rescind cannot be waived in any circumstance, making this option incorrect.

<b>B) He or she must wait at least 24 hours after signing the purchase contract before he can waive his right to rescind.</b>  
This choice incorrectly suggests that a waiting period is necessary to waive the right to rescind. In reality, the right to rescind is protected by law and cannot be waived at any time, rendering this statement invalid.

<b>C) He or she may only do so if the timeshare purchase is for a contract period of less than five years.</b>  
This option incorrectly implies that there are conditions based on the duration of the contract that allow for a waiver of the rescission right. However, regardless of the contract length, purchasers cannot waive their right to rescind, making this choice incorrect.

<b>Conclusion</b>  
Consumer protection laws ensure that timeshare purchasers retain an absolute right to rescind their contracts without the possibility of waiver. This safeguard is crucial for preventing potential exploitation of buyers, allowing them to make informed decisions without pressure. Understanding these rights is essential for anyone engaging in timeshare agreements.",,Regular,
Real Estate Licensing Exams,Salesperson and Broker License Exam,Tennessee Real Estate Exams,Tennessee Real Estate Practice Questions,,An expired listing broker gives the seller the names of prior prospective buyers. What clause obligates the seller to pay a commission if one of those buyers later purchases the property?,protection clause,due-diligence clause,procuring cause clause,MLS permission clause,,,,A,"<h2>Protection clause.</h2>  
The protection clause is a provision in a listing agreement that ensures a seller must pay a commission to the broker if a prospective buyer, previously introduced to the seller during the listing period, ultimately purchases the property, even after the listing has expired.

<b>A) Protection clause</b>  
This clause specifically protects the broker's right to earn a commission for buyers they introduced to the seller during the listing period. It clarifies that if any of these buyers complete a purchase after the listing expires, the seller is still obligated to compensate the broker, recognizing the broker's role in bringing the buyer to the property.

<b>B) Due-diligence clause</b>  
The due-diligence clause typically pertains to the buyer's right to investigate the property and its condition before finalizing the purchase. It does not relate to commission obligations or the relationship between the seller and the broker, and therefore does not address the situation regarding prospective buyers from an expired listing.

<b>C) Procuring cause clause</b>  
While the procuring cause clause relates to the broker's entitlement to a commission based on being the primary reason a buyer decided to purchase the property, it is not specifically designed to protect the broker's interests after a listing expires. This clause is more about establishing the broker's role in securing a sale rather than detailing obligations after the agreement has ended.

<b>D) MLS permission clause</b>  
The MLS permission clause refers to the permissions needed to list a property on a Multiple Listing Service. It does not involve commission arrangements or obligations related to prospective buyers. This clause is irrelevant in determining the seller's responsibility to pay a commission for buyers introduced during the listing period.

<b>Conclusion</b>  
The protection clause serves as a critical safeguard for brokers, ensuring they receive commission for buyers they have brought to a property, even after the expiration of a listing agreement. This clause prevents sellers from circumventing their commission obligations by later selling to previously introduced buyers. Understanding this clause is essential for both brokers and sellers in real estate transactions to maintain fair practices and compensation structures.",,Regular,
Real Estate Licensing Exams,Salesperson and Broker License Exam,Tennessee Real Estate Exams,Tennessee Real Estate Mock Test,,"In order to offer any gift or prize as an inducement to list a condominium, an affiliate broker MUST obtain the approval of:",his or her team leader.,his or her firm.,the homeownersâ€™ association (HOA).,the Tennessee Real Estate Commission.,,,,B,The affiliate brokerâ€™s firm must approve inducements to ensure compliance with TREC regulations and ethical standards.,,Regular,
Real Estate Licensing Exams,Salesperson and Broker License Exam,Tennessee Real Estate Exams,Tennessee Real Estate Practice Questions,,An advantage of a partially amortized or balloon payment loan is that,the portion applied to the payment of interest increases over time,"at the end of the term, no interest or principal is due",monthly payments are relatively small,the loan can be extended at prevailing interest rates,,,,C,"<h2>Monthly payments are relatively small.</h2>  
Partially amortized or balloon payment loans typically feature lower monthly payments compared to fully amortized loans because they do not fully pay off the principal over the term. This structure allows borrowers to manage their cash flow more effectively, especially in the early years of the loan.

<b>A) The portion applied to the payment of interest increases over time</b>  
In a partially amortized loan, the portion of each payment that goes towards interest does not necessarily increase over time; it remains consistent while the principal balance is reduced. The key feature is that the payments are structured such that not all principal is paid off by the end of the term, which does not correlate with an increasing interest portion.

<b>B) At the end of the term, no interest or principal is due</b>  
This statement is inaccurate for partially amortized loans because, at the end of the term, a balloon payment of the remaining principal is typically due. Therefore, borrowers must prepare to pay off the outstanding balance, contrary to the implication that no payments are required.

<b>D) The loan can be extended at prevailing interest rates</b>  
While some loans may offer the option to refinance or extend at prevailing rates, this is not a defining advantage of partially amortized loans themselves. The ability to extend the loan is dependent on the lender's policies and market conditions, not an inherent benefit of this loan type.

<b>Conclusion</b>  
Partially amortized or balloon payment loans are advantageous primarily due to their smaller monthly payments, which can ease financial burdens during the loan term. While other options and characteristics exist, the defining feature remains the lower payments, allowing borrowers to access financing without the immediate pressure of larger principal repayments. Understanding these dynamics is essential for borrowers considering this type of loan structure.",,Regular,
Real Estate Licensing Exams,Salesperson and Broker License Exam,Tennessee Real Estate Exams,Tennessee Real Estate Mock Test,,Which of the following is considered a breach of fiduciary duties for a licensee representing a buyer?,The licensee discloses to the buyer that the listing agent informed him the sellers are in the process of a divorce.,The licensee discloses that the property is priced higher than other recently sold comparable properties.,The licensee declines to present a buyerâ€™s unreasonable offer to the seller.,The licensee refuses to enter into a written buyerâ€™s agency agreement.,,,,C,"A buyerâ€™s agent must present all offers unless they are patently frivolous, as part of their fiduciary duty of obedience.",,Regular,
Real Estate Licensing Exams,Salesperson and Broker License Exam,Tennessee Real Estate Exams,Tennessee Real Estate Practice Questions,,"A seller wants to list a house that is jointly owned with a spouse. The spouse is now in the Middle East, working for the next 2 years. The seller can sign the listing agreement for the spouse if the",house was held as community property.,"spouse asked the seller, in writing, to sell the house.",spouse has granted the seller executory power of estate.,spouse has granted the seller power of attorney.,,,,D,A power of attorney allows one spouse to sign on behalf of the other.,,Regular,
Real Estate Licensing Exams,Salesperson and Broker License Exam,Tennessee Real Estate Exams,Tennessee Real Estate Mock Test,,"If the purchaser of a timeshare wishes to waive his or her right to rescind the purchase, which of the following is true?",He or she may only do so if the timeshare purchase contract includes a provision for cancellation after the first use of the timeshare property.,He or she must wait at least 24 hours after signing the purchase contract before he can waive his right to rescind.,He or she may only do so if the timeshare purchase is for a contract period of less than five years.,He or she may not waive his right to rescind under any circumstances.,,,,D,"<h2>He or she may not waive his right to rescind under any circumstances.</h2>  
In timeshare purchases, the right to rescind is a legal protection afforded to buyers, and it cannot be waived. This ensures that consumers have the opportunity to reconsider their decision after the purchase, safeguarding them from potential buyer's remorse.

<b>A) He or she may only do so if the timeshare purchase contract includes a provision for cancellation after the first use of the timeshare property.</b>  
This statement is incorrect because waiving the right to rescind cannot be contingent upon any conditions or provisions in the contract. The law mandates that buyers retain their right to rescind regardless of any contract specifics.

<b>B) He or she must wait at least 24 hours after signing the purchase contract before he can waive his right to rescind.</b>  
This choice is misleading as it implies that a waiting period exists before a buyer can waive their rescission right. In reality, such a waiver is not permissible at all, making the stipulation of a waiting period irrelevant.

<b>C) He or she may only do so if the timeshare purchase is for a contract period of less than five years.</b>  
This option suggests that the ability to waive the right to rescind is dependent on the duration of the timeshare contract. However, the law does not allow for waiving this right under any circumstances, regardless of the contract length.

<b>Conclusion</b>  
The right to rescind a timeshare purchase is a consumer protection measure that cannot be waived, ensuring buyers have a dedicated period to reconsider their commitment. All provided choices incorrectly suggest conditions or scenarios under which waiving this right might be possible, yet the law firmly establishes that such a waiver is not permitted. This understanding is crucial for protecting consumers in timeshare transactions.",,Regular,
Real Estate Licensing Exams,Salesperson and Broker License Exam,Tennessee Real Estate Exams,Tennessee Real Estate Practice Questions,,A land contract is sometimes known as,installment contract.,option contract.,implied contract.,express contract.,,,,A,"A land contract, where the buyer makes payments and receives the deed upon completion, is also called an installment contract.",,Regular,
Real Estate Licensing Exams,Salesperson and Broker License Exam,Tennessee Real Estate Exams,Tennessee Real Estate Mock Test,,Under what circumstances can an affiliate broker in Tennessee perform real estate activities as an affiliate of more than one brokerage firm?,When the two firms serve markets that are at least 50 miles apart.,When the firms specialize in mutually exclusive areas of real estate practice.,If both principal brokers give written consent.,There are no circumstances in which this would be permitted in Tennessee.,,,,D,TREC prohibits affiliate brokers from working for multiple firms simultaneously.,,Regular,
Real Estate Licensing Exams,Salesperson and Broker License Exam,Tennessee Real Estate Exams,Tennessee Real Estate Practice Questions,,The owner of pre-1978 rental housing must,do nothing as regulations only apply when children are present,have all lead-based paint covered or removed by licensed mitigators,give tenants 10 days to test and provide the required booklet,have tenants sign the disclosure form and provide the required booklet,,,,D,"<h2>The owner of pre-1978 rental housing must have tenants sign the disclosure form and provide the required booklet.</h2>  
Landlords of pre-1978 rental properties are legally required to inform tenants about the potential hazards of lead-based paint, which includes providing a disclosure form and an informational booklet on lead safety. This process ensures that tenants are aware of any risks associated with lead exposure and their rights regarding lead hazards.

<b>A) do nothing as regulations only apply when children are present</b>  
This choice is incorrect because the regulations concerning lead-based paint apply universally to all tenants of pre-1978 rental properties, regardless of whether children are present. The law mandates that landlords take specific actions to inform tenants about lead hazards, making this statement misleading.

<b>B) have all lead-based paint covered or removed by licensed mitigators</b>  
While addressing lead hazards is important, this option is not a requirement for landlords before renting the property. Instead, landlords must provide information and disclosures about potential lead hazards rather than immediately undertaking expensive remediation actions, which may not be necessary unless the lead paint poses a significant risk.

<b>C) give tenants 10 days to test and provide the required booklet</b>  
This choice misrepresents the landlord's responsibilities. The law does not require landlords to give tenants a specific time frame to test for lead or to provide the booklet; rather, they must ensure that tenants receive the booklet and sign the disclosure form prior to lease signing. 

<b>Conclusion</b>  
In summary, landlords of pre-1978 rental housing are required to ensure tenants are informed about lead-based paint hazards by providing a disclosure form and the necessary informational booklet. This legal requirement promotes tenant safety and awareness, facilitating informed decisions regarding lead exposure risks. The other choices misrepresent or inaccurately describe the landlord's obligations under the law.",,Regular,
Real Estate Licensing Exams,Salesperson and Broker License Exam,Tennessee Real Estate Exams,Tennessee Real Estate Mock Test,,Which of the following is true about mortgage assumptions?,The buyer is relieved of personal liability.,The seller may or may not be released from liability.,The buyer is required to sign a new mortgage note.,The mortgagee automatically releases the seller upon receipt of a warranty deed.,,,,B,"In a mortgage assumption, the sellerâ€™s liability depends on the lenderâ€™s agreement to release them.",,Regular,
Real Estate Licensing Exams,Salesperson and Broker License Exam,Tennessee Real Estate Exams,Tennessee Real Estate Practice Questions,,Which of the following pieces of information is REQUIRED in an internet advertisement or marketing website?,The firm's name and telephone number.,The firm's email address.,The firm's license number.,The address of the property being sold.,,,,A,"<h2>The firm's name and telephone number.</h2>
For an internet advertisement or marketing website, it is essential to include the firm's name and telephone number to ensure potential clients can easily identify and contact the business for inquiries or services.

<b>A) The firm's name and telephone number.</b>  
This choice is required as it provides vital contact information that facilitates communication between potential customers and the firm. Including the firm's name establishes brand identity, while the telephone number allows direct engagement, which is crucial for customer service and inquiries.

<b>B) The firm's email address.</b>  
While having an email address is beneficial for communication, it is not a mandatory requirement for internet advertisements or marketing websites. Advertisements can provide sufficient information through other contact methods, and an email address may be omitted without violating legal standards.

<b>C) The firm's license number.</b>  
Although a license number can lend credibility and trust, it is not universally required in advertising or marketing materials. Different industries have varying regulations regarding the necessity of displaying a license number, making it non-essential in all cases.

<b>D) The address of the property being sold.</b>  
While including the property address can enhance the advertisement, it is not a requirement for all marketing websites. Depending on the context, advertisements may focus on broader aspects of the service or firm rather than specific property details, making this information optional.

<b>Conclusion</b>  
In summary, an internet advertisement or marketing website must include the firm's name and telephone number as a fundamental requirement for effective communication and brand recognition. Other elements, such as an email address, license number, or property address, are useful but not mandatory, highlighting the importance of clear and accessible contact information for potential clients.",,Regular,
Real Estate Licensing Exams,Salesperson and Broker License Exam,Tennessee Real Estate Exams,Tennessee Real Estate Mock Test,,A licensee may advertise property in his or her own name only when the licensee,has the ownerÃ¢â‚¬â„¢s permission,owns the property and discloses they are a licensee,has at least a partial interest in the property,obtains a protective clause,,,,B,"<h2>A licensee may advertise property in his or her own name only when the licensee owns the property and discloses they are a licensee.</h2>  
In real estate, a licensee is permitted to advertise property in their own name only if they have ownership of the property and have made it clear that they hold a real estate license. This ensures transparency and compliance with legal advertising standards.

<b>A) has the owner's permission</b>  
While obtaining the owner's permission is important for ethical advertising practices, it does not fulfill the legal requirement for a licensee to advertise in their own name. Without ownership, the licensee cannot rightfully claim the property in their advertisements, regardless of permissions granted.

<b>C) has at least a partial interest in the property</b>  
Having a partial interest in the property may allow for certain advertising actions, but it does not satisfy the requirement to advertise in the licensee's own name. Ownership is crucial; partial interest does not equate to full ownership, which is necessary to advertise the property as one's own.

<b>D) obtains a protective clause</b>  
A protective clause may relate to various contractual terms that protect a party's interests, but it does not address the fundamental requirement of ownership to advertise property in one's own name. Such clauses are not relevant to the legal stipulation regarding advertising practices for licensees.

<b>Conclusion</b>  
In summary, licensees can only advertise property in their own name if they are the owners and disclose their status as licensees. This requirement safeguards the integrity of real estate transactions and ensures that potential buyers are fully informed about the representation of the property being advertised. Understanding these regulations is essential for compliance in the real estate industry.",,Regular,
Real Estate Licensing Exams,Salesperson and Broker License Exam,Tennessee Real Estate Exams,Tennessee Real Estate Practice Questions,,What clause in the mortgage loan allows this?,alienation clause,prepayment clause,condemnation clause,defeasance clause,,,,A,"<h2>Alienation clause allows the transfer of property ownership under specific conditions.</h2>  
An alienation clause in a mortgage agreement permits the lender to demand full repayment of the loan if the property is sold or transferred to another party. This clause protects the lender's interests by ensuring that they can review the creditworthiness of a new borrower, should the original borrower decide to sell the property.

<b>A) Alienation clause</b>  
This clause specifically addresses the transfer of ownership rights in the property. It gives the lender the authority to call the loan due if the property is sold or otherwise transferred, thereby controlling who can assume the mortgage obligation.

<b>B) Prepayment clause</b>  
A prepayment clause allows the borrower to pay off the loan ahead of schedule without facing a penalty. This clause does not relate to the transfer of property ownership; instead, it pertains to the borrower's ability to reduce their interest payments by settling the loan early.

<b>C) Condemnation clause</b>  
A condemnation clause protects the lender in the event that the property is taken by the government through eminent domain. While it deals with property rights, it does not address the transfer of ownership due to sale or other voluntary actions by the borrower.

<b>D) Defeasance clause</b>  
A defeasance clause typically provides that once the mortgage debt is fully paid, the lien on the property is removed. While it is related to the discharge of the mortgage, it does not influence the ability to transfer property ownership or the lender's rights in that scenario.

<b>Conclusion</b>  
The alienation clause is crucial in mortgage agreements as it governs the transfer of property ownership, allowing lenders to maintain control over who assumes the mortgage obligation. The other clauses, while important in their own rights, do not specifically address the transfer process or the lender's rights in the event of ownership change, reaffirming the alienation clause's unique role in mortgage contracts.",,Regular,
Real Estate Licensing Exams,Salesperson and Broker License Exam,Tennessee Real Estate Exams,Tennessee Real Estate Mock Test,,"A broker-in-charge believes that providing a handbook of company policies constitutes adequate training, as every associated licensee has had the required pre-license education in real estate, and all are operating as independent contractors. An associated licensee commits a fraud, but claims to not understand the situation due to lack of training, and blames the broker-in-charge. The broker-in-charge argues that it was the associateâ€™s responsibility to ask for the brokerâ€™s help if the associate was unsure about correct procedure. In this case, the",agent and the broker are both subject to discipline.,broker alone is subject to discipline for failing to train the companyâ€™s agents.,"broker will avoid disciplinary action, as training of independent contractors is not required.","associate alone is subject to discipline, as the fraud was a result of the associateâ€™s failure to seek counsel.",,,,A,"Both the broker and associate may face discipline, as the broker is responsible for supervision, per TREC rules.",,Regular,
Real Estate Licensing Exams,Salesperson and Broker License Exam,Tennessee Real Estate Exams,Tennessee Real Estate Practice Questions,,A lender requested that the entire loan balance be paid immediately because the property on which the loan was made had been sold. What clause in the mortgage loan allows this?,alienation clause,prepayment clause,condemnation clause,defeasance clause,,,,A,An alienation clause (due-on-sale clause) allows the lender to demand full repayment if the property is sold.,,Regular,
Real Estate Licensing Exams,Salesperson and Broker License Exam,Tennessee Real Estate Exams,Tennessee Real Estate Mock Test,,"A licensee terminates his affiliation with a brokerage firm and secures his signed release form on August 15. On August 30, the licensee completes the change of affiliation form and mails it, via certified mail, to the Commission. Did the licensee follow CORRECT procedure?",No. The principal broker should have been the one to complete the change of affiliation form and to submit the same to the Commission.,No. The licensee should have verbally notified the Commission of the termination the same day it occurred.,"No. The licensee should have mailed the change of affiliation form earlier, with the proper fee, so that it would have been received by the Commission by August 25.",Yes. The licensee followed the correct procedure for change of affiliation.,,,,C,"TREC rules require notification of a change in affiliation within 10 days of termination, which the licensee missed by mailing on August 30, 15 days later.",,Regular,
Real Estate Licensing Exams,Salesperson and Broker License Exam,Tennessee Real Estate Exams,Tennessee Real Estate Practice Questions,,"What kind of lease would require the lessee to pay the taxes, insurance, repairs, and other operating expenses of the premises in addition to the regular rental payment?",percentage lease,gross lease,graduated lease,net lease,,,,D,"A net lease requires the tenant to pay taxes, insurance, and maintenance in addition to rent.",,Regular,
Real Estate Licensing Exams,Salesperson and Broker License Exam,Tennessee Real Estate Exams,Tennessee Real Estate Mock Test,,Who is ultimately responsible for that error?,The administrative assistant.,The depositor of the funds.,The affiliate broker who accepted the funds.,The principal broker of the firm.,,,,D,"<h2>The principal broker of the firm is ultimately responsible for that error.</h2>  
The principal broker holds the ultimate accountability for all transactions and actions taken within the firm, including errors made during the handling of funds. This responsibility encompasses ensuring that all staff, including administrative assistants and affiliate brokers, adhere to the firm's policies and regulations.

<b>A) The administrative assistant.</b>  
While the administrative assistant may perform tasks related to the transaction, they typically operate under the direction of the principal broker. Their role is often limited to clerical functions, and they do not possess the overall authority or responsibility for the firm's financial decisions or errors.

<b>B) The depositor of the funds.</b>  
The depositor is responsible for providing the funds but does not bear any accountability for how those funds are managed once deposited. Their role is transactional, and they are not involved in the operational aspects of the firm that would influence error management.

<b>C) The affiliate broker who accepted the funds.</b>  
The affiliate broker may be involved in the transaction but acts under the guidance of the principal broker. While they may share in the responsibility for their specific actions, the ultimate accountability for errors lies with the principal broker, who oversees all operations and compliance within the firm.

<b>D) The principal broker of the firm.</b>  
The principal broker has the overarching responsibility for ensuring compliance with regulations and the proper handling of funds. This includes overseeing the actions of all subordinate staff, making them ultimately accountable for any errors that occur during transactions.

<b>Conclusion</b>  
In a firm, the principal broker assumes the highest level of responsibility for all operational errors, including those involving funds. While other parties may contribute to the process, the principal broker's role is to ensure that all procedures are followed correctly and that staff are properly trained and monitored. This accountability is crucial for maintaining trust and compliance in financial dealings.",,Regular,
Real Estate Licensing Exams,Salesperson and Broker License Exam,Tennessee Real Estate Exams,Tennessee Real Estate Practice Questions,,"The listing broker has been presented with multiple offers. The seller would accept only a cash offer on the home, so the broker will present",the highest cash offer to the seller,the highest offer to the seller,only cash offers to the seller,all offers to the seller,,,,D,"<h2>All offers to the seller.</h2>  
The listing broker is obligated to present all offers to the seller, including both cash and non-cash offers. This duty ensures that the seller can make an informed decision based on all available options, even if they have a preference for cash offers.

<b>A) The highest cash offer to the seller</b>  
While presenting the highest cash offer could be a logical choice if the seller is only interested in cash, the broker must still present all offers. This choice implies a selective presentation, which is not compliant with the broker's fiduciary duty to fully inform the seller.

<b>B) The highest offer to the seller</b>  
This option suggests that the broker would only present the best offer available, regardless of payment method. However, it fails to fulfill the broker's obligation to present all offers, thus potentially limiting the seller's options and not aligning with the requirement for full disclosure.

<b>C) Only cash offers to the seller</b>  
While the seller prefers cash offers, the broker cannot omit other offers from presentation. This choice disregards the broker's ethical duty to inform the seller of all options, which is crucial for making a well-rounded decision.

<b>D) All offers to the seller</b>  
This choice correctly reflects the broker's responsibility to present every offer received. By doing so, the seller retains the opportunity to evaluate and choose based on their specific criteria, including their preference for cash.

<b>Conclusion</b>  
In real estate transactions, brokers must present all offers to their clients to ensure transparency and informed decision-making. The seller may prioritize cash offers, but the broker's duty to showcase all proposals allows for a comprehensive understanding of the market, ensuring the seller can make the most advantageous choice based on all available information. This practice upholds ethical standards in real estate dealings.",,Regular,
Real Estate Licensing Exams,Salesperson and Broker License Exam,Tennessee Real Estate Exams,Tennessee Real Estate Mock Test,,"After writing a purchase contract on behalf of a buyer, the licensee leaves a copy with the buyer. The licensee then presents the offer to the seller, who accepts and signs it. The licensee MUST now give a copy of the offer to",the seller only.,the buyer only.,the seller and buyer.,his broker with the original to the seller.,,,,C,TREC rules require both the buyer and seller to receive copies of the signed contract.,,Regular,
Real Estate Licensing Exams,Salesperson and Broker License Exam,Tennessee Real Estate Exams,Tennessee Real Estate Practice Questions,,"The purchase price for a new home was $250,000. The buyer put down 20% and the balance was a mortgage for 80% of the purchase price. The appraised value at the time of closing was $261,000 and the assessed value was $266,000. What will the buyer pay for one yearâ€™s property taxes if the tax rate is 4%?","$10,000","$8,000","$10,640","$10,440",,,,C,"Property taxes are based on the assessed value: $266,000 X 4% = $10,640.",,Regular,
Real Estate Licensing Exams,Salesperson and Broker License Exam,Pennsylvania Real Estate Exams,Pennsylvania Real Estate Practice Test,,It would be appropriate for a healthcare professional to utilize MedWatch to:,file a complaint against another medical professional,report common side effects from an approved drug,file a complaint against a medical insurance company,report serious adverse effects from an approved drug,,,,D,"<h2>It would be appropriate for a healthcare professional to utilize MedWatch to report serious adverse effects from an approved drug.</h2>  
MedWatch is the FDA's reporting system designed specifically for healthcare professionals to report serious adverse events, product quality issues, and therapeutic failures associated with approved medical products. This system helps ensure patient safety and the efficacy of medications on the market.

<b>A) file a complaint against another medical professional</b>  
MedWatch is not intended for filing complaints against other healthcare providers. Such grievances typically fall under the jurisdiction of professional licensing boards or healthcare facilities rather than the FDA.

<b>B) report common side effects from an approved drug</b>  
While reporting side effects is important, MedWatch specifically focuses on serious adverse effects or unexpected issues rather than common, known side effects. Common side effects are usually well-documented in drug labeling and do not require FDA notification unless they become severe or unusual.

<b>C) file a complaint against a medical insurance company</b>  
Complaints against medical insurance companies are not within the scope of MedWatch's function. Issues with insurance providers are generally addressed through state insurance commissions or consumer advocacy groups rather than the FDA.

<b>D) report serious adverse effects from an approved drug</b>  
MedWatch is indeed the appropriate channel for reporting serious adverse effects from approved drugs. This allows the FDA to monitor drug safety continuously and take necessary actions, such as label changes or recalls, based on reported data.

<b>Conclusion</b>  
MedWatch serves as a critical tool for healthcare professionals to report serious adverse effects of approved drugs, thereby contributing to overall public health and safety. This system helps the FDA to identify potential risks associated with medications, ensuring that the benefits of drugs continue to outweigh their risks. Other options listed do not align with the purpose of MedWatch, reinforcing the importance of using this platform correctly for safety monitoring.",,Regular,
Real Estate Licensing Exams,Salesperson and Broker License Exam,Pennsylvania Real Estate Exams,Pennsylvania Real Estate License Prep,,Which of the following medications could be dispensed in place of Plavix if the prescriber has authorized generic substitution?,Clopidogrel,Prasugrel,Rivaroxaban,Warfarin,,,,A,"<h2>Clopidogrel can be dispensed in place of Plavix if the prescriber has authorized generic substitution.</h2>  
Clopidogrel is the generic name for Plavix, making it the direct equivalent that a pharmacist would dispense under a generic substitution authorization from the prescriber.

<b>A) Clopidogrel</b>  
Clopidogrel is the generic form of Plavix, and therefore directly substitutes for it as authorized by the prescriber. Since generics are chemically identical to their brand-name counterparts, they provide the same therapeutic effect and safety profile.

<b>B) Prasugrel</b>  
Prasugrel is a different medication that belongs to the same class of antiplatelet drugs as Plavix, but it is not a generic version of Plavix. While it serves a similar purpose in preventing blood clots, it has different pharmacokinetics and indications, thus cannot substitute for Plavix.

<b>C) Rivaroxaban</b>  
Rivaroxaban is an anticoagulant, not an antiplatelet medication like Plavix. It works through a different mechanism by inhibiting factor Xa in the coagulation cascade. Because of its different use and mechanism, it is not an appropriate substitute for Plavix.

<b>D) Warfarin</b>  
Warfarin is another anticoagulant that functions differently from Plavix, which is an antiplatelet agent. Warfarin affects the vitamin K cycle and is used for different indications, making it unsuitable as a substitute for Plavix in clinical practice.

<b>Conclusion</b>  
In summary, Clopidogrel is the only medication listed that can be dispensed as a generic equivalent to Plavix when authorized by the prescriber. The other options, while related to anticoagulation therapy, differ significantly in their mechanisms and indications, reinforcing that only the generic form of Plavix qualifies for substitution.",,Regular,
Real Estate Licensing Exams,Salesperson and Broker License Exam,Pennsylvania Real Estate Exams,Pennsylvania Real Estate Practice Test,,"When used on a prescription, 'UTI' refers to a particular:",diagnosis,dosing regimen,route of administration,time of day,,,,A,"<h2>'UTI' refers to a particular diagnosis.</h2>  
In medical terminology, 'UTI' stands for urinary tract infection, which is a specific condition diagnosed by healthcare professionals. This abbreviation is commonly used in prescriptions to indicate the health issue that requires treatment.

<b>A) diagnosis</b>  
A urinary tract infection (UTI) is indeed a medical diagnosis characterized by the presence of bacteria in the urinary tract, leading to symptoms such as burning during urination and increased urgency. This diagnosis necessitates appropriate medical treatment, often prescribed through medication.

<b>B) dosing regimen</b>  
A dosing regimen refers to the specific schedule and amount of medication to be administered to a patient. While a UTI may require a certain dosing regimen for antibiotics, the term 'UTI' itself does not convey information about how often or how much medication is to be taken.

<b>C) route of administration</b>  
The route of administration indicates how a medication is delivered to the patient, such as orally, intravenously, or topically. 'UTI' does not specify any method of administering treatment; it purely indicates the diagnosis that requires attention.

<b>D) time of day</b>  
The time of day refers to when a medication should be taken, which can vary based on the medication type and patient needs. However, 'UTI' does not imply any specific timing for medication administration; it solely identifies the condition requiring treatment.

<b>Conclusion</b>  
'UTI' is an abbreviation that specifically denotes a diagnosis of urinary tract infection in a medical context. While it is crucial for determining the treatment approach, it does not relate to dosing regimens, routes of administration, or timing. Understanding this distinction is vital for accurate communication in healthcare settings and effective patient care.",,Regular,
Real Estate Licensing Exams,Salesperson and Broker License Exam,Pennsylvania Real Estate Exams,Pennsylvania Real Estate License Prep,,Caduet is a combination of amlodipine and:,atorvastatin,olmesartan,losartan,simvastatin,,,,A,"<h2>Caduet is a combination of amlodipine and atorvastatin.</h2>  
Caduet is specifically formulated as a combination medication that includes amlodipine, which is a calcium channel blocker, and atorvastatin, a statin used to lower cholesterol levels. This combination helps manage hypertension and hyperlipidemia effectively in patients.

<b>A) atorvastatin</b>  
Atorvastatin is the correct answer because it is the active ingredient combined with amlodipine in Caduet. This pairing is designed to provide dual action for managing both blood pressure and cholesterol levels, making it a comprehensive treatment option for patients.

<b>B) olmesartan</b>  
Olmesartan is an angiotensin II receptor blocker (ARB) used to treat high blood pressure, but it is not part of the Caduet formulation. While it also addresses hypertension, it is not combined with amlodipine in this specific medication.

<b>C) losartan</b>  
Losartan is another ARB that is effective for managing hypertension; however, like olmesartan, it is not included in Caduet. This medication does not feature losartan as part of its composition, focusing instead on the combination of amlodipine and atorvastatin.

<b>D) simvastatin</b>  
Simvastatin is a statin similar to atorvastatin, but it is not the medication paired with amlodipine in Caduet. The specific combination of amlodipine and atorvastatin is designed for particular pharmacological synergy, whereas simvastatin lacks this pairing in Caduet.

<b>Conclusion</b>  
Caduet uniquely combines amlodipine and atorvastatin to offer an effective treatment for patients dealing with both hypertension and elevated cholesterol levels. The specific choice of atorvastatin is crucial for the drug's efficacy, as it directly targets cholesterol reduction, while the other options, although related to blood pressure and cholesterol management, do not form part of this specific combination therapy.",,Regular,
Real Estate Licensing Exams,Salesperson and Broker License Exam,Pennsylvania Real Estate Exams,Pennsylvania Real Estate Practice Test,,A pharmacy technician is compounding with a toxic substance some of which splashes onto their skin. The most appropriate next step for the technician to take is to:,flush the affected area with large volumes of cold water.,rinse the affected area with hydrogen peroxide.,wash the affected area with normal saline.,wrap the affected area with a clean towel.,,,,A,"<h2>Flush the affected area with large volumes of cold water.</h2>  
The immediate response to any chemical splash injury is to thoroughly flush the affected area with water to dilute and remove the toxic substance from the skin. This approach minimizes potential skin damage and reduces the risk of systemic absorption of the toxin.

<b>A) Flush the affected area with large volumes of cold water.</b>  
This is the correct response, as flushing the area with large volumes of water helps to effectively remove the toxic substance and prevent further skin damage. Cold water is typically recommended because it can help alleviate pain and discomfort associated with chemical burns.

<b>B) Rinse the affected area with hydrogen peroxide.</b>  
Using hydrogen peroxide is not appropriate for chemical exposures. This substance can cause further irritation or damage to the skin rather than effectively neutralizing or removing the toxic material. Water is the safest and most effective choice for decontaminating the skin.

<b>C) Wash the affected area with normal saline.</b>  
While normal saline may be used in some medical situations, it is not the first choice for removing a toxic substance from the skin. Water is more effective in diluting and washing away the contaminant, making it the preferred option for immediate decontamination.

<b>D) Wrap the affected area with a clean towel.</b>  
Wrapping the affected area may trap the toxic substance against the skin, increasing the risk of injury and systemic absorption. Immediate washing with water is crucial, and covering the area should only be considered after thorough rinsing and when necessary to protect it from further exposure.

<b>Conclusion</b>  
In cases of chemical exposure, the priority is to immediately flush the affected skin area with large volumes of cold water. This method effectively removes toxins, minimizes damage, and promotes healing. Other methods, such as using hydrogen peroxide, saline, or simply wrapping the area, do not provide the same level of safety and efficacy in managing chemical splashes.",,Regular,
Real Estate Licensing Exams,Salesperson and Broker License Exam,Pennsylvania Real Estate Exams,Pennsylvania Real Estate License Prep,,"If 500 mg of a drug is used to prepare 80 mL of a syrup, how much of the drug in mg is contained in each teaspoonful dose?",6.25,18.75,31.25,93.75,,,,C,"<h2>Each teaspoonful dose contains 31.25 mg of the drug.</h2>  
To find the amount of drug in each teaspoonful dose, we first determine the concentration of the drug in the syrup and then calculate the amount per teaspoon. With 500 mg of the drug in 80 mL of syrup, each teaspoon (approximately 5 mL) contains 31.25 mg of the drug.

<b>A) 6.25</b>  
This choice represents an incorrect calculation. If we mistakenly divide the total drug amount by 80 mL without considering the teaspoon volume, we would arrive at a much smaller quantity. The correct amount per teaspoon needs to account for the actual volume of syrup being measured.

<b>B) 18.75</b>  
This option also reflects an incorrect understanding of the calculation. One might arrive at this number by calculating the amount per milliliter and then incorrectly applying it to the total volume. However, the calculation must be based on the teaspoon measurement specifically.

<b>C) 31.25</b>  
This choice accurately reflects the correct calculation. By finding the concentration (500 mg / 80 mL = 6.25 mg/mL) and then multiplying by the volume of a teaspoon (5 mL), we get 31.25 mg (6.25 mg/mL * 5 mL), which is the correct amount of drug in each teaspoonful dose.

<b>D) 93.75</b>  
This answer suggests an overestimation of the drug per teaspoonful. It may arise from mistakenly multiplying the total drug amount instead of calculating the per teaspoon value. The amount in a single teaspoonful cannot exceed the total drug available in 80 mL, which is why this choice is incorrect.

<b>Conclusion</b>  
The calculation of drug concentration in a syrup is crucial for determining proper dosing. In this case, each teaspoonful dose contains 31.25 mg of the drug, derived from the total amount of 500 mg in 80 mL of syrup. The incorrect choices stem from misunderstandings or miscalculations of volume and concentration, highlighting the importance of accurate dosing in pharmaceutical preparations.",,Regular,
Real Estate Licensing Exams,Salesperson and Broker License Exam,Pennsylvania Real Estate Exams,Pennsylvania Real Estate Practice Test,,A patient has a prescription filled for Benicar. Which disease state should be noted in the patient's profile?,Hypertension,Diabetes,Hypothyroid,Hypercholesterolemia,,,,A,"<h2>Hypertension should be noted in the patient's profile.</h2>  
Benicar, also known as olmesartan, is primarily prescribed for the treatment of hypertension, which is high blood pressure. It helps to lower blood pressure by blocking the action of certain chemicals in the body that constrict blood vessels, thus improving blood flow.

<b>A) Hypertension</b>  
This is the correct choice, as Benicar is specifically indicated for the management of hypertension. By reducing blood pressure, it helps prevent complications such as heart attack and stroke, making it essential to note this condition in the patient's medical profile.

<b>B) Diabetes</b>  
While diabetes can lead to cardiovascular complications, Benicar is not primarily used for managing blood sugar levels. It does not directly treat diabetes; thus, this condition is not relevant to the indication for Benicar and should not be noted in the patient's profile regarding this medication.

<b>C) Hypothyroid</b>  
Hypothyroidism involves an underactive thyroid which affects metabolism but is unrelated to the action of Benicar. This condition does not impact the use of olmesartan, making it irrelevant in the context of the patient's prescription for hypertension.

<b>D) Hypercholesterolemia</b>  
Hypercholesterolemia refers to high cholesterol levels, which are typically managed with statins or other lipid-lowering medications. Benicar does not address cholesterol levels, so it should not be included in the patient's profile concerning the use of this antihypertensive medication.

<b>Conclusion</b>  
Benicar is specifically utilized for treating hypertension, making it imperative to note this disease state in the patient's profile. The other conditions listed—diabetes, hypothyroidism, and hypercholesterolemia—are not directly addressed by this medication and do not need to be recorded in relation to its use. Understanding the primary indications for prescribed medications is crucial for optimal patient care and management.",,Regular,
Real Estate Licensing Exams,Salesperson and Broker License Exam,Pennsylvania Real Estate Exams,Pennsylvania Real Estate License Prep,,"According to the DEA, electronic prescription records for controlled substances must be maintained for how long, in years?",31-Dec,01-January,02-Jan,03-January,,,,B,"<h2>Electronic prescription records for controlled substances must be maintained for 2 years according to the DEA.</h2>  
The DEA mandates that electronic prescription records for controlled substances be kept for a minimum of two years to ensure proper tracking and accountability within the pharmaceutical distribution system.

<b>A) 1</b>  
Maintaining records for only one year would not fulfill the DEA's requirement for monitoring controlled substances. A one-year retention period is insufficient for ensuring that prescriptions can be adequately reviewed and audited for compliance and safety concerns.

<b>B) 2</b>  
This choice accurately reflects the DEA's regulation requiring that electronic prescription records for controlled substances be maintained for two years. This period allows for effective oversight and helps prevent misuse or diversion of these substances.

<b>C) 3</b>  
While a three-year retention period might seem reasonable, it exceeds the DEA's established requirement. Maintaining records for three years is not necessary for compliance, and could impose unnecessary burdens on pharmacies and prescribers without added benefit.

<b>D) 4</b>  
A four-year retention period is also longer than mandated by the DEA. Similar to the three-year option, this choice complicates compliance without providing additional value in terms of monitoring or regulatory oversight for controlled substance prescriptions.

<b>Conclusion</b>  
The DEA stipulates a two-year retention period for electronic prescription records of controlled substances, ensuring that there is a sufficient timeframe for oversight and accountability. Options A, C, and D either fall short or surpass this requirement, emphasizing the importance of adhering to the established regulations in order to maintain compliance within the pharmaceutical industry.",,Regular,
Real Estate Licensing Exams,Salesperson and Broker License Exam,Pennsylvania Real Estate Exams,Pennsylvania Real Estate Practice Test,,If a drug dose is 50 mcg how many doses are contained in 0.01 g?,2,20,200,2000,,,,C,"<h2>There are 200 doses of 50 mcg in 0.01 g.</h2>  
To determine how many doses of a drug are in a given mass, convert the mass from grams to micrograms and then divide by the dose amount. Since 0.01 g equals 10,000 mcg, dividing this by the dose of 50 mcg yields 200 doses.

<b>A) 2</b>  
This choice represents an incorrect calculation. If you were to divide 10,000 mcg by 50 mcg, you would not arrive at 2. Instead, 2 doses would only correspond to 100 mcg, which is far less than the available 10,000 mcg.

<b>B) 20</b>  
This choice underestimates the number of doses. If you calculated 20 doses, that would imply a total mass of 1,000 mcg (20 doses multiplied by 50 mcg), which is still significantly less than 10,000 mcg present in 0.01 g.

<b>C) 200</b>  
This choice is correct because when you convert 0.01 g to micrograms, it equals 10,000 mcg. Dividing this by the dose of 50 mcg gives 200 doses (10,000 mcg ÷ 50 mcg = 200).

<b>D) 2000</b>  
This choice incorrectly suggests an excessive number of doses. If you had 2000 doses of 50 mcg, that would amount to 100,000 mcg, which exceeds the total available in 0.01 g. 

<b>Conclusion</b>  
In summary, when calculating the number of doses from a given mass, it is essential to convert units correctly and perform the division accurately. The correct calculation shows that 0.01 g, equivalent to 10,000 mcg, contains 200 doses of 50 mcg each. Understanding unit conversions and arithmetic operations is crucial for accurate dosage calculations in pharmacology.",,Regular,
Real Estate Licensing Exams,Salesperson and Broker License Exam,Pennsylvania Real Estate Exams,Pennsylvania Real Estate License Prep,,A prescription calls for one capsule of a medication to be administered PO a.c. daily for 14 days. What directions should appear on the label?,Take one capsule by mouth daily for 14 days,Take one capsule by mouth after a meal once daily for 14 days,Take one capsule by mouth before a meal once daily for 14 days,Take one capsule by mouth with a meal once daily for 14 days,,,,C,"<h2>Take one capsule by mouth before a meal once daily for 14 days.</h2>  
The prescription indicates that the medication should be taken ""PO a.c.,"" which specifically means ""by mouth before meals."" This timing is crucial for ensuring optimal absorption and effectiveness of the medication.

<b>A) Take one capsule by mouth daily for 14 days</b>  
This option lacks the critical detail regarding the timing of the dose. While it correctly states the duration and method of administration, it does not specify that the capsule should be taken before meals, which is essential for proper medication effectiveness.

<b>B) Take one capsule by mouth after a meal once daily for 14 days</b>  
This choice incorrectly indicates that the capsule should be taken after meals. The prescription specifies ""a.c."" which means before meals. Taking the medication after meals could hinder its effectiveness, depending on the nature of the medication.

<b>C) Take one capsule by mouth before a meal once daily for 14 days</b>  
This option accurately reflects the instructions given in the prescription. It specifies both the method of administration and the important timing before meals, which is necessary for the medication's proper function.

<b>D) Take one capsule by mouth with a meal once daily for 14 days</b>  
This choice suggests taking the medication with meals, which is not aligned with the prescription's directive. ""a.c."" clearly indicates that it should be ingested before meals, and taking it with food may affect absorption rates negatively.

<b>Conclusion</b>  
In summary, the precise timing of medication administration is crucial, as indicated in the prescription. The correct instruction, ""Take one capsule by mouth before a meal once daily for 14 days,"" ensures that the medication is used effectively, adhering to the specified guidelines. All other options misinterpret the timing, which could lead to reduced efficacy of the treatment.",,Regular,
Real Estate Licensing Exams,Salesperson and Broker License Exam,Pennsylvania Real Estate Exams,Pennsylvania Real Estate Practice Test,,Which of the following statements is true regarding the use of gloves in healthcare settings?,Gloves should be washed between tasks and reused,The integrity of latex gloves is not affected by hand lotion,Wearing gloves does not replace the need for hand hygiene,Gloves provide complete protection against hand contamination,,,,C,"<h2>Wearing gloves does not replace the need for hand hygiene.</h2>  
Even when gloves are worn in healthcare settings, proper hand hygiene is still essential before and after glove use to minimize the risk of infection and contamination. Gloves can have microscopic tears or may become contaminated during procedures, so hand hygiene remains a critical practice.

<b>A) Gloves should be washed between tasks and reused</b>  
Washing gloves between tasks is not recommended as it can lead to the spread of contaminants and compromise the integrity of the gloves. Gloves are designed for single use, and reusing them, even after washing, can create a false sense of security and increase the risk of cross-contamination.

<b>B) The integrity of latex gloves is not affected by hand lotion</b>  
The integrity of latex gloves can indeed be compromised by hand lotions or creams, which can degrade the material and increase the likelihood of tears or leaks. Therefore, it is essential to ensure that hands are clean and dry before donning latex gloves to maintain their protective barrier.

<b>D) Gloves provide complete protection against hand contamination</b>  
While gloves provide a barrier against many contaminants, they do not offer complete protection. They can be punctured or torn, and pathogens can be transferred onto the hands if gloves are removed improperly. Thus, gloves should always be used in conjunction with proper hand hygiene practices for effective infection control.

<b>Conclusion</b>  
In healthcare settings, while gloves are a critical component of personal protective equipment, they cannot replace the necessity of hand hygiene. Proper handwashing before and after glove use remains vital to prevent the transmission of infections. Understanding the limitations of gloves, including their potential for contamination and material degradation, emphasizes the importance of diligent hand hygiene practices in maintaining a safe healthcare environment.",,Regular,
Real Estate Licensing Exams,Salesperson and Broker License Exam,Pennsylvania Real Estate Exams,Pennsylvania Real Estate License Prep,,A technician uses 288 g of salicylic acid to prepare 16 eight oz jars of salicylic acid in white petrolatum. What is the concentration of salicylic acid in the final product?,6.25%,7.50%,15%,20%,,,,B,"<h2>The concentration of salicylic acid in the final product is 7.50%.</h2>  
To find the concentration, we first need to determine the total volume of the final product and then calculate the percentage of salicylic acid in that volume. The total volume from 16 eight oz jars is 128 oz, which when converted to grams using the density of petrolatum, allows us to calculate that 288 g of salicylic acid constitutes 7.50% of the total mixture.

<b>A) 6.25%</b>  
This concentration suggests that salicylic acid makes up 6.25% of the total weight of the final product. However, calculating based on the total weight yields a concentration of 7.50%, indicating that 6.25% is lower than the actual percentage of salicylic acid present.

<b>B) 7.50%</b>  
This value accurately reflects the proportion of salicylic acid in the final mixture. By dividing the mass of salicylic acid (288 g) by the total weight of the product and converting to a percentage, we find that salicylic acid comprises 7.50% of the final product, confirming this choice as correct.

<b>C) 15%</b>  
A concentration of 15% indicates that salicylic acid constitutes a significantly larger portion of the total weight than it actually does. Given the total weight of the mixture, 15% would imply an even greater amount of salicylic acid than provided, making this option incorrect.

<b>D) 20%</b>  
This concentration implies that salicylic acid comprises 20% of the total weight, which is again higher than the calculated percentage. The mass of salicylic acid would need to be much greater to achieve this concentration, thus rendering this option invalid.

<b>Conclusion</b>  
The concentration of salicylic acid in the final mixture is determined to be 7.50%, accurately reflecting the ratio of salicylic acid to the total weight of the product. The incorrect options either underestimate or overestimate this percentage, highlighting the importance of precise calculations in determining concentrations in pharmaceutical preparations.",,Regular,
Real Estate Licensing Exams,Salesperson and Broker License Exam,Pennsylvania Real Estate Exams,Pennsylvania Real Estate Practice Test,,"A prescription is written for cyanocobalamin 1000 Ã‚Âµg IM monthly. According to the Institute for Safe Medication Practices (ISMP), a safer way to write the dose is:",1000 mcg,0.01 mg,10 mg,1000 mg,,,,A,"<h2>1000 mcg</h2>  
Writing the dose as 1000 mcg avoids confusion with other units of measurement, ensuring accuracy in medication administration. The abbreviation ""mcg"" for micrograms is widely recognized and minimizes the risk of misinterpretation that can occur with other units.

<b>A) 1000 mcg</b>  
This choice uses the correct and clearly understood abbreviation for micrograms, which is the appropriate unit for the dosage of cyanocobalamin. By writing it as 1000 mcg, the prescription adheres to ISMP recommendations, promoting clarity and safety in medication dosing.

<b>B) 0.01 mg</b>  
While 0.01 mg is mathematically equivalent to 1000 mcg, using milligrams can lead to confusion, particularly since many healthcare providers are more accustomed to working with micrograms in the context of vitamin B12 prescriptions. This representation might not be as readily recognized as the standard microgram notation.

<b>C) 10 mg</b>  
This choice incorrectly converts the dosage to milligrams, suggesting a tenfold increase in the dose. Such an error could lead to serious medication overdoses, and it does not conform to the intended microgram dosing for cyanocobalamin.

<b>D) 1000 mg</b>  
This option significantly overstates the amount of cyanocobalamin, indicating a dosage of one gram, which is not clinically appropriate. Such a high dosage would not only be incorrect but could also pose severe health risks to the patient.

<b>Conclusion</b>  
Choosing the notation of 1000 mcg for the cyanocobalamin prescription ensures clarity and safety, aligning with best practices recommended by the ISMP. Utilizing the microgram abbreviation minimizes the risk of miscommunication and potential dosing errors, making it the most appropriate choice for accurate medication administration.",,Regular,
Real Estate Licensing Exams,Salesperson and Broker License Exam,Pennsylvania Real Estate Exams,Pennsylvania Real Estate License Prep,,Which of the following is most likely to be used as a substitute if the non-formulary drug is escitalopram?,Cabergoline,Ciprofloxacin,Sertraline,Amantadine,,,,C,"<h2>Sertraline is most likely to be used as a substitute if the non-formulary drug is escitalopram.</h2>  
Sertraline is a selective serotonin reuptake inhibitor (SSRI) like escitalopram, making it the most appropriate alternative for treating similar conditions such as depression and anxiety disorders.

<b>A) Cabergoline</b>  
Cabergoline is a dopamine agonist primarily used to treat conditions related to hyperprolactinemia and Parkinson's disease. It does not share the same mechanism of action as escitalopram or sertraline, which are both SSRIs, and thus would not be an appropriate substitute for mood or anxiety disorders.

<b>B) Ciprofloxacin</b>  
Ciprofloxacin is an antibiotic used to treat various bacterial infections. It operates through a completely different pharmacological mechanism compared to escitalopram and sertraline, which are focused on serotonin levels in the brain. Therefore, ciprofloxacin cannot serve as a substitute for escitalopram.

<b>C) Sertraline</b>  
As mentioned, sertraline is an SSRI, similar to escitalopram, and is commonly prescribed for depression and anxiety disorders. Its comparable pharmacological profile makes it the best substitute among the options provided, as it targets similar neurotransmitter pathways.

<b>D) Amantadine</b>  
Amantadine is an antiviral medication often used for Parkinson's disease and certain viral infections. Although it may have some effects on neurotransmitters, it does not function as an SSRI and therefore does not serve as an appropriate substitute for escitalopram.

<b>Conclusion</b>  
When selecting a substitute for escitalopram, it is crucial to consider the drug's mechanism of action and therapeutic uses. Sertraline, as an SSRI, shares these properties and is the most fitting alternative for treating similar conditions. The other options—cabergoline, ciprofloxacin, and amantadine—do not align with the intended therapeutic effects of escitalopram, making them unsuitable substitutes.",,Regular,
Real Estate Licensing Exams,Salesperson and Broker License Exam,Pennsylvania Real Estate Exams,Pennsylvania Real Estate Practice Test,,Which of the following is an example of a therapeutic duplication?,Prescribing ibuprofen and acetaminophen together,Prescribing two different statins for cholesterol,Prescribing two different beta-blockers for hypertension,Prescribing two different ACE inhibitors for heart failure,,,,C,"<h2>Prescribing two different beta-blockers for hypertension is an example of therapeutic duplication.</h2>  
Therapeutic duplication occurs when a patient is prescribed multiple medications from the same class that serve the same therapeutic purpose. In this case, both beta-blockers would work to reduce blood pressure, leading to unnecessary overlap in treatment.

<b>A) Prescribing ibuprofen and acetaminophen together</b>  
This choice describes a common practice known as ""adjunct therapy,"" where two different classes of medications are used concurrently for pain relief. Ibuprofen is a non-steroidal anti-inflammatory drug (NSAID), while acetaminophen is an analgesic. Their combined use can provide enhanced pain control without overlapping mechanisms or therapeutic effects.

<b>B) Prescribing two different statins for cholesterol</b>  
This scenario involves the use of two different statins, which are also from the same class of cholesterol-lowering medications. However, prescribing different statins is not considered therapeutic duplication, as they may have different effects on lipid profiles and side effect profiles. It may be an attempt to achieve better control of cholesterol levels rather than duplicating therapy.

<b>C) Prescribing two different beta-blockers for hypertension</b>  
This option exemplifies therapeutic duplication, as both medications belong to the same class of drugs intended to lower blood pressure. Using two beta-blockers could increase the risk of side effects without providing additional therapeutic benefit, making it an inappropriate clinical decision.

<b>D) Prescribing two different ACE inhibitors for heart failure</b>  
Similar to choice B, prescribing two different ACE inhibitors would not be therapeutic duplication, as they can have varying effects and tolerability. The clinical rationale may include managing heart failure more effectively, thus avoiding redundant therapy within the same class.

<b>Conclusion</b>  
Therapeutic duplication can lead to unnecessary exposure to medication side effects without enhancing clinical outcomes. In this case, prescribing two different beta-blockers for hypertension clearly illustrates therapeutic duplication, while the other options reflect appropriate use of different medications or classes for distinct therapeutic benefits. Understanding these distinctions is crucial for optimizing patient care and minimizing medication-related risks.",,Regular,
Real Estate Licensing Exams,Salesperson and Broker License Exam,Pennsylvania Real Estate Exams,Pennsylvania Real Estate License Prep,,What is the correct first dose in mg for a 3 year old child weighing 36 pounds if the recommended dose is 5 mg/kg/day in divided doses q8h?,27,60,82,180,,,,A,"<h2>27 mg is the correct first dose for a 3-year-old child weighing 36 pounds.</h2>  
To find the correct dosage, we first need to convert the child's weight from pounds to kilograms. Since 1 kilogram equals approximately 2.2 pounds, we divide 36 pounds by 2.2 to get around 16.36 kg. The recommended dose is 5 mg/kg/day, so we multiply 16.36 kg by 5 mg, which gives about 81.8 mg per day. Dividing this by 3 (since the medication is taken every 8 hours) results in approximately 27 mg per dose.

<b>A) 27</b>  
This is the correct choice. The calculation shows that the appropriate first dose for the child, based on their weight and the recommended dosage, comes out to be 27 mg when divided into three doses throughout the day.

<b>B) 60</b>  
Choosing 60 mg would significantly exceed the recommended dosage for the child's weight. The calculation shows that the total daily dosage should be 81.8 mg, and dividing it into three doses results in approximately 27 mg per dose, making 60 mg inappropriate and potentially harmful.

<b>C) 82</b>  
This option also exceeds the safe and calculated dosage. While the total daily dose is 81.8 mg, dividing it correctly for the 8-hour intervals gives a maximum of 27 mg per dose, indicating that 82 mg would not only be unsafe but also not based on the proper weight and dosage calculations.

<b>D) 180</b>  
This choice represents a dangerously high dosage. The calculated proper dosage indicates that only 27 mg should be administered per dose, making 180 mg excessively over the recommended amount and risking serious side effects or toxicity.

<b>Conclusion</b>  
Calculating the correct dosage for medication is crucial for patient safety, especially in pediatric care. For this child weighing 36 pounds, the proper first dose of 27 mg is derived from a careful assessment of weight in kilograms and the recommended dosage per kilogram. The other options present significantly higher dosages that could lead to adverse effects, emphasizing the importance of accurate calculations in medical dosing.",,Regular,
Real Estate Licensing Exams,Salesperson and Broker License Exam,Pennsylvania Real Estate Exams,Pennsylvania Real Estate Practice Test,,Sitagliptin (Januvia) is a drug used in the treatment of:,schizophrenia.,Parkinson's disease.,type 2 diabetes.,type 1 diabetes.,,,,C,"<h2>Sitagliptin (Januvia) is a drug used in the treatment of type 2 diabetes.</h2>  
Sitagliptin is an oral hypoglycemic agent that belongs to the class of DPP-4 inhibitors, specifically designed to improve glycemic control in adults with type 2 diabetes by increasing incretin levels, which helps regulate blood sugar levels.

<b>A) schizophrenia.</b>  
Sitagliptin is not indicated for treating schizophrenia, a mental health disorder characterized by delusions and hallucinations. Treatments for schizophrenia typically involve antipsychotic medications, which target different neurotransmitter systems than those affected by sitagliptin.

<b>B) Parkinson's disease.</b>  
Parkinson's disease is a neurodegenerative disorder primarily affecting movement control. Sitagliptin does not address the underlying causes or symptoms of Parkinson's disease, as it is not designed to influence dopamine levels or motor function.

<b>C) type 2 diabetes.</b>  
Sitagliptin specifically targets the management of type 2 diabetes by enhancing the body's own ability to lower blood sugar levels in response to meals. It is used as part of a comprehensive diabetes treatment plan, which may include diet and exercise.

<b>D) type 1 diabetes.</b>  
Type 1 diabetes is an autoimmune condition where the pancreas produces little to no insulin. Sitagliptin is not suitable for type 1 diabetes management, as it relies on the presence of some pancreatic function to enhance insulin secretion, which is absent in type 1 diabetes.

<b>Conclusion</b>  
Sitagliptin is explicitly approved for the treatment of type 2 diabetes, making it a vital option for managing this condition. Its mechanism of action is tailored to improve glycemic control in patients with type 2 diabetes, while it is ineffective and inappropriate for other conditions such as schizophrenia, Parkinson's disease, or type 1 diabetes. Understanding the specific uses of medications like sitagliptin is crucial for effective diabetes management.",,Regular,
Real Estate Licensing Exams,Salesperson and Broker License Exam,Pennsylvania Real Estate Exams,Pennsylvania Real Estate License Prep,,According to the manufacturer which of the following medications remains stable for a maximum of four months after the original bottle is opened?,Lunesta tablets,Latuda tablets,Pradaxa capsules,Prozac capsules,,,,C,"<h2>Pradaxa capsules remain stable for a maximum of four months after the original bottle is opened.</h2>  
According to the manufacturer's guidelines, Pradaxa capsules have a specified stability period of four months once the bottle is opened, ensuring effectiveness and safety during that time frame.

<b>A) Lunesta tablets</b>  
Lunesta tablets do not have a specific stability period that matches the four-month guideline set for Pradaxa. Typically, the stability of Lunesta after opening is less defined, and the manufacturer may recommend using it within a shorter timeframe to maintain efficacy.

<b>B) Latuda tablets</b>  
Latuda tablets also do not have a four-month stability period after opening. While they have a shelf life, once the bottle is opened, the manufacturer advises that the medication should be used within a specified time frame that is shorter than four months, to ensure optimal potency and safety.

<b>D) Prozac capsules</b>  
Prozac capsules have different storage and stability recommendations. The manufacturer specifies that after opening, Prozac should be used within a certain period, but it is generally advised to be used sooner than four months to ensure effectiveness and prevent degradation.

<b>Conclusion</b>  
In summary, among the medications listed, only Pradaxa capsules are clearly indicated by the manufacturer to remain stable for a maximum of four months after the original bottle is opened. The other options have different stability guidelines that require shorter usage periods after opening to ensure their safety and efficacy. Understanding these specifics is crucial for proper medication management.",,Regular,
Real Estate Licensing Exams,Salesperson and Broker License Exam,Pennsylvania Real Estate Exams,Pennsylvania Real Estate Practice Test,,A pharmacy technician receives a prescription for guaifenesin DM 1 tsp PO q.i.d. x 10 days. The technician prints a label that reads: Guaifenesin Take 10 mL by mouth two times a day for 10 days. What is the total number of errors this label contains?,1,2,3,4,,,,B,"<h2>The label contains 2 errors.</h2>  
The label incorrectly states the dosage frequency and the volume to be taken. The prescription specifies taking guaifenesin DM 1 tsp (which is equivalent to 5 mL) four times a day (q.i.d.), while the label indicates taking 10 mL two times a day.

<b>A) 1</b>  
This choice suggests there is only one error on the label. However, upon reviewing the discrepancies, both the frequency and the dosage amount are incorrect, indicating more than one error.

<b>B) 2</b>  
This is the correct choice as the label misrepresents both the dosage (10 mL instead of 5 mL) and the frequency (two times a day instead of four). Both errors need to be recognized to ensure patient safety and proper medication administration.

<b>C) 3</b>  
This option suggests there are three errors, which is inaccurate. The two identified errors regarding dosage amount and frequency are the only discrepancies present in the label. There are no additional errors to account for.

<b>D) 4</b>  
This choice implies that there are four errors, which is incorrect. The label contains only two clear errors. There are no further discrepancies that would warrant such a high count of errors.

<b>Conclusion</b>  
In analyzing the label against the prescription, it is evident that the total number of errors is two: an incorrect dosage amount and an incorrect frequency of administration. Accurate labeling is crucial in pharmacy practice to prevent medication errors and ensure patient safety.",,Regular,
Real Estate Licensing Exams,Salesperson and Broker License Exam,Pennsylvania Real Estate Exams,Pennsylvania Real Estate License Prep,,An incorrect medication error would occur if a pharmacy substituted:,atomoxetine for Strattera,duloxetine for Cymbalta,memantine for Namenda,fluoxetine for Paxil,,,,D,"<h2>Fluoxetine for Paxil would be an incorrect medication error.</h2>  
Fluoxetine and Paxil (paroxetine) are both selective serotonin reuptake inhibitors (SSRIs), but they are distinct medications with different indications, side effects, and interactions. Substituting one for the other could lead to adverse effects or ineffective treatment for the patient.

<b>A) Atomoxetine for Strattera</b>  
Atomoxetine is the generic name for Strattera, which means substituting atomoxetine for Strattera is not an error. Both names refer to the same medication used for treating attention deficit hyperactivity disorder (ADHD), thus making this substitution appropriate and correct.

<b>B) Duloxetine for Cymbalta</b>  
Duloxetine is the generic name for Cymbalta, indicating that this substitution is also not an error. Both refer to the same medication used primarily for major depressive disorder and generalized anxiety disorder, making this choice correct and acceptable.

<b>C) Memantine for Namenda</b>  
Memantine is the generic name for Namenda, signifying that substituting memantine for Namenda is not an error. This replacement is valid as both labels refer to the same medication used to treat Alzheimer's disease, ensuring that this option is correct.

<b>D) Fluoxetine for Paxil</b>  
Fluoxetine (Prozac) and Paxil (paroxetine) are separate medications despite both being SSRIs. Each has different pharmacokinetics and side effect profiles. Incorrectly switching one for the other could lead to ineffective treatment or increased side effects, making this substitution inappropriate and a clear medication error.

<b>Conclusion</b>  
In medication management, accurate substitutions are critical for patient safety and treatment efficacy. The only incorrect substitution in the provided choices is fluoxetine for Paxil, as these medications, while sharing a class, are not interchangeable due to their distinct properties and effects. Understanding these differences is essential for preventing medication errors and ensuring optimal patient outcomes.",,Regular,
Real Estate Licensing Exams,Salesperson and Broker License Exam,Pennsylvania Real Estate Exams,Pennsylvania Real Estate Practice Test,,Accurate volumetric measurement of a solution in a graduated cylinder is indicated by which of the following?,Top of the meniscus,Error of parallax,Surface tension force,Bottom of the meniscus,,,,D,"<h2>Accurate volumetric measurement of a solution in a graduated cylinder is indicated by the bottom of the meniscus.</h2>  
The bottom of the meniscus is the point at which the liquid's surface curve is lowest, providing the most accurate reading of the liquid level in a graduated cylinder. This method accounts for the adhesive forces between the liquid and the cylinder, ensuring precise measurements.

<b>A) Top of the meniscus</b>  
The top of the meniscus does not provide an accurate reading because it is influenced by surface tension, which can cause the liquid to curve upwards. Using the top of the meniscus would lead to overestimating the actual volume of the liquid in the graduated cylinder.

<b>B) Error of parallax</b>  
Parallax error refers to the apparent shift in position of an object viewed from different angles, which can occur if the eye is not level with the measurement mark. While it is a valid concern when taking measurements, it does not indicate a specific point for reading the volume, making it an incorrect choice.

<b>C) Surface tension force</b>  
Surface tension affects the shape of the liquid's surface but does not provide a measurement point for accurate volumetric readings. It is a physical property that influences the meniscus's appearance rather than a method for determining the volume itself.

<b>D) Bottom of the meniscus</b>  
The bottom of the meniscus is the correct point for measurement, as it represents the true volume of the liquid without the distortion caused by surface tension. This standard practice helps ensure consistency and accuracy in volumetric measurements.

<b>Conclusion</b>  
For accurate volumetric measurements in a graduated cylinder, it is essential to read the bottom of the meniscus. This method eliminates the inaccuracies introduced by surface tension and parallax error, ensuring that measurements reflect the true volume of the liquid. Understanding the importance of this technique is crucial in scientific and laboratory settings to maintain precision in experiments and analyses.",,Regular,
Real Estate Licensing Exams,Salesperson and Broker License Exam,Pennsylvania Real Estate Exams,Pennsylvania Real Estate License Prep,,According to the ISMP's list of confused drug names which of the following drugs is likely to be confused with clonazepam?,Clomiphene,Clonidine,Claritin,Clopidogrel,,,,B,"<h2>Clonidine is likely to be confused with clonazepam.</h2>  
Both clonazepam and clonidine share similar prefixes and phonetic sounds, which can lead to confusion in prescribing or dispensing medications. This similarity is particularly relevant in healthcare settings where name recognition is crucial for patient safety.

<b>A) Clomiphene</b>  
Clomiphene is a medication used primarily for ovulatory dysfunction. While it shares a similar beginning with clonazepam, the distinct suffix and its use in a completely different therapeutic area reduce the likelihood of confusion between the two drugs. 

<b>B) Clonidine</b>  
Clonidine is an antihypertensive medication that, like clonazepam, begins with ""clon-"" and has a similar rhythm, making it particularly prone to misinterpretation by healthcare providers. This similarity in name can lead to potentially dangerous medication errors, emphasizing the importance of clear communication in prescribing practices.

<b>C) Claritin</b>  
Claritin is an antihistamine used for allergy relief. Although it has a similar initial sound, the differing context of use and the distinct suffix help differentiate it from clonazepam. Furthermore, Claritin is generally well-known, which reduces the risk of confusion in clinical settings.

<b>D) Clopidogrel</b>  
Clopidogrel is an antiplatelet medication used to prevent blood clots. While it shares some phonetic elements with clonazepam, the difference in their medical applications and the length of the names make confusion less likely compared to clonidine.

<b>Conclusion</b>  
In summary, among the choices provided, clonidine stands out as the drug most likely to be confused with clonazepam due to its similar prefix, phonetic structure, and therapeutic context. Recognizing and mitigating such confusions is vital in healthcare to enhance patient safety and ensure proper medication administration.",,Regular,
Real Estate Licensing Exams,Salesperson and Broker License Exam,Pennsylvania Real Estate Exams,Pennsylvania Real Estate Practice Test,,A prescription calls for 30 mL of a 5% w/v solution. How many grams of active ingredient are required?,0.15,1.5,15,150,,,,B,"<h2>1.5 grams of active ingredient are required for a 30 mL of a 5% w/v solution.</h2>  
To find the amount of active ingredient in grams, we use the formula for weight/volume percentage, which states that a 5% w/v solution contains 5 grams of solute per 100 mL of solution. Thus, for 30 mL, we calculate the amount of solute needed.

<b>A) 0.15</b>  
This choice represents a miscalculation of the required grams. A 5% w/v solution has 5 grams of active ingredient per 100 mL, which means for 30 mL, the amount cannot be as low as 0.15 grams. The correct calculation shows that 1.5 grams is needed.

<b>B) 1.5</b>  
This is the correct calculation. A 5% w/v solution contains 5 grams of the active ingredient in 100 mL. Therefore, for 30 mL, the calculation is (5 grams/100 mL) * 30 mL = 1.5 grams.

<b>C) 15</b>  
This choice indicates a misunderstanding of the percentage concentration. It suggests that for 30 mL of a 5% solution, there would be 15 grams of active ingredient, which is incorrect. The calculation shows that only 1.5 grams is needed.

<b>D) 150</b>  
This choice is significantly higher than the actual requirement. A 5% w/v solution does not contain 150 grams in 30 mL; it instead contains only 1.5 grams. This choice reflects a fundamental error in understanding the conversion from percentage concentration to grams.

<b>Conclusion</b>  
In summary, the calculation for a 5% w/v solution shows that 1.5 grams of active ingredient are needed for a 30 mL preparation. The other options present incorrect calculations based on misunderstandings of weight/volume percentage and its application to solution preparation. Understanding the relationship between percentage concentration and the volume of solution is crucial for accurate dosing in pharmaceutical contexts.",,Regular,
Real Estate Licensing Exams,Salesperson and Broker License Exam,Pennsylvania Real Estate Exams,Pennsylvania Real Estate License Prep,,"Following reconstitution, Varivax should be administered within a maximum of:",30 minutes,48 hours,7 days,2 weeks,,,,A,"<h2>Following reconstitution, Varivax should be administered within a maximum of 30 minutes.</h2>  
Once Varivax is reconstituted, it is critical to administer the vaccine promptly within 30 minutes to ensure its effectiveness and maintain its stability. Delaying the administration beyond this timeframe can compromise the vaccine's potency and efficacy.

<b>A) 30 minutes</b>  
This choice is correct as Varivax must be given within 30 minutes after reconstitution to ensure that its immunogenic properties remain intact. The vaccine is designed to be effective only within this specified time frame, which is critical for achieving the desired immune response.

<b>B) 48 hours</b>  
Administering Varivax 48 hours after reconstitution is incorrect because the vaccine's stability and efficacy cannot be guaranteed beyond 30 minutes. If the vaccine is not used promptly, it may lose its effectiveness, leading to inadequate immunization.

<b>C) 7 days</b>  
This choice is also incorrect, as Varivax should not be administered 7 days after reconstitution. Similar to the previous choice, this extended timeframe far exceeds the recommended 30 minutes, resulting in potential loss of vaccine potency and failure to provide the necessary immune protection.

<b>D) 2 weeks</b>  
Choosing 2 weeks is incorrect for the same reasons mentioned above. Varivax must be administered immediately after reconstitution; allowing a two-week delay would significantly diminish the vaccine's efficacy and could render it ineffective.

<b>Conclusion</b>  
The correct timeline for administering Varivax after reconstitution is crucial for ensuring its effectiveness, with the maximum safe window being 30 minutes. All other options—48 hours, 7 days, and 2 weeks—exceed this limit and could lead to reduced vaccine efficacy, highlighting the importance of adherence to the specified administration timeframe for optimal immunization outcomes.",,Regular,
Real Estate Licensing Exams,Salesperson and Broker License Exam,Pennsylvania Real Estate Exams,Pennsylvania Real Estate Practice Test,,The third set of numbers in a National Drug Code (NDC) number represents the:,drug product.,package size.,manufacturer.,drug cost.,,,,B,"<h2>The third set of numbers in a National Drug Code (NDC) number represents the package size.</h2>
In the National Drug Code (NDC) system, the third set of numbers specifically indicates the package size of the drug product, which is crucial for identifying the quantity and form in which the medication is packaged for distribution and sale.

<b>A) drug product</b>  
The first set of numbers in an NDC identifies the drug product itself, including its active ingredients and formulation. This portion is essential for distinguishing between different medications, but it does not refer to the packaging details, which are specified in the third set.

<b>B) package size</b>  
As noted, the third set of numbers in an NDC explicitly denotes the package size, indicating how many units of the drug are contained within the packaging. This information is vital for healthcare providers and pharmacists to understand the quantity available for dispensing or administration.

<b>C) manufacturer</b>  
The second set of numbers in the NDC identifies the manufacturer or labeler of the drug. While this is important for tracking and regulation purposes, it does not provide any information regarding the package size, which is the focus of the question.

<b>D) drug cost</b>  
The National Drug Code does not include any information about drug cost within its numbering system. Pricing details are managed separately and do not form part of the NDC structure, which is solely focused on identifying the drug product, manufacturer, and packaging specifics.

<b>Conclusion</b>  
The NDC is a unique identifier for medications, comprised of three sets of numbers that convey specific information. While the first and second sets relate to the drug product and manufacturer respectively, it is the third set that details the package size, providing essential information for dispensing and inventory management. Understanding this structure is key for proper pharmaceutical practice and regulatory compliance.",,Regular,
Real Estate Licensing Exams,Salesperson and Broker License Exam,Pennsylvania Real Estate Exams,Pennsylvania Real Estate License Prep,,Which of the following is a parenteral route of administration?,Subcutaneous,Rectal,Oral,Sublingual,,,,A,"<h2>Subcutaneous is a parenteral route of administration.</h2>  
Parenteral routes involve delivering medication directly into the body, bypassing the gastrointestinal tract. The subcutaneous route allows for the injection of substances into the tissue layer between the skin and muscle, enabling faster absorption into the bloodstream.

<b>A) Subcutaneous</b>  
This route involves injecting medication into the subcutaneous layer of the skin, allowing for the drug to be absorbed into the bloodstream efficiently. It is considered a parenteral route as it avoids the digestive system and can provide a controlled and sustained release of medication.

<b>B) Rectal</b>  
While the rectal route involves administration through the rectum and can be used for systemic effects, it is not classified as a parenteral route. Instead, it is considered a non-parenteral route, as it still involves some involvement of the gastrointestinal system, albeit indirectly.

<b>C) Oral</b>  
Oral administration refers to taking medications by mouth, where they must pass through the digestive system before entering the bloodstream. This route is not parenteral because it involves the gastrointestinal tract and can lead to variable absorption rates due to factors like food and digestive enzymes.

<b>D) Sublingual</b>  
Sublingual administration involves placing a drug under the tongue for absorption through the mucous membranes. Although it allows for rapid absorption into the bloodstream, it is not classified as parenteral since it still relies on a specific area of the oral cavity rather than direct injection into the body.

<b>Conclusion</b>  
Parenteral routes of administration, such as subcutaneous, provide direct access to the bloodstream, improving drug efficacy and absorption. In contrast, rectal, oral, and sublingual methods involve varying degrees of the gastrointestinal system, thus not qualifying as parenteral. Understanding these distinctions is crucial for selecting the appropriate route of administration for effective therapeutic outcomes.",,Regular,
Real Estate Licensing Exams,Salesperson and Broker License Exam,Pennsylvania Real Estate Exams,Pennsylvania Real Estate Practice Test,,"According to USP <795>, what is the maximum beyond-use date (BUD) for a nonsterile compounded preparation with a short stability period, stored at room temperature?",14 days,30 days,60 days,90 days,,,,A,"<h2>14 days is the maximum beyond-use date (BUD) for a nonsterile compounded preparation with a short stability period, stored at room temperature.</h2>  
According to USP <795>, nonsterile compounded preparations with a short stability period that are stored at room temperature must be used within 14 days to ensure safety and efficacy. This guideline helps minimize the risk of contamination and degradation over time.

<b>A) 14 days</b>  
This choice accurately reflects the maximum beyond-use date (BUD) for nonsterile compounded preparations, ensuring that these products are utilized while still effective and safe for patients. 

<b>B) 30 days</b>  
A BUD of 30 days exceeds the recommended limit for nonsterile preparations with a short stability period at room temperature. Such extended durations could lead to increased risks of microbial growth and loss of potency, which USP <795> aims to mitigate by enforcing shorter BUDs.

<b>C) 60 days</b>  
Similar to the 30-day option, a 60-day BUD is not appropriate for nonsterile compounded preparations with a short stability period. This time frame is too long and could compromise the integrity of the preparation, presenting potential health risks to patients.

<b>D) 90 days</b>  
A BUD of 90 days is also significantly longer than the recommended maximum for these types of nonsterile compounded preparations. Such a duration would likely result in serious quality issues, including degradation and contamination, contrary to USP <795>'s safety guidelines.

<b>Conclusion</b>  
The maximum beyond-use date for nonsterile compounded preparations with a short stability period, when stored at room temperature, is 14 days. This limit is crucial for maintaining the safety and efficacy of these preparations, as extending the BUD beyond this period can pose significant risks to patient health. Understanding and adhering to these guidelines is essential for practitioners to ensure the quality of compounded medications.",,Regular,
Real Estate Licensing Exams,Salesperson and Broker License Exam,Pennsylvania Real Estate Exams,Pennsylvania Real Estate License Prep,,The technician is asked to use Tall Man lettering when making a bin label for a new product because:,this contributes to patient safety.,it is an FDA requirement.,all generic drug labels include this labeling.,it is only used for clinical trial products.,,,,A,"<h2>This contributes to patient safety.</h2>  
Tall Man lettering is a safety strategy used to help distinguish between similar-sounding or similar-looking drug names, thereby reducing the risk of medication errors that could compromise patient safety. By using this method, healthcare professionals can quickly identify the correct medication, which is crucial in high-stakes environments.

<b>A) this contributes to patient safety.</b>  
This choice accurately reflects the primary purpose of Tall Man lettering, which is to enhance clarity and reduce the chances of misinterpretation among medications that may be easily confused. This practice directly supports patient safety and is widely endorsed in healthcare settings.

<b>B) it is an FDA requirement.</b>  
While the FDA supports the use of Tall Man lettering as a best practice for reducing medication errors, it is not a formal requirement. The use of Tall Man lettering is encouraged but not mandated by regulatory agencies, making this statement misleading.

<b>C) all generic drug labels include this labeling.</b>  
This statement is incorrect, as not all generic drug labels utilize Tall Man lettering. The implementation of this labeling style varies by manufacturer and is not a universal requirement for all generic medications. 

<b>D) it is only used for clinical trial products.</b>  
Tall Man lettering is not exclusive to clinical trial products; it is used across various medication labels, including those for marketed drugs, to prevent errors. Thus, this option misrepresents the broader application of Tall Man lettering in healthcare.

<b>Conclusion</b>  
Tall Man lettering is primarily employed to enhance patient safety by clearly distinguishing between similar drug names. While its use is encouraged by regulatory bodies, it is not obligatory, nor is it limited to any specific category of drugs. The focus on patient safety underscores the importance of clear communication in medication management, making this labeling practice vital in clinical settings.",,Regular,
Real Estate Licensing Exams,Salesperson and Broker License Exam,Pennsylvania Real Estate Exams,Pennsylvania Real Estate Practice Test,,An incorrect medication error would occur if a pharmacy substituted:,atomoxetine for Strattera,duloxetine for Cymbalta,memantine for Namenda,fluoxetine for Paxil,,,,D,"<h2>Fluoxetine for Paxil would lead to an incorrect medication error.</h2>  
Fluoxetine and Paxil (paroxetine) are both selective serotonin reuptake inhibitors (SSRIs) used to treat depression and anxiety, but they are distinct medications with different chemical properties and potential side effects. Substituting one for the other without proper medical guidance could result in inadequate treatment or adverse reactions.

<b>A) Atomoxetine for Strattera</b>  
This choice is incorrect because atomoxetine is the generic name for Strattera, a medication specifically used for attention deficit hyperactivity disorder (ADHD). Since they are the same medication, substituting one for the other would not constitute an error.

<b>B) Duloxetine for Cymbalta</b>  
Duloxetine is the generic name for Cymbalta, which is used to treat major depressive disorder and generalized anxiety disorder. Similar to the previous choice, substituting duloxetine for Cymbalta is not an error as they are the same drug, just marketed under different names.

<b>C) Memantine for Namenda</b>  
Memantine is the generic name for Namenda, which is prescribed for Alzheimer's disease. Since they refer to the same medication, replacing one with the other does not represent a medication error. 

<b>D) Fluoxetine for Paxil</b>  
Fluoxetine and Paxil (paroxetine) are different SSRIs, each with its own unique profile and side effects. Switching these medications without consulting a healthcare provider could lead to ineffective treatment or harmful side effects due to their differing pharmacological effects.

<b>Conclusion</b>  
Medication errors can have serious implications for patient safety and treatment efficacy. In this case, substituting fluoxetine for Paxil is an incorrect medication error, as it involves replacing one distinct medication with another that can have different therapeutic effects and side effects. It is crucial for healthcare providers to ensure the correct medication is prescribed and dispensed to optimize patient care.",,Regular,
Real Estate Licensing Exams,Salesperson and Broker License Exam,Pennsylvania Real Estate Exams,Pennsylvania Real Estate License Prep,,According to federal law pharmacies must use controlled substance ordering to receive stock bottles of which of the following medications?,hydromorphone and oxycodone.,acetaminophen/codeine and testosterone.,zolpidem and carisoprodol.,lorazepam and midazolam.,,,,A,"<h2>According to federal law, pharmacies must use controlled substance ordering to receive stock bottles of hydromorphone and oxycodone.</h2>  
Hydromorphone and oxycodone are classified as Schedule II controlled substances under federal law, requiring pharmacies to follow strict regulations for ordering and inventory management to prevent misuse and ensure proper handling.

<b>A) hydromorphone and oxycodone.</b>  
Both hydromorphone and oxycodone are recognized as Schedule II drugs, which means they are subject to the most stringent controls and regulations under the Controlled Substances Act. This classification necessitates controlled substance ordering to manage their distribution safely and legally.

<b>B) acetaminophen/codeine and testosterone.</b>  
Acetaminophen/codeine is classified as a Schedule III controlled substance, which has less strict regulations compared to Schedule II drugs. Testosterone, while controlled, is classified as a Schedule III substance as well. Therefore, these medications do not require the same rigorous ordering process as Schedule II drugs.

<b>C) zolpidem and carisoprodol.</b>  
Zolpidem is classified as a Schedule IV controlled substance and carisoprodol is a Schedule IV as well. Both schedules have less stringent requirements than Schedule II substances, allowing pharmacies to order them without the controlled substance ordering process mandated for Schedule II drugs.

<b>D) lorazepam and midazolam.</b>  
Both lorazepam and midazolam fall under Schedule IV controlled substances, which are subject to fewer restrictions and do not require controlled substance ordering. This lower classification reflects a reduced potential for abuse compared to Schedule II medications.

<b>Conclusion</b>  
Pharmacies must adhere to federal regulations when ordering controlled substances, particularly for Schedule II drugs like hydromorphone and oxycodone. These medications necessitate careful tracking and management due to their higher potential for abuse. In contrast, the medications listed in the other options fall under less stringent schedules, reflecting their comparatively lower risks of misuse and altering the ordering requirements.",,Regular,
Real Estate Licensing Exams,Salesperson and Broker License Exam,Virginia Real Estate Exams,Virginia Real Estate Practice Exam,,An exclusive buyer representation agreement does not include a legal description of the property. What is the result of this omission,The agreement is void,The agreement is unenforceable,The agreement is valid; a legal description is not required,The agreement is voidable until a legal description is provided,,,,C,"<h2>The agreement is valid; a legal description is not required.</h2>  
An exclusive buyer representation agreement can remain valid even if it lacks a legal description of the property. In many jurisdictions, the absence of a legal description does not invalidate the agreement, as the primary purpose of such an agreement is to establish the relationship between the buyer and the agent rather than to describe a specific property.

<b>A) The agreement is void</b>  
This choice is incorrect because an exclusive buyer representation agreement does not become void simply due to the omission of a legal description. The agreement remains in effect and serves its purpose of establishing the buyer-agent relationship.

<b>B) The agreement is unenforceable</b>  
While legal descriptions can aid in clarity and specificity, their absence does not render the agreement unenforceable. The fundamental elements of the agreement—such as the buyer's intent to work with the agent—can still be upheld, meaning that the agreement is still enforceable in practice.

<b>D) The agreement is voidable until a legal description is provided</b>  
This choice incorrectly suggests that the agreement can be voided. Instead, the agreement remains valid and enforceable regardless of a legal description's inclusion, meaning the agreement is not voidable based on this omission.

<b>Conclusion</b>  
In summary, an exclusive buyer representation agreement can function without a legal description of the property, maintaining its validity and enforceability. The key elements of such agreements focus on the relationship between the buyer and the agent, rather than the specifics of the property involved. Thus, the absence of a legal description does not compromise the agreement's integrity or its effectiveness in establishing buyer representation.",,Regular,
Real Estate Licensing Exams,Salesperson and Broker License Exam,Virginia Real Estate Exams,Virginia Real Estate Study Guide,,Which of the following statements is the best example of puffing,"Since the bus stop is only one block away, the home has excellent access to public transportation",This is the best buy you'll find all year,"This home has been fitted with double-paned windows, as can be seen in the brochure","This property has a net property income of $7,500",,,,B,"<h2>This is the best buy you'll find all year.</h2>  
This statement exemplifies puffing as it uses an exaggerated claim to make the property seem more appealing without providing concrete evidence. Puffing refers to the practice of making subjective and promotional statements that may not be objectively verifiable, aimed at enhancing the attractiveness of a property.

<b>A) Since the bus stop is only one block away, the home has excellent access to public transportation</b>  
This statement provides a factual observation linking the home's proximity to a bus stop with access to public transportation. It is straightforward and verifiable, lacking the subjective embellishment characteristic of puffing.

<b>C) This home has been fitted with double-paned windows, as can be seen in the brochure</b>  
Here, the statement is factual and specific, detailing a feature of the home that can be confirmed through the brochure. It does not rely on exaggeration or subjective language, thus not qualifying as puffing.

<b>D) This property has a net property income of $7,500</b>  
This choice presents a concrete financial figure related to the property's income, which can be verified through documentation. Such a statement is objective and factual, making it distinct from puffing, which typically involves subjective claims.

<b>Conclusion</b>  
Puffing is characterized by subjective exaggeration aimed at enhancing an item's appeal, as illustrated by the claim that ""This is the best buy you'll find all year."" In contrast, the other options provide verifiable facts or observations about the property, lacking the promotional flair that defines puffing. Understanding this distinction is crucial in real estate to ensure transparency and honesty in property descriptions.",,Regular,
Real Estate Licensing Exams,Salesperson and Broker License Exam,Virginia Real Estate Exams,Virginia Real Estate Practice Exam,,"Two people purchase a toy factory, including the land. They agree to share equally in the operation of the business and in the business's profits and losses. Which of the following types of ownership exists?",general partnership,limited partnership,sole proprietorship,limited liability company,,,,A,"<h2>A general partnership exists between the two individuals in this scenario.</h2>  
In a general partnership, two or more individuals share ownership and management responsibilities for a business, as well as its profits and losses. The scenario outlines equal operation and shared financial outcomes, which are hallmark characteristics of a general partnership.

<b>A) general partnership</b>  
This option accurately describes the situation where two individuals have purchased a toy factory and agreed to operate it together, sharing equally in both management and financial aspects. In a general partnership, all partners have unlimited liability and participate in the business's operations, aligning perfectly with the details provided.

<b>B) limited partnership</b>  
A limited partnership consists of at least one general partner who manages the business and one or more limited partners who contribute capital but do not partake in day-to-day operations. This option does not apply since both individuals in the scenario are actively involved in the operation and share profits and losses equally, which is not characteristic of a limited partnership.

<b>C) sole proprietorship</b>  
A sole proprietorship is owned and operated by a single individual who bears all profits, losses, and liability. Since the scenario clearly states that two people are involved in the business, this option is incorrect as it does not reflect joint ownership or shared responsibilities.

<b>D) limited liability company</b>  
A limited liability company (LLC) provides limited liability protection to its owners while allowing for flexible management structures. However, the scenario describes a partnership with shared profits and losses rather than a formal LLC structure. Thus, this choice does not accurately represent the nature of the ownership described.

<b>Conclusion</b>  
The ownership arrangement between the two individuals is best classified as a general partnership, where both parties equally share in the operation and financial outcomes of the toy factory. This structure allows for joint management and shared responsibility, differentiating it from other forms of business ownership such as sole proprietorships or limited partnerships.",,Regular,
Real Estate Licensing Exams,Salesperson and Broker License Exam,Virginia Real Estate Exams,Virginia Real Estate Study Guide,,"Which of the following contracts has no legal effect and typically involves an illegal act, fraud, misrepresentation, duress, or undue influence?",a valid contract,an oral contract,an implied contract,a void contract,,,,D,"A void contract is like a legal ghost -- lacking effect from the start due to illegality or fraud. Valid contracts are enforceable, oral and implied contracts may be valid, but void contracts are inherently unenforceable.",,Regular,
Real Estate Licensing Exams,Salesperson and Broker License Exam,Virginia Real Estate Exams,Virginia Real Estate Practice Exam,,Who should write special stipulations in a sales contract?,a broker,a lawyer,any license holder involved in the transaction,any client involved in the transaction,,,,B,"Special stipulations, like contract fine print, need a lawyer's precision to ensure legal clarity and enforceability. Brokers, licensees, or clients lack the legal expertise for drafting.",,Regular,
Real Estate Licensing Exams,Salesperson and Broker License Exam,Virginia Real Estate Exams,Virginia Real Estate Study Guide,,A lease option with first right of refusal allows a tenant to,renew the lease with no increase in monthly payments.,purchase the property before the owner accepts an offer from another party.,remain in the property and pay rent although the mortgagee forecloses.,opt out of the lease if the property is sold.,,,,B,"<h2>Purchase the property before the owner accepts an offer from another party.</h2>  
A lease option with first right of refusal gives the tenant the opportunity to buy the property before the owner can sell it to someone else, ensuring the tenant has a chance to secure ownership under agreed terms.

<b>A) Renew the lease with no increase in monthly payments.</b>  
This option is not related to a first right of refusal. A renewal clause may exist in some leases, but it does not grant the tenant the right to purchase the property. Instead, it simply pertains to extending the lease under existing conditions, which is unrelated to property ownership.

<b>B) Purchase the property before the owner accepts an offer from another party.</b>  
This statement accurately describes the essence of a lease option with first right of refusal. It allows the tenant to have the first opportunity to buy the property, effectively protecting their interest in the event that the owner receives other offers.

<b>C) Remain in the property and pay rent although the mortgagee forecloses.</b>  
This option does not apply to a first right of refusal. During foreclosure, the tenant's rights depend on various factors, including the lease terms and local laws, but generally, a tenant does not have the automatic right to remain in the property if the mortgagee takes possession.

<b>D) Opt out of the lease if the property is sold.</b>  
This does not reflect the nature of a first right of refusal. While some leases may allow tenants to terminate their lease upon sale, the first right of refusal specifically concerns the tenant's ability to purchase the property rather than opt out if it changes hands.

<b>Conclusion</b>  
A lease option with first right of refusal uniquely empowers tenants by granting them the opportunity to purchase a property before any sale to third parties, thereby protecting their investment in the rental property. Other options, such as renewing the lease, remaining during foreclosure, or opting out upon sale, do not align with the fundamental purpose of this specific lease agreement. Understanding these distinctions is crucial for both tenants and property owners in navigating lease negotiations effectively.",,Regular,
Real Estate Licensing Exams,Salesperson and Broker License Exam,Virginia Real Estate Exams,Virginia Real Estate Practice Exam,,A person's right to possess and use property to the exclusion of others is the definition of,an easement.,an attachment.,usury.,ownership.,,,,D,"<h2>Ownership is the definition of a person's right to possess and use property to the exclusion of others.</h2>  
Ownership refers to the legal right to possess, use, and manage property, allowing the owner to exclude others from its use. This concept is fundamental in property law, establishing an individual's authority over their property.

<b>A) An easement.</b>  
An easement is a legal right to use another person's land for a specific purpose, such as accessing a road or utility lines. It does not grant ownership or the exclusive right to possess the property, but rather allows certain uses without transferring ownership rights.

<b>B) An attachment.</b>  
In property law, an attachment refers to a legal process where a court holds a debtor's property to secure a judgment. This term does not relate to the right to possess property but rather to the legal mechanisms that may affect ownership rights in a financial context.

<b>C) Usury.</b>  
Usury pertains to the practice of lending money at unreasonably high-interest rates, which is often illegal. This term is unrelated to property rights and does not encompass the concepts of possession or exclusive use of property.

<b>D) Ownership.</b>  
Ownership is the comprehensive term that captures the right to possess and control property, including the authority to exclude others from its use. This definition encapsulates the essence of property rights, making it the correct choice.

<b>Conclusion</b>  
The right to possess and use property exclusively defines ownership, distinguishing it from other legal concepts like easements, attachments, and usury. Understanding ownership is crucial in property law as it underpins individuals' rights and responsibilities regarding their property. This clarity regarding ownership rights fosters security and order in property transactions and relationships.",,Regular,
Real Estate Licensing Exams,Salesperson and Broker License Exam,Virginia Real Estate Exams,Virginia Real Estate Study Guide,,Who normally acts as a closing agent in Virginia?,the buyer's real estate agent,the mortgage broker,a representative from the title company or an attorney,the appraiser,,,,C,"In Virginia, a closing agent, like a title company representative or attorney, is the conductor of the closing process, handling documents and funds. Real estate agents, mortgage brokers, and appraisers focus on sales, loans, or valuations, not closing logistics.",,Regular,
Real Estate Licensing Exams,Salesperson and Broker License Exam,Virginia Real Estate Exams,Virginia Real Estate Practice Exam,,The National Association of Realtors' Code of Ethics says Realtors should act with:,integrity,fairness,All choices are correct.,competence,,,,C,"The NAR Code of Ethics is like a moral compass, requiring Realtors to uphold integrity, fairness, and competence, ensuring ethical conduct across all dealings. All these principles are core to the code.",,Regular,
Real Estate Licensing Exams,Salesperson and Broker License Exam,Virginia Real Estate Exams,Virginia Real Estate Study Guide,,How is a promissory note secured?,by the attachment of a mortgage-backed security,by the statute of frauds,by the disbursement of funds,by referencing a security instrument,,,,D,"A promissory note is like a promise to pay, secured by a security instrument (e.g., mortgage or deed of trust) that ties the debt to the property. Mortgage-backed securities, statutes, or disbursements don't secure the note directly.",,Regular,
Real Estate Licensing Exams,Salesperson and Broker License Exam,Virginia Real Estate Exams,Virginia Real Estate Practice Exam,,"A licensee has an exclusive agency listing on a property. During the listing period, the property sold at a foreclosure sale. Is the licensee entitled to a commission?","Yes, because the licensee took the listing.","Yes, because the property sold during the listing period.","No, because licensees cannot conduct foreclosure sales.","No, because the licensee did not produce a ready, willing, and able buyer.",,,,D,"<h2>No, because the licensee did not produce a ready, willing, and able buyer.</h2>  
In an exclusive agency listing, the licensee is entitled to a commission only if they are the ones who procure a buyer for the property. In this case, since the property was sold at a foreclosure sale, the licensee did not fulfill the requirement of producing a buyer, which is essential for earning a commission.

<b>A) Yes, because the licensee took the listing.</b>  
While taking an exclusive agency listing establishes the licensee's right to earn a commission, it does not guarantee compensation if they did not facilitate the sale. The mere act of having the listing does not satisfy the requirement of finding a buyer; thus, this choice is incorrect.

<b>B) Yes, because the property sold during the listing period.</b>  
Although the property sold during the listing period, the key factor is who sold it. In this instance, the foreclosure sale was executed independently of the licensee's efforts, meaning that the timing of the sale alone does not justify the commission entitlement.

<b>C) No, because licensees cannot conduct foreclosure sales.</b>  
This statement is misleading; licensees can participate in foreclosure sales, but that does not affect the commission entitlement in this scenario. The issue lies in the licensee's failure to produce a buyer rather than their ability to conduct foreclosure sales.

<b>Conclusion</b>  
In conclusion, under the terms of an exclusive agency listing, a licensee must produce a ready, willing, and able buyer to earn a commission. Since the property in question was sold at a foreclosure sale without the involvement of the licensee in procuring a buyer, they are not entitled to any commission. This highlights the importance of understanding the specific conditions under which commissions are earned in real estate transactions.",,Regular,
Real Estate Licensing Exams,Salesperson and Broker License Exam,Virginia Real Estate Exams,Virginia Real Estate Study Guide,,An agency relationship is created under which of the following circumstances?,A broker and a seller execute a listing contract.,A broker shows a prospective buyer a property that is listed with another broker.,A broker helps a buyer with his loan application.,A prospective seller calls a broker and inquires about commission fees.,,,,A,"<h2>A broker and a seller execute a listing contract.</h2>  
An agency relationship is formally established when a broker and a seller enter into a listing contract, which legally binds the broker to act on behalf of the seller in the sale of the property. This agreement outlines the broker's responsibilities and the seller's expectations, thereby creating a fiduciary relationship.

<b>A) A broker and a seller execute a listing contract.</b>  
This choice accurately describes the creation of an agency relationship, as it involves a formal agreement where the broker is authorized to represent the seller in real estate transactions.

<b>B) A broker shows a prospective buyer a property that is listed with another broker.</b>  
In this scenario, the broker is acting as a facilitator or intermediary, but there is no agency relationship established with either the buyer or the seller of the listed property. The broker is merely providing information and does not have a fiduciary duty to either party.

<b>C) A broker helps a buyer with his loan application.</b>  
While assisting a buyer with a loan application demonstrates the broker's involvement in the buying process, it does not create an agency relationship. The broker is offering a service, but without a formal agreement to represent the buyer in real estate transactions, no fiduciary duties arise.

<b>D) A prospective seller calls a broker and inquires about commission fees.</b>  
This interaction is simply an inquiry and does not constitute an agency relationship. Without a contractual agreement, the broker has no obligation to represent the prospective seller, and thus no agency is formed at this stage.

<b>Conclusion</b>  
An agency relationship is a critical component in real estate transactions, forming the basis of trust and responsibility between parties. The execution of a listing contract between a broker and a seller is the definitive action that establishes this relationship, empowering the broker to act in the seller's best interests. Other scenarios, while relevant to the real estate process, do not create the necessary legal and fiduciary obligations inherent in an agency relationship.",,Regular,
Real Estate Licensing Exams,Salesperson and Broker License Exam,Virginia Real Estate Exams,Virginia Real Estate Practice Exam,,Minors are held liable for real estate contract obligations if they,Are at least 16 years of age.,Have the contract notarized.,Graduated from high school.,Have their guardian co-sign.,,,,D,"<h2>Minors are held liable for real estate contract obligations if they have their guardian co-sign.</h2>  
In many jurisdictions, minors typically lack the legal capacity to enter into binding contracts, including those related to real estate. However, the presence of a guardian's co-signature can create a legal obligation, thereby allowing the contract to be enforceable.

<b>A) Are at least 16 years of age.</b>  
Age alone does not determine a minor's capacity to be held liable for contract obligations. While some states may allow contracts to be enforceable at certain ages, this does not universally apply to real estate contracts, which generally require adult co-signers for legally binding agreements.

<b>B) Have the contract notarized.</b>  
Notarization of a contract does not change the legal standing of a minor's ability to enter into a real estate agreement. Notarization serves as a means of verifying signatures and does not confer legal capacity where it does not already exist.

<b>C) Graduated from high school.</b>  
Graduating from high school does not grant minors the legal capacity to enter into contracts. The law typically defines the age of majority as 18, and educational achievements do not alter a minor's status regarding contractual obligations.

<b>D) Have their guardian co-sign.</b>  
A guardian's co-signature provides the necessary legal backing for a minor to be held liable for real estate contract obligations. This co-signature essentially bridges the gap between the minor's lack of legal capacity and the enforceability of the contract, making it valid.

<b>Conclusion</b>  
In real estate transactions, minors generally cannot be held liable for contract obligations unless a guardian co-signs the contract, which grants it enforceability. While age, notarization, and educational status may influence a minor's life circumstances, they do not suffice to establish legal liability in contractual matters without the involvement of a responsible adult. This principle ensures that minors are protected while still allowing for potential contractual engagements under appropriate supervision.",,Regular,
Real Estate Licensing Exams,Salesperson and Broker License Exam,Virginia Real Estate Exams,Virginia Real Estate Study Guide,,"John is a landlord. He has an applicant for an apartment who uses a cane. John tells her that she should go to the complex across the street, as they have more first-floor units available, and he doesn't want her to have to climb the stairs in his building. She thanks him for the tip. Evaluate.",John did nothing wrong. He simply evaluated the applicant and tried to do what was best for her.,"John steered the applicant, which is never okay, even if she expressed appreciation.","John steered the applicant, which was a risky move, but it paid off this time.","John steered the applicant, but it was okay since she expressed appreciation.",,,,B,"Steering, like John directing the applicant based on her disability, is a fair housing violation, even with good intentions or appreciation. It's never permissible to channel tenants based on protected characteristics.",,Regular,
Real Estate Licensing Exams,Salesperson and Broker License Exam,Virginia Real Estate Exams,Virginia Real Estate Practice Exam,,"In many states, usury laws",determine the possible legal use of land.,provide a right to use property belonging to another.,impose a tax on a purchaser of personal property for resale or use.,establish a maximum rate of interest allowed for loans.,,,,D,"<h2>Usury laws establish a maximum rate of interest allowed for loans.</h2>  
Usury laws are regulations that set limits on the interest rates that lenders can charge borrowers, thereby protecting consumers from excessively high rates. These laws vary by state but fundamentally serve to ensure fair lending practices.

<b>A) Determine the possible legal use of land.</b>  
Usury laws do not pertain to land use; rather, they focus specifically on the interest rates applicable to loans. Legal land use regulations are typically governed by zoning laws and property regulations, which are unrelated to lending practices.

<b>B) Provide a right to use property belonging to another.</b>  
This statement refers more to property law, specifically concepts like easements or leases, rather than usury laws. Usury laws deal exclusively with the terms of lending and borrowing, not the rights to use someone else's property.

<b>C) Impose a tax on a purchaser of personal property for resale or use.</b>  
This choice describes sales tax or property tax, which are not connected to usury laws. Such taxes are levied on transactions involving personal property and do not regulate interest rates or loan agreements.

<b>D) Establish a maximum rate of interest allowed for loans.</b>  
Usury laws are specifically designed to limit the interest rates that lenders can legally charge borrowers. This is crucial for consumer protection, preventing exploitation through excessively high interest rates on loans.

<b>Conclusion</b>  
Usury laws are vital regulatory frameworks that protect borrowers by capping interest rates on loans, ensuring fair access to credit. By understanding the role of these laws, one can appreciate their importance in maintaining ethical lending practices and safeguarding consumer rights in financial transactions.",,Regular,
Real Estate Licensing Exams,Salesperson and Broker License Exam,Virginia Real Estate Exams,Virginia Real Estate Study Guide,,A home warranty for a previously owned home would usually cover which of the following items?,structure or flooding issues after closing,"only home systems such as the roof, plumbing, and foundation","major appliances and home systems such as electric, heating, and plumbing","major appliances, the buyer's personal property, and any seller added fixtures",,,,C,"<h2>Major appliances and home systems such as electric, heating, and plumbing are usually covered by a home warranty.</h2>  
A home warranty typically provides coverage for essential systems and major appliances that may need repair or replacement due to normal wear and tear. This protection helps homeowners manage unexpected costs associated with system failures after purchasing a home.

<b>A) Structure or flooding issues after closing</b>  
Home warranties generally do not cover structural issues or damages caused by flooding; such matters are typically addressed by homeowners' insurance policies. A home warranty focuses on the functionality of systems and appliances rather than structural integrity or environmental damage.

<b>B) Only home systems such as the roof, plumbing, and foundation</b>  
While a home warranty does cover some home systems, it is not limited to just these. It also includes major appliances, which broadens the scope of coverage beyond just structural systems like the roof and foundation.

<b>D) Major appliances, the buyer's personal property, and any seller added fixtures</b>  
Home warranties cover major appliances, but they do not extend to personal property or seller-added fixtures that are not standard appliances. This choice inaccurately includes personal belongings, which are not part of the warranty agreement.

<b>Conclusion</b>  
Home warranties play a critical role in protecting homeowners from costly repairs by covering major appliances and essential home systems like electric, heating, and plumbing. While structural issues and personal property are excluded, the comprehensive nature of coverage for appliances and systems makes option C the most accurate choice regarding what is typically included in a home warranty for a previously owned home.",,Regular,
Real Estate Licensing Exams,Salesperson and Broker License Exam,Virginia Real Estate Exams,Virginia Real Estate Practice Exam,,How is title to a property held if one owner holds 75 percent interest and a second owner holds 25 percent?,joint tenancy,tenancy in severalty,tenancy in common,tenancy by the entirety,,,,C,"<h2>Title to a property is held as tenancy in common.</h2>  
In a tenancy in common, multiple owners can hold different percentages of interest in a property, allowing for unequal shares such as one owner holding 75 percent and another holding 25 percent. This form of ownership permits each owner to transfer their share independently and does not require equal ownership interests.

<b>A) joint tenancy</b>  
Joint tenancy requires all owners to have equal shares and includes the right of survivorship, meaning that when one owner dies, their share automatically passes to the remaining joint tenants. Since the question specifies differing ownership percentages, joint tenancy cannot apply.

<b>B) tenancy in severalty</b>  
Tenancy in severalty describes ownership by a single individual, meaning only one person holds title to the property. In the scenario provided, there are two owners with distinct interests, so tenancy in severalty is not applicable.

<b>C) tenancy in common</b>  
In tenancy in common, multiple owners can hold varying percentages of ownership without the right of survivorship attached. This means that one owner can hold 75 percent while another holds 25 percent, allowing them to retain control over their respective shares independently.

<b>D) tenancy by the entirety</b>  
Tenancy by the entirety is a form of joint ownership available only to married couples, where both spouses hold equal interests in the property and have rights of survivorship. Since the ownership interests are not equal and may involve different parties, this type of ownership is not relevant to the question.

<b>Conclusion</b>  
The correct ownership structure for two individuals holding unequal shares in a property is tenancy in common. This arrangement allows for ownership interests of varying sizes, such as one owner holding 75 percent and another 25 percent, while providing flexibility for each owner regarding their share. Other forms of ownership, such as joint tenancy, tenancy in severalty, and tenancy by the entirety, do not accommodate the conditions specified in the question.",,Regular,
Real Estate Licensing Exams,Salesperson and Broker License Exam,Virginia Real Estate Exams,Virginia Real Estate Study Guide,,"Prospective buyers tell their broker they plan to add a sun porch to the side of an existing house. Before making an offer, the buyers should be cautioned to investigate local regulations on",setbacks.,clustering.,parking.,amendment.,,,,A,"<h2>Prospective buyers should be cautioned to investigate local regulations on setbacks.</h2>  
Setbacks are the required distances between a structure and the property lines as mandated by local zoning laws. This regulation ensures that new constructions, like a sun porch, do not infringe upon neighboring properties and comply with community standards.

<b>A) setbacks</b>  
Setbacks are crucial for any construction project, as they dictate how close a structure can be built to the property lines. Investigating setback regulations is essential for buyers planning to add a sun porch because failing to adhere to these requirements may lead to legal issues or the need for costly modifications.

<b>B) clustering</b>  
Clustering refers to the grouping of buildings on a property to preserve open space and natural features. While relevant in some zoning contexts, it is not directly applicable to the addition of a sun porch, which primarily concerns compliance with setback requirements rather than building density or arrangement.

<b>C) parking</b>  
Parking regulations dictate the number of parking spaces required for residential properties. Although important for overall property functionality, these regulations do not impact the construction of a sun porch, which is more directly affected by setback laws.

<b>D) amendment</b>  
An amendment typically refers to changes made to zoning laws or local regulations. While potential amendments may affect future development plans, they do not specifically influence the immediate need for buyers to check setback regulations before adding a sun porch.

<b>Conclusion</b>  
For buyers planning to expand their property with a sun porch, understanding local setback regulations is essential to ensure compliance and avoid complications. Setbacks directly govern how and where structures can be placed, making them a priority to investigate prior to making any offers. Other factors such as clustering, parking, and amendments may be relevant in broader contexts but do not specifically address the immediate concerns related to the addition of a sun porch.",,Regular,
Real Estate Licensing Exams,Salesperson and Broker License Exam,Virginia Real Estate Exams,Virginia Real Estate Practice Exam,,Which of the following can affect the amount of funds available to lenders for mortgage loans?,wage levels,demographics,governmental controls,construction and labor costs,,,,C,"<h2>Governmental controls can affect the amount of funds available to lenders for mortgage loans.</h2>  
Governmental controls, such as regulations and monetary policy, directly influence the lending environment by affecting interest rates, lending standards, and the availability of funds. These controls can either restrict or facilitate the flow of capital to mortgage lenders, impacting their ability to provide loans.

<b>A) Wage levels</b>  
Wage levels impact the overall economy and consumer purchasing power; however, they do not directly affect the availability of funds for mortgage lending. While higher wages may increase demand for housing, they do not influence the liquidity or capital reserves of lenders, which are primarily determined by broader economic policies and regulations.

<b>B) Demographics</b>  
Demographics provide insights into population trends and housing demand but do not inherently alter the financial resources available to lenders. Changes in demographics can influence the types of loans that may be needed, but they do not affect the underlying funding mechanisms or capital sources for mortgage loans.

<b>D) Construction and labor costs</b>  
While construction and labor costs impact the overall real estate market by influencing home prices, they do not directly determine the funds available to lenders for mortgage loans. These costs affect the housing supply side but do not alter the financial liquidity or capital that lenders can access for issuing mortgages.

<b>Conclusion</b>  
The amount of funds available to lenders for mortgage loans is primarily influenced by governmental controls, which regulate lending practices and monetary policy. While wage levels, demographics, and construction costs affect the housing market in various ways, they do not directly impact the capital available to lenders. Understanding these distinctions is crucial for comprehending the mortgage lending landscape.",,Regular,
Real Estate Licensing Exams,Salesperson and Broker License Exam,Virginia Real Estate Exams,Virginia Real Estate Study Guide,,The Consumer Finance Protection Bureau brought simplification and transparency to the lending process through:,the enforcement of licensed appraiser standards,the standardization of the use of qualifying ratios,the introduction of the Loan Estimate form and the Closing Disclosure form,the introduction of the URLA,,,,C,"The CFPB's Loan Estimate and Closing Disclosure forms are like clear windows into lending, simplifying and clarifying terms for borrowers, unlike appraiser standards, ratios, or URLA forms.",,Regular,
Real Estate Licensing Exams,Salesperson and Broker License Exam,Virginia Real Estate Exams,Virginia Real Estate Practice Exam,,The primary intent of the Statute of Frauds is to,reduce real estate contracts to writing.,protect licensees from fraudulent activity.,enforce oral agreements beyond 1 year.,protect the rights of buyers who are disabled.,,,,A,"<h2>The primary intent of the Statute of Frauds is to reduce real estate contracts to writing.</h2>  
The Statute of Frauds was established to prevent fraud and ensure clarity by requiring certain contracts, including those related to real estate, to be in writing to be enforceable. This helps to protect parties involved in significant transactions by providing a tangible record of the agreement.

<b>A) reduce real estate contracts to writing.</b>  
This choice accurately reflects the purpose of the Statute of Frauds, which aims to ensure that contracts involving real estate are documented in writing. This requirement helps avoid disputes over the terms and existence of such agreements, thus serving as a safeguard against potential fraud.

<b>B) protect licensees from fraudulent activity.</b>  
While the Statute of Frauds indirectly benefits licensees by establishing clear documentation standards, its primary purpose is not specifically to protect them from fraud but to ensure the validity of certain contracts. The focus is on the enforceability of agreements rather than the protection of individual parties within those agreements.

<b>C) enforce oral agreements beyond 1 year.</b>  
This choice misrepresents the Statute of Frauds, which actually stipulates that certain contracts, including those not performed within one year, must be in writing to be enforceable. The statute does not support the enforcement of oral agreements that extend beyond this time frame, making this option incorrect.

<b>D) protect the rights of buyers who are disabled.</b>  
Although protecting the rights of individuals is important, the Statute of Frauds does not specifically aim to address the rights of disabled buyers. Its focus is on formalizing contracts to prevent fraud, rather than providing protections based on individual circumstances such as disability.

<b>Conclusion</b>  
The Statute of Frauds is crucial in ensuring that significant contracts, particularly in real estate, are documented in writing to prevent misunderstandings and fraudulent claims. By requiring written agreements, it secures the interests of all parties involved and clarifies the terms of transactions, while the other options presented do not align with the statute's core intent.",,Regular,
Real Estate Licensing Exams,Salesperson and Broker License Exam,Virginia Real Estate Exams,Virginia Real Estate Study Guide,,"What deed provides the grantee with the least protection of any deed, while putting the least liability on the grantor?",bargain and sale deed,general warranty deed,special warranty deed,quitclaim deed,,,,D,"A quitclaim deed is like a 'take it as is' handoff, offering no guarantees about title quality, minimizing grantor liability and grantee protection. Other deeds provide warranties, increasing protection and liability to varying degrees.",,Regular,
Real Estate Licensing Exams,Salesperson and Broker License Exam,Virginia Real Estate Exams,Virginia Real Estate Practice Exam,,A licensee who has NOT been practicing with any firm submits an Ã¢â‚¬ËœactivateÃ¢â‚¬â„¢ application to the Board. The licensee may begin business with the new firm as soon as ___ is done.,payment for the application is processed by the Virginia Real Estate Board,application is signed by the new principal or supervising broker,application is approved by the Virginia Real Estate Board,application is mailed to the Virginia Real Estate Board,,,,C,"<h2>Application is approved by the Virginia Real Estate Board.</h2>  
A licensee needs to have their application approved by the Virginia Real Estate Board before they can legally begin business with a new firm. This approval ensures that all necessary qualifications and regulatory requirements are met, allowing the licensee to operate lawfully.

<b>A) Payment for the application is processed by the Virginia Real Estate Board</b>  
While processing payment is an essential step in the application process, it does not grant the licensee permission to start working with a new firm. Approval from the Board is required to ensure that the licensee meets all necessary criteria.

<b>B) Application is signed by the new principal or supervising broker</b>  
The signature of the new principal or supervising broker is important for the application, indicating their support for the licensee. However, having this signature alone does not authorize the licensee to begin business; the application still needs approval from the Board.

<b>C) Application is approved by the Virginia Real Estate Board</b>  
This is the only choice that correctly identifies the necessary step for the licensee to commence business with a new firm. The Board's approval signifies that all prerequisites have been satisfied, allowing the licensee to operate legally.

<b>D) Application is mailed to the Virginia Real Estate Board</b>  
Mailing the application is merely a procedural step and does not signify any form of approval or readiness to start working. The licensee must wait for the Board's official approval after the application is submitted.

<b>Conclusion</b>  
In summary, a licensee must wait for the Virginia Real Estate Board to approve their application before they can start business with a new firm. While other steps in the application process are important, they do not replace the need for official approval, which is crucial for ensuring that the licensee is compliant with regulatory standards.",,Regular,
Real Estate Licensing Exams,Salesperson and Broker License Exam,Virginia Real Estate Exams,Virginia Real Estate Study Guide,,"A seller has an exclusive agency listing with a licensee. This means that for the duration of the listing,","the licensee is entitled to a commission, no matter who sells the property.","any number of licensees can list the property, and whoever sells it will earn the commission.",the licensee's commission will consist of any money above the asking price.,the seller can sell the property himself and avoid paying a commission.,,,,D,"<h2>The seller can sell the property himself and avoid paying a commission.</h2>  
In an exclusive agency listing, the seller retains the right to sell the property independently without incurring a commission obligation to the licensee. This arrangement allows the seller to avoid fees if they find a buyer on their own.

<b>A) The licensee is entitled to a commission, no matter who sells the property.</b>  
This statement is incorrect because, in an exclusive agency listing, the licensee earns a commission only if they or another licensee sells the property. If the seller finds a buyer independently, the licensee does not receive any commission.

<b>B) Any number of licensees can list the property, and whoever sells it will earn the commission.</b>  
This choice misrepresents the nature of an exclusive agency listing. In this type of agreement, only one licensee has the exclusive right to represent the seller, while other licensees cannot list the property unless permitted by the seller. Thus, the commission is not available to multiple licensees.

<b>C) The licensee's commission will consist of any money above the asking price.</b>  
This option is misleading because a licensee's commission is typically a predetermined percentage of the sale price, not merely the amount above the asking price. The commission structure is established in the listing agreement and does not change based on the final sale price exceeding the asking price.

<b>Conclusion</b>  
In an exclusive agency listing, the seller maintains the right to sell the property without paying a commission if they find a buyer independently. This arrangement clearly differentiates it from an exclusive right to sell, where the licensee would earn a commission regardless of who sells the property. Understanding this distinction is crucial for both sellers and licensees in real estate transactions.",,Regular,
Real Estate Licensing Exams,Salesperson and Broker License Exam,Virginia Real Estate Exams,Virginia Real Estate Practice Exam,,Which of the following statements is true regarding an option agreement?,The buyer must purchase the property at some future time.,The buyer is given the privilege of occupying the property.,The seller agrees to sell at a fixed price within a stipulated time.,Any payments are refunded should the buyer fail to perform on the agreement.,,,,C,"<h2>The seller agrees to sell at a fixed price within a stipulated time.</h2>  
In an option agreement, the seller commits to selling the property at a predetermined price within a specific timeframe, providing the buyer with the right to purchase but not the obligation.

<b>A) The buyer must purchase the property at some future time.</b>  
This statement is incorrect because an option agreement does not obligate the buyer to purchase the property. Instead, it grants the buyer the right to decide whether or not to buy the property, without any mandatory requirement to complete the purchase.

<b>B) The buyer is given the privilege of occupying the property.</b>  
This statement is misleading as an option agreement does not inherently grant the buyer the right to occupy the property. The agreement focuses on the right to purchase rather than any tenancy or occupancy rights, which would require a separate lease or agreement.

<b>D) Any payments are refunded should the buyer fail to perform on the agreement.</b>  
This statement is not accurate because it depends on the terms of the specific option agreement. Typically, the option fee paid by the buyer may not be refundable if they choose not to exercise their option, as this fee is often considered compensation for the seller's commitment to hold the property.

<b>Conclusion</b>  
An option agreement primarily involves the seller's commitment to sell a property at a fixed price within a specified period, while allowing the buyer the right to decide on the purchase. This arrangement provides flexibility for the buyer without imposing an obligation to complete the transaction, distinguishing it from other types of agreements that may require immediate purchase or occupancy rights.",,Regular,
Real Estate Licensing Exams,Salesperson and Broker License Exam,Virginia Real Estate Exams,Virginia Real Estate Study Guide,,What rights does the government use to impose its powers over public and private land to benefit the public?,"Accretion, erosion, avulsion, and appropriation","Free simple estate, life estate, reversionary interest, and remainder interest","Police power, eminent domain, taxation, and escheat","Taxes, assessments, condemnation, and escheat",,,,C,"<h2>Police power, eminent domain, taxation, and escheat are the rights the government uses to impose its powers over public and private land to benefit the public.</h2>  
These rights enable the government to regulate land use, acquire private property for public purposes, levy taxes, and claim abandoned property, ensuring that public welfare is prioritized.

<b>A) Accretion, erosion, avulsion, and appropriation</b>  
These terms relate to the changes in land caused by natural processes or legal actions but do not directly pertain to the government's authority to impose restrictions or acquire land for public benefit. While appropriation can involve government action, the other terms primarily describe natural phenomena or legal principles related to land ownership.

<b>B) Free simple estate, life estate, reversionary interest, and remainder interest</b>  
These terms refer to different types of property interests and ownership rights rather than the government's powers over land. They describe how property is held or transferred among private individuals and do not encompass the mechanisms through which the government exerts its authority for public benefit.

<b>C) Police power, eminent domain, taxation, and escheat</b>  
These rights directly relate to governmental authority over land. Police power allows for regulation to promote public health and safety; eminent domain enables the government to take private property for public use with compensation; taxation provides funding for public services; and escheat allows the government to claim property when an owner dies without a will or heirs.

<b>D) Taxes, assessments, condemnation, and escheat</b>  
While taxes and escheat are relevant, the term ""condemnation"" is specific to the process under eminent domain but does not encompass the broader rights of police power or taxation. Assessments relate to property taxes but do not describe a distinct governmental power like police power does.

<b>Conclusion</b>  
The government's ability to impose its powers over land is encapsulated by police power, eminent domain, taxation, and escheat, which collectively serve to enhance public welfare and ensure proper land use. Other options focus on property ownership or natural land changes, failing to address the governmental authority necessary for managing public and private land effectively.",,Regular,
Real Estate Licensing Exams,Salesperson and Broker License Exam,Virginia Real Estate Exams,Virginia Real Estate Practice Exam,,"What is an illegal act of channeling buyers or tenants to certain areas, either to keep the area demographically the same or to change the demography of the area?",puffing,redlining,steering,blockbusting,,,,C,"Steering is like nudging buyers toward or away from areas based on demographics, violating fair housing laws. Puffing exaggerates, redlining denies services, and blockbusting induces panic selling, each distinct from channeling.",,Regular,
Real Estate Licensing Exams,Salesperson and Broker License Exam,Virginia Real Estate Exams,Virginia Real Estate Study Guide,,"When valuing a 3-bed home, one comparable has 4 beds. The 4th bedroom adds ~$8,000. What adjustment should be made?",Add $8,Add $8,Subtract $8,Subtract $8,,,,D,"<h2>Subtract $8,000 from the value of the comparable home.</h2>  
When valuing a 3-bedroom home using a comparable that has 4 bedrooms, an adjustment must be made to account for the difference in bedroom count. Since the 4th bedroom adds value, the 3-bedroom home should be valued lower by the additional amount attributed to the extra bedroom.

<b>A) Add $8</b>  
This choice suggests increasing the value of the 3-bedroom home by $8, which is incorrect. Adding value would imply that the 3-bedroom home is worth more because of the comparable, which misrepresents the adjustment needed for the difference in bedroom count.

<b>B) Add $8</b>  
Similar to the previous choice, this option incorrectly indicates an increase in the value of the 3-bedroom home. The adjustment should reflect the value the 3-bedroom home lacks compared to the comparable, not an increase.

<b>C) Subtract $8</b>  
This option suggests a minimal deduction of $8, which is far too low to accurately represent the value of the additional bedroom. The true adjustment is based on the significant value of ~$8,000 associated with the extra bedroom.

<b>D) Subtract $8,000</b>  
This choice correctly identifies that the value of the comparable home needs to be adjusted downwards by $8,000, reflecting the additional bedroom's worth. Thus, to accurately compare the two homes, the value of the 4-bedroom home must be reduced to align with the 3-bedroom home's features.

<b>Conclusion</b>  
When making adjustments in home valuation, it is essential to account for differences in features such as bedroom count. In this scenario, the 4th bedroom adds $8,000 to the comparable home's value, necessitating a deduction of that amount from its value when assessing the 3-bedroom home. This ensures an accurate comparison and fair valuation in real estate assessments.",,Regular,
Real Estate Licensing Exams,Salesperson and Broker License Exam,Virginia Real Estate Exams,Virginia Real Estate Practice Exam,,A seller receives multiple offers and will accept only a cash offer. The broker will present:,the highest cash offer to the seller,the highest offer to the seller,only cash offers to the seller,all offers to the seller,,,,C,"<h2>Only cash offers will be presented to the seller.</h2>  
In this scenario, the broker is obligated to adhere to the seller's requirement of accepting only cash offers. This means that the broker will filter out any offers that do not meet this criterion before presenting them to the seller.

<b>A) The highest cash offer to the seller</b>  
While the highest cash offer is a valid option, the broker will only present cash offers, regardless of their value. This choice implies that non-cash offers could be considered, which contradicts the seller's stipulation.

<b>B) The highest offer to the seller</b>  
This choice incorrectly suggests that any type of offer, including non-cash offers, would be presented. Since the seller specifically requests only cash offers, this option does not align with the seller's requirements.

<b>C) Only cash offers to the seller</b>  
This accurately reflects the seller's instructions. The broker must ensure that only offers meeting the cash requirement are presented, thereby respecting the seller's conditions for accepting offers.

<b>D) All offers to the seller</b>  
Presenting all offers contradicts the seller's specific request to consider only cash offers. This choice fails to recognize the necessity of filtering offers based on the seller's criteria.

<b>Conclusion</b>  
The broker's responsibility is to present only those offers that align with the seller's conditions, which in this case are cash offers. By presenting only cash offers, the broker ensures compliance with the seller's requirement, thereby facilitating a smoother transaction process aligned with the seller's preferences. Any offers that do not meet this criterion will be excluded from consideration.",,Regular,
Real Estate Licensing Exams,Salesperson and Broker License Exam,Virginia Real Estate Exams,Virginia Real Estate Study Guide,,Which of the following is among the typical responsibilities of a residential property manager,requesting that the tenant's employer withhold the past due rent from wages,making decisions about structural changes that will enhance the property value,selecting tenants to provide a diverse environment,negotiating leases between the property owner and potential tenants,,,,D,"<h2>Negotiating leases between the property owner and potential tenants is among the typical responsibilities of a residential property manager.</h2>  
A residential property manager acts as a liaison between property owners and tenants, and negotiating leases is a core responsibility that ensures both parties understand their rights and obligations. This process involves drafting, reviewing, and finalizing lease agreements that protect the interests of the owner while being fair to tenants.

<b>A) Requesting that the tenant's employer withhold the past due rent from wages</b>  
This action is not a typical responsibility of a residential property manager. While they may manage collections and evictions, directly involving an employer in wage withholding is generally outside their role and could lead to legal complications.

<b>B) Making decisions about structural changes that will enhance the property value</b>  
While property managers may suggest changes to property owners, making decisions about structural alterations typically falls under the owner's authority. Property managers usually implement changes that have been approved by the owners rather than independently deciding on enhancements.

<b>C) Selecting tenants to provide a diverse environment</b>  
Although property managers are involved in tenant selection, their primary responsibility is to select tenants based on qualifications such as credit and rental history, not necessarily to mandate diversity. Fair housing laws prevent discrimination, but the goal should center around finding qualified tenants rather than promoting diversity as a primary objective.

<b>Conclusion</b>  
Residential property managers primarily focus on managing tenant relationships and the property itself. Among their essential duties is negotiating leases, which ensures clear agreements that govern the relationship between property owners and tenants. Other options, while related to property management, either fall outside their standard responsibilities or misinterpret the nature of their role. This clarity in duties helps streamline property operations and maintain tenant satisfaction.",,Regular,
Real Estate Licensing Exams,Licensed Mortgage Originators Exams,Licensed Mortgage Originators Exams,Mortgage Loan Originator Practice Test,,"Under which of the following circumstances, if any, is an interest-only loan considered a qualified mortgage under the Consumer Financial Protection Bureau (CFPB) guidelines?",When a mortgage loan is an ARM,When a borrower has sufficient assets to pay off the loan,When the payments become fully amortized after five years,"Never, as it is considered a risky feature for a mortgage loan",,,,D,"Interest-only loans are not qualified mortgages (D) due to their risky nature, per CFPB guidelines.",,Regular,
Real Estate Licensing Exams,Licensed Mortgage Originators Exams,Licensed Mortgage Originators Exams,MLO Exam Questions,,Government mortgage insurance is required to be purchased if a borrower places a 20% down payment on:,a VA mortgage.,an FHA mortgage.,a conventional mortgage.,a nonconventional mortgage.,,,,B,"FHA mortgages (B) require mortgage insurance regardless of down payment. VA (A) and conventional (C) loans with 20% down typically don""t, and nonconventional (D) is vague.",,Regular,
Real Estate Licensing Exams,Licensed Mortgage Originators Exams,Licensed Mortgage Originators Exams,Mortgage Loan Originator Practice Test,,Which of the following loans is financing where interim draws are provided at various stages of home construction and is subsequently converted to a single final loan after the completion of the home?,Bridge loan,Purchase money loan,Home improvement loan,Construction to perm loan,,,,D,"Construction-to-permanent loans (D) provide interim draws during construction and convert to a final loan. Bridge loans (A) are short-term, purchase money loans (B) are for home purchases, and home improvement loans (C) are for renovations.",,Regular,
Real Estate Licensing Exams,Licensed Mortgage Originators Exams,Licensed Mortgage Originators Exams,MLO Exam Questions,,The income approach to value for appraisals must be used on which of the following types of properties?,Townhome,Condominium,Single-family residence,Two- to four-unit properties,,,,D,The income approach is required for two- to four-unit properties (D) due to rental income potential.,,Regular,
Real Estate Licensing Exams,Licensed Mortgage Originators Exams,Licensed Mortgage Originators Exams,Mortgage Loan Originator Practice Test,,Which of the following items is a liquid asset?,Antique jewelry,Publicly traded stocks,The net worth of a business,An automobile owned free and clear,,,,B,"Publicly traded stocks (B) are liquid assets, easily convertible to cash. Jewelry (A), business net worth (C), and automobiles (D) are less liquid.",,Regular,
Real Estate Licensing Exams,Licensed Mortgage Originators Exams,Licensed Mortgage Originators Exams,MLO Exam Questions,,"According to the SAFE Act, to qualify for annual license renewal, mortgage loan originators must complete a minimum of how many hours of continuing education?",5 hours,7 hours,8 hours,20 hours,,,,C,The SAFE Act requires 8 hours of continuing education annually (C) for MLO license renewal.,,Regular,
Real Estate Licensing Exams,Licensed Mortgage Originators Exams,Licensed Mortgage Originators Exams,Mortgage Loan Originator Practice Test,,A lender is permitted to accept the employment information provided by the borrower on the initial loan application without asking for a letter of explanation in which of the following circumstances?,The borrower lacks a history in an industry that requires specific skills.,The borrower has been employed by the same company for three years.,A recent college graduate holds a high-level position in the organization.,The residence is more than 120 miles from the work location on a refinance.,,,,B,"Stable employment for three years (B) typically doesn""t require explanation. Lack of industry history (A), high-level positions for graduates (C), or distant residences (D) may raise underwriting concerns.",,Regular,
Real Estate Licensing Exams,Licensed Mortgage Originators Exams,Licensed Mortgage Originators Exams,MLO Exam Questions,,Which of the following pieces of information could indicate income fraud?,A gap in employment history,Employment showing a recent promotion,An employer's address being shown as a P.O. Box only,Income being slightly higher than average for the type of employment,,,,C,"An employer""s address as a P.O. Box only (C) could indicate income fraud, as it may suggest a fictitious employer. Employment gaps (A), promotions (B), or slightly higher income (D) are not inherently fraudulent.",,Regular,
Real Estate Licensing Exams,Licensed Mortgage Originators Exams,Licensed Mortgage Originators Exams,Mortgage Loan Originator Practice Test,,A mortgage loan originator's (MLO's) unique identifier is used to facilitate electronic tracking of the MLO; is their identification for public access to review their employment history and adjudicated disciplinary and enforcement actions; and is:,required to retrieve credit reports from the three bureaus.,permitted to be modified if the MLO moves to another employer.,permitted to be used for identification purposes for government inquiries.,not to be used for purposes other than those specified under the SAFE Act.,,,,D,"The MLO""s unique identifier is restricted to SAFE Act purposes (D), not for credit reports (A), modification (B), or government inquiries (C).",,Regular,
Real Estate Licensing Exams,Licensed Mortgage Originators Exams,Licensed Mortgage Originators Exams,MLO Exam Questions,,"A borrower informs a mortgage loan originator (MLO) that he will receive an annual raise of $2,400 just prior to the loan closing. The MLO should:",list the borrower's current income.,prorate the raise through the end of the year.,add $200 per month to the borrower's income.,review last year's tax returns to verify if raises are given annually.,,,,A,"The MLO should use current, verified income (A). Future raises (C) are speculative, prorating (B) is incorrect, and tax returns (D) don""t verify future raises.",,Regular,
Real Estate Licensing Exams,Licensed Mortgage Originators Exams,Licensed Mortgage Originators Exams,Mortgage Loan Originator Practice Test,,"Claiming in an advertisement that a product offered is a government loan or loan program or is otherwise endorsed or sponsored by any government entity when it, in fact, has no government affiliation is:",a prohibited act or practice in advertisements for credit secured by a dwelling.,a prohibited act or practice in advertisements for credit secured by commercial property.,an allowable act or practice in advertisements for credit secured by a dwelling for single family residence properties only.,"an allowable act or practice in advertisements for credit secured by a dwelling, as long as the lender understands what each program entails.",,,,A,"False government affiliation claims are prohibited in dwelling-secured credit ads (A). Commercial property (B) is irrelevant, and single-family (C) or lender knowledge (D) don""t exempt violations.",,Regular,
Real Estate Licensing Exams,Licensed Mortgage Originators Exams,Licensed Mortgage Originators Exams,MLO Exam Questions,,"When submitting documentation for a customer's credit report dispute, the dispute notice must include which of the following pieces of information?",Copies of the customer's bank statements,Sufficient information to identify the location where the customer obtained the credit that is in dispute,The specific name and address of the borrower and their spouse,The specific information that the customer is disputing and an explanation of the basis for the dispute,,,,D,"Dispute notices must include the specific information disputed and the basis for the dispute (D). Bank statements (A), credit location (B), and spouse details (C) are not required.",,Regular,
Real Estate Licensing Exams,Licensed Mortgage Originators Exams,Licensed Mortgage Originators Exams,Mortgage Loan Originator Practice Test,,"Locking file cabinets, keeping passwords private and encrypting sensitive customer information are basic practices used to protect borrowers' personal information and comply with the:",Gramm-Leach-Bliley Act.,Truth in Lending Act (TILA).,Home Mortgage Disclosure Act (HMDA).,Real Estate Settlement Procedures Act (RESPA).,,,,A,"The Gramm-Leach-Bliley Act (A) requires safeguarding borrower information. TILA (B) covers disclosures, HMDA (C) covers data collection, and RESPA (D) covers settlement practices.",,Regular,
Real Estate Licensing Exams,Licensed Mortgage Originators Exams,Licensed Mortgage Originators Exams,MLO Exam Questions,,Which of the following telemarketing policies is compliant with the National Do Not Call Registry rules?,Requiring a consumer to call a different phone number to be removed from the call list,Documenting a consumer's agreement to have the telemarketer call even if the consumer is on the do-not-call list,Selling the phone numbers on the do-not-call list to companies that are not affiliated with the telemarketing company,Using a version of the do-not-call list obtained from the Federal Trade Commission three months before a telemarketing call was made,,,,B,"Documenting consumer consent (B) complies with Do Not Call rules. Requiring a separate call (A), selling numbers (C), or using an outdated list (D) violate the rules.",,Regular,
Real Estate Licensing Exams,Licensed Mortgage Originators Exams,Licensed Mortgage Originators Exams,Mortgage Loan Originator Practice Test,,How often does the points and fees threshold change for a qualified mortgage?,Quarterly,Semiannually,Annually,Biennially,,,,C,"The points and fees threshold for qualified mortgages changes annually (C), per CFPB rules.",,Regular,
Real Estate Licensing Exams,Licensed Mortgage Originators Exams,Licensed Mortgage Originators Exams,MLO Exam Questions,,"If a cash-out refinance closes on Thursday, on which of the following days will the loan disburse?",Friday,Monday,Tuesday,Wednesday,,,,C,"For a cash-out refinance with a three-business-day rescission period, a Thursday closing disburses on Tuesday (C), as Friday, Monday, and Saturday count as business days.",,Regular,
Real Estate Licensing Exams,Licensed Mortgage Originators Exams,Licensed Mortgage Originators Exams,Mortgage Loan Originator Practice Test,,Which of the following settlement costs is considered a prepaid item?,Closing fee,Recording fee,Title insurance,Real estate taxes,,,,D,"Real estate taxes (D) are a prepaid item, often escrowed. Closing fees (A), recording fees (B), and title insurance (C) are not prepaid.",,Regular,
Real Estate Licensing Exams,Licensed Mortgage Originators Exams,Licensed Mortgage Originators Exams,MLO Exam Questions,,Nonqualified mortgages offer more options for borrowers who:,are unemployed.,are self-employed.,have no down payment.,are currently living with their parents.,,,,B,"Nonqualified mortgages provide flexibility for self-employed borrowers (B) with irregular income. Unemployment (A), no down payment (C), or living with parents (D) are not specific qualifiers.",,Regular,
Real Estate Licensing Exams,Licensed Mortgage Originators Exams,Licensed Mortgage Originators Exams,Mortgage Loan Originator Practice Test,,Which of the following statements best describes the purpose of lender's title insurance?,It protects the lender from losses resulting from physical damage to the collateral.,It protects the lender from losses resulting from the borrower's default on the loan.,It protects the lender from losses resulting from death of the borrower while the loan is outstanding.,It protects the lender from losses resulting from claims on the borrower's ownership of the collateral.,,,,D,"Lender""s title insurance protects against ownership claims (D). Physical damage (A), default (B), and borrower death (C) are not covered.",,Regular,
Real Estate Licensing Exams,Licensed Mortgage Originators Exams,Licensed Mortgage Originators Exams,MLO Exam Questions,,The Real Estate Settlement Procedures Act (RESPA) is applicable to which of the following loans?,Temporary construction loans,All federally related mortgage loans,Loans transferred in the secondary market,"Loans primarily for business, commercial or agricultural purposes",,,,B,"RESPA applies to federally related mortgage loans (B). Construction loans (A), secondary market transfers (C), and business loans (D) are exempt.",,Regular,
Real Estate Licensing Exams,Licensed Mortgage Originators Exams,Licensed Mortgage Originators Exams,Mortgage Loan Originator Practice Test,,Altering a borrower's income verification to increase the likelihood of loan approval is:,prohibited by federal law.,allowed with an underwriting waiver.,allowed on No-income/No-asset loans.,allowed on government-sponsored enterprise loans.,,,,A,"Altering income verification is fraud and prohibited by federal law (A). Underwriting waivers (B), no-income/no-asset loans (C), and government-sponsored loans (D) do not permit this.",,Regular,
Real Estate Licensing Exams,Licensed Mortgage Originators Exams,Licensed Mortgage Originators Exams,MLO Exam Questions,,"According to Regulation Z, consumers have how many days to rescind a transaction?",1 calendar day,1 business day,3 calendar days,3 business days,,,,D,"Regulation Z provides a 3-business-day rescission period (D) for certain loans. Calendar days (C) and other options (A, B) are incorrect.",,Regular,
Real Estate Licensing Exams,Licensed Mortgage Originators Exams,Licensed Mortgage Originators Exams,Mortgage Loan Originator Practice Test,,"The Consumer Handbook on Adjustable-Rate Mortgages booklet states that to calculate the change in payment for an ARM, the lender must know the:","floor, the ceiling and the adjustment period.",index on the date of change and the margin.,current principal balance of the loan and the APR.,original date of the loan and the start date of the initial payment.,,,,B,"ARM payment changes require the index and margin (B). Floors/ceilings (A), principal/APR (C), and loan dates (D) are not sufficient.",,Regular,
Real Estate Licensing Exams,Licensed Mortgage Originators Exams,Licensed Mortgage Originators Exams,MLO Exam Questions,,"When providing documents to a state regulator regarding a consumer complaint that was submitted to the state regulator, a licensed company should:",send the documents by U.S. mail rather than electronically for privacy reasons.,contact the consumer to get their authorization to provide documents to the regulator.,provide the documents along with the company's explanation of what caused the complaint.,redact any names and personal information before providing the documents for privacy reasons.,,,,C,"Companies should provide documents with an explanation of the complaint (C). U.S. mail (A) isn""t required, consumer authorization (B) isn""t needed for regulators, and redacting personal info (D) may hinder investigations.",,Regular,
Real Estate Licensing Exams,Licensed Mortgage Originators Exams,Licensed Mortgage Originators Exams,Mortgage Loan Originator Practice Test,,"After closing, a mortgage loan originator (MLO) believes that a borrower has engaged in suspicious activity during the mortgage application process. The MLO files a Suspicious Activity Report (SAR). The MLO is permitted to discuss the SAR with:",the borrower.,the loan processor.,the MLO's compliance officer.,the escrow officer who handled the closing.,,,,C,"SARs can only be discussed with the compliance officer (C) due to confidentiality. Discussing with borrowers (A), processors (B), or escrow officers (D) is prohibited.",,Regular,
Real Estate Licensing Exams,Licensed Mortgage Originators Exams,Licensed Mortgage Originators Exams,MLO Exam Questions,,"According to the Truth in Lending Act (TILA), if an advertisement for a mortgage loan states a specific payment amount, the advertisement must also include the:","APR, prepaid finance charges and terms of repayment.","APR, prepaid finance charges and down payment requirements.","APR, down payment amount and finance charges.","APR, down payment amount or percentage, and terms of repayment.",,,,D,"TILA requires APR, down payment amount or percentage, and repayment terms (D) when a payment amount is advertised. Other combinations (A, B, C) are incomplete.",,Regular,
Real Estate Licensing Exams,Licensed Mortgage Originators Exams,Licensed Mortgage Originators Exams,Mortgage Loan Originator Practice Test,,"Under the Home Mortgage Disclosure Act (HMDA), which of the following data may be collected about a borrower?",Race,Religion,Marital status,Number of children,,,,A,"HMDA allows collection of race (A) to monitor fair lending compliance. Religion (B), marital status (C), and number of children (D) are not permitted.",,Regular,
Real Estate Licensing Exams,Licensed Mortgage Originators Exams,Licensed Mortgage Originators Exams,MLO Exam Questions,,Income that is specifically protected from discrimination by Regulation B is income from:,self-employment.,part-time employment.,applicants not on the loan.,a public assistance program.,,,,D,"Regulation B protects income from public assistance programs (D) from discrimination. Self-employment (A), part-time (B), and non-applicant income (C) are not specifically protected.",,Regular,
Real Estate Licensing Exams,Licensed Mortgage Originators Exams,Licensed Mortgage Originators Exams,Mortgage Loan Originator Practice Test,,A mortgage loan originator gives a real estate agent baseball tickets in exchange for referrals. This activity is prohibited under which of the following acts?,The Truth in Lending Act (TILA),The Equal Credit Opportunity Act (ECOA),The Home Mortgage Disclosure Act (HMDA),The Real Estate Settlement Procedures Act (RESPA),,,,D,"Giving tickets for referrals is a RESPA violation (D). TILA (A) covers disclosures, ECOA (B) covers discrimination, and HMDA (C) covers data reporting.",,Regular,
Real Estate Licensing Exams,Licensed Mortgage Originators Exams,Licensed Mortgage Originators Exams,MLO Exam Questions,,Which of the following statements describes an advantage of a purchase money second mortgage?,The borrower pays two mortgage payments.,The borrower avoids paying into the escrow account.,The borrower avoids paying private mortgage insurance (PMI).,The borrower's loan closes faster than a regular mortgage.,,,,C,"A purchase money second mortgage (e.g., 80/20 loan) avoids PMI (C) by keeping the first loan at 80% LTV. Two payments (A), no escrow (B), and faster closing (D) are not advantages.",,Regular,