school,course,subject,free_exam_names,extract,question,choiceA,choiceB,choiceC,choiceD,choiceE,choiceF,choiceG,correctAnswer,rationale,image,qtype,heading,,
Business and Finance Licensing Exams,Securities Industry Essentials SIE Exam,Securities Industry Essentials SIE Exam,SIE Practice Questions,,A broker-dealer recently hired a registered representative (RR) who is new to the industry. The RR was asked to set up her profile on the firm's social media site. Which of the following statements in the RR's profile violates FINRA's communications rule?,"""I offer a personalized, hands-on approach to help you plan for your financial future.""","""I will work with you in person, by phone or by video conferencing, whatever works best for you.""","""My industry experience and knowledge will give you assurance that your financial goals will be met.""","""My primary focus is to build rapport and trust with my customers to better serve their investment needs.""",,,,C,"<h2>“My industry experience and knowledge will give you assurance that your financial goals will be met.” violates FINRA's communications rule.</h2>  
This statement implies a guarantee of outcomes based on the representative's experience, which is not permissible under FINRA regulations that prohibit making misleading statements about performance or results. Such language can be interpreted as a promise, which is misleading and potentially harmful to clients.

<b>A) “I offer a personalized, hands-on approach to help you plan for your financial future.”</b>  
This statement focuses on the method of service rather than guaranteeing results. It highlights the representative's commitment to client engagement without making any promises about the success of financial outcomes, thus complying with FINRA's guidelines.

<b>B) “I will work with you in person, by phone or by video conferencing, whatever works best for you.”</b>  
This choice describes the flexibility of communication methods available to clients, which is acceptable under FINRA regulations. It does not imply any guarantees about financial performance or services, making it compliant with the rules.

<b>D) “My primary focus is to build rapport and trust with my customers to better serve their investment needs.”</b>  
This statement emphasizes the importance of relationship-building in providing financial services. It does not suggest guaranteed outcomes or performance, aligning well with FINRA's communications standards and thereby remaining compliant.

<b>Conclusion</b>  
In summary, FINRA's communications rule is designed to prevent misleading claims that may promise guaranteed results in financial services. Statement C violates this principle by suggesting a guarantee based on the representative's experience, whereas the other options focus on methods of service and client engagement without implying any assurance of outcomes. Adhering to these guidelines is crucial for maintaining ethical standards in the financial industry.",,Regular,,/questions/a-broker-dealer-recently-hired-a-registered-repres,https://pokerexams.com/questions/a-broker-dealer-recently-hired-a-registered-repres-73892591
Business and Finance Licensing Exams,Securities Industry Essentials SIE Exam,Securities Industry Essentials SIE Exam,Securities Industry Essentials Mock Test,,"When making a cold call, a registered representative (RR) must take which of the following actions?",Disclose reportable events involving the RR,"Provide the firm's name, address or phone number to the contact",Conduct the call between 8 a.m. and 9 p.m. in the RR's time zone,Create a script and get it approved by the compliance officer prior to use,,,,B,"<h2>Provide the firm's name, address or phone number to the contact.</h2>  
When making a cold call, a registered representative (RR) is required to disclose the name of the firm they represent, along with its contact information. This ensures transparency and allows the recipient to verify the legitimacy of the call, adhering to regulatory standards for fair practice.

<b>A) Disclose reportable events involving the RR</b>  
While transparency is essential, disclosing reportable events specific to the RR is not a requirement during a cold call. Such disclosures pertain to compliance protocols and typically occur in different contexts, such as account openings or ongoing client relations, rather than initial outreach.

<b>C) Conduct the call between 8 a.m. and 9 p.m. in the RR's time zone</b>  
This option refers to the time restrictions imposed on cold calling, which require calls to occur within acceptable hours. However, this action does not directly relate to the information that must be provided to the contact at the start of a cold call, making it less relevant than the correct answer.

<b>D) Create a script and get it approved by the compliance officer prior to use</b>  
While creating a script and obtaining compliance approval may be good practices for ensuring adherence to regulations, it is not a mandatory action required during the cold call itself. Instead, the focus is on proper disclosure of information to the contact.

<b>Conclusion</b>  
In summary, during cold calls, registered representatives must provide their firm's name, address, or phone number as a fundamental requirement for transparency and compliance. Other options, while related to the conduct of calls or internal compliance measures, do not represent actions mandated by regulations for the initial contact. This regulatory framework helps protect consumers and ensures that cold calling practices are conducted ethically.",,Regular,,/questions/when-making-a-cold-call-a-registered-representativ,https://pokerexams.com/questions/when-making-a-cold-call-a-registered-representativ-11077137
Business and Finance Licensing Exams,Securities Industry Essentials SIE Exam,Securities Industry Essentials SIE Exam,SIE Practice Questions,,Which of the following statements describes a characteristic of a growth fund?,It invests primarily in utilities stocks.,It invests primarily in high yield bonds.,It emphasizes current investment income.,It emphasizes long-term appreciation of invested capital.,,,,D,"<h2>It emphasizes long-term appreciation of invested capital.</h2>  
Growth funds are designed to invest in companies expected to grow at an above-average rate compared to their industry or the overall market. This focus on capital appreciation often means that these funds prioritize investments in stocks that are anticipated to increase in value over time rather than generating immediate income.

<b>A) It invests primarily in utilities stocks.</b>  
Utilities stocks are typically considered more stable and are often included in income-generating funds due to their consistent dividends. Growth funds, on the other hand, usually invest in sectors that show potential for rapid growth, such as technology or consumer discretionary, rather than focusing on utility companies that prioritize stability over growth.

<b>B) It invests primarily in high yield bonds.</b>  
High yield bonds, also known as junk bonds, offer higher returns due to greater risk, and they are primarily associated with fixed-income investments rather than growth-oriented strategies. Growth funds focus on equities and companies with growth potential rather than on bonds, especially those that emphasize yield over capital appreciation.

<b>C) It emphasizes current investment income.</b>  
Current investment income is a characteristic of income funds that focus on generating cash flow through dividends or interest. Growth funds, in contrast, do not prioritize current income, as they reinvest earnings back into the companies to fuel further growth, aiming instead for long-term capital appreciation.

<b>D) It emphasizes long-term appreciation of invested capital.</b>  
Growth funds aim for substantial increases in the value of their investments over time rather than seeking immediate returns. This strategy may involve investing in companies that are expected to outperform the market, thus highlighting a commitment to long-term capital gains.

<b>Conclusion</b>  
Growth funds are distinguished by their focus on the long-term appreciation of capital rather than immediate income generation or stability. This investment strategy centers on selecting stocks with high growth potential, enabling investors to benefit from rising asset values over time. Choices A, B, and C reflect characteristics of other investment strategies, while choice D accurately encapsulates the essence of a growth fund's objectives.",,Regular,,/questions/which-of-the-following-statements-describes-a-char,https://pokerexams.com/questions/which-of-the-following-statements-describes-a-char-95627070
Business and Finance Licensing Exams,Securities Industry Essentials SIE Exam,Securities Industry Essentials SIE Exam,Securities Industry Essentials Mock Test,,Shares of an open-end investment company have which of the following characteristics?,Unregistered,Lack of liquidity,Fixed yield to maturity (YTM),Redeemable back to the issuer,,,,D,"<h2>Shares of an open-end investment company are redeemable back to the issuer.</h2>  
Open-end investment companies, such as mutual funds, allow investors to purchase shares directly from the fund and redeem them back to the issuer at the current net asset value (NAV). This redeemability is a key feature that distinguishes open-end funds from other types of investment vehicles.

<b>A) Unregistered</b>  
Shares of open-end investment companies are typically registered with regulatory bodies, such as the Securities and Exchange Commission (SEC) in the United States. This registration ensures that the fund complies with legal standards and provides transparency to investors, making this choice incorrect.

<b>B) Lack of liquidity</b>  
Open-end investment company shares are known for their liquidity since investors can redeem their shares at any time at the NAV. This characteristic contrasts with illiquid investments, making the assertion of a lack of liquidity inaccurate in this context.

<b>C) Fixed yield to maturity (YTM)</b>  
Yield to maturity (YTM) is a concept primarily associated with bonds rather than open-end investment companies. Shares in these funds do not have a fixed YTM; instead, their returns fluctuate based on the performance of the underlying assets. Therefore, this choice does not apply to open-end investment companies.

<b>D) Redeemable back to the issuer</b>  
Investors in open-end investment companies can redeem their shares directly with the fund at the current NAV, making this feature fundamental to their operation. The ability to redeem shares ensures that investors can access their capital as needed, which is a significant advantage of open-end funds.

<b>Conclusion</b>  
Open-end investment companies uniquely offer redeemable shares, allowing investors to easily buy and sell their investments at the net asset value. This redeemability, alongside regulatory registration and liquidity, defines the operational framework of open-end funds, distinguishing them from other investment products. Understanding these characteristics is crucial for investors when considering their investment options.",,Regular,,/questions/shares-of-an-open-end-investment-company-have-whic,https://pokerexams.com/questions/shares-of-an-open-end-investment-company-have-whic-45341620
Business and Finance Licensing Exams,Securities Industry Essentials SIE Exam,Securities Industry Essentials SIE Exam,SIE Practice Questions,,Which of the following statements about systematic risk is true?,It is nondiversifiable.,It is diversifiable by managing a bond portfolio with low duration.,It is diversifiable by purchasing emerging market stocks or bonds.,It is diversifiable by spreading an equity portfolio across different sectors in the market.,,,,A,"<h2>It is nondiversifiable.</h2>  
Systematic risk, also known as market risk, affects all investments across the market and cannot be eliminated through diversification. This type of risk is tied to broader economic factors such as interest rates, inflation, and political events, which impact the entire market rather than specific sectors or securities.

<b>A) It is nondiversifiable.</b>  
This statement accurately reflects the nature of systematic risk, as it encompasses risks that cannot be mitigated through diversification strategies. Since systematic risk affects all assets in the market, investors must accept this risk or use hedging strategies to manage it.

<b>B) It is diversifiable by managing a bond portfolio with low duration.</b>  
This statement is incorrect because managing a bond portfolio with low duration primarily addresses interest rate risk, a component of systematic risk. While it may reduce sensitivity to interest rate changes, it does not eliminate exposure to overall market risk, which remains systematic.

<b>C) It is diversifiable by purchasing emerging market stocks or bonds.</b>  
Purchasing emerging market stocks or bonds does not diversify systematic risk; instead, it may introduce additional risks related to geopolitical instability and economic volatility specific to those markets. Systematic risk remains inherent to the overall market and cannot be diversified away by focusing on specific asset classes.

<b>D) It is diversifiable by spreading an equity portfolio across different sectors in the market.</b>  
This statement is also incorrect, as spreading an equity portfolio across different sectors does not eliminate systematic risk. While it may reduce unsystematic risk (sector-specific risk), systematic risk continues to impact all sectors simultaneously due to broader market influences.

<b>Conclusion</b>  
Systematic risk is a fundamental characteristic of financial markets that affects all investments and is inherently nondiversifiable. Unlike unsystematic risk, which can be mitigated through diversification across various assets and sectors, systematic risk remains constant regardless of how an investor allocates their portfolio. Understanding this distinction is crucial for effective risk management in investment strategies.",,Regular,,/questions/which-of-the-following-statements-about-systematic,https://pokerexams.com/questions/which-of-the-following-statements-about-systematic-17171875
Business and Finance Licensing Exams,Licensed Securities Professional Exam,Securities Industry Essentials SIE Exam,Securities Industry Essentials Mock Test,,"Which of the following responses is an example of a bullish strategy, action or position?",Reinvesting portfolio income into bonds,Reinvesting portfolio income into equities,Halting reinvestment of portfolio income,Shifting an equities portfolio to a high aggregate dividend yield,,,,B,"<h2>Reinvesting portfolio income into equities is an example of a bullish strategy.</h2>  
Investors who reinvest income into equities demonstrate a bullish outlook, as this strategy reflects confidence in the growth potential of the stock market. By allocating funds to equities, investors expect that stock prices will rise, leading to capital appreciation and potentially higher returns.

<b>A) Reinvesting portfolio income into bonds</b>  
Reinvesting into bonds typically indicates a more conservative or cautious strategy, as bonds are generally viewed as safer investments with lower potential returns compared to equities. This approach does not align with a bullish stance, which favors riskier asset classes that are expected to appreciate.

<b>B) Reinvesting portfolio income into equities</b>  
This choice represents a bullish strategy as it involves directing income into stocks, which are generally associated with higher growth potential. Investors engaging in this action are signaling their belief in upward market trends, aiming for capital gains and increased portfolio value over time.

<b>C) Halting reinvestment of portfolio income</b>  
Ceasing reinvestment of income suggests a neutral or bearish outlook, as it indicates a reluctance to commit additional capital to investments. This approach may reflect uncertainty about market conditions, which does not align with the aggressive nature of a bullish strategy.

<b>D) Shifting an equities portfolio to a high aggregate dividend yield</b>  
While this action may provide immediate income, it does not inherently indicate a bullish position. Focusing on high dividend yields often suggests a defensive strategy, prioritizing income stability over growth potential, which diverges from the essence of bullishness aimed at capital appreciation.

<b>Conclusion</b>  
A bullish strategy is characterized by actions that reflect optimism about market performance and the potential for asset appreciation. Reinvesting portfolio income into equities embodies this bullish sentiment, as it emphasizes growth and the expectation of rising stock prices. In contrast, the other options either suggest caution or a focus on income stability, which do not align with a bullish investment philosophy.",,Regular,,/questions/which-of-the-following-responses-is-an-example-of,https://pokerexams.com/questions/which-of-the-following-responses-is-an-example-of-42437331
Business and Finance Licensing Exams,Licensed Securities Professional Exam,Securities Industry Essentials SIE Exam,SIE Practice Questions,,Which of the following benefits does an investor gain by investing in a private investment in public equity (PIPE) deal?,The securities purchased have a high level of liquidity.,The PIPE offerings are readily available to all investors.,The investor purchases the securities at a price that is below the market price.,The price is guaranteed by the issuer until the security is available to be sold publicly.,,,,C,"<h2>The investor purchases the securities at a price that is below the market price.</h2>  
In a PIPE deal, investors typically acquire shares at a discount to the current market price, providing an immediate opportunity for profit when the shares are publicly traded. This pricing advantage is one of the main incentives for investors to participate in these offerings.

<b>A) The securities purchased have a high level of liquidity.</b>  
While PIPE securities can eventually become liquid once registered for public trading, they are often illiquid at the time of purchase. Investors may face restrictions on selling these securities immediately, thus liquidity cannot be guaranteed in the early stages of a PIPE investment.

<b>B) The PIPE offerings are readily available to all investors.</b>  
PIPE deals are primarily targeted at accredited investors and institutional buyers rather than being available to the general public. This means that not all investors can participate in these offerings, as they often require specific qualifications.

<b>D) The price is guaranteed by the issuer until the security is available to be sold publicly.</b>  
There is no guarantee from the issuer regarding the price of the securities until they are publicly traded. The initial price at which securities are sold in a PIPE is set at a discount, but it is subject to market fluctuations once they are publicly available, and the issuer does not lock in the price for future sales.

<b>Conclusion</b>  
Investing in a PIPE deal allows investors to buy securities at a discounted price compared to the prevailing market value, which represents a significant advantage. Other options, such as liquidity, broad availability, or price guarantees, do not accurately reflect the nature of PIPE investments, thereby underscoring the importance of understanding the unique benefits and risks associated with this type of financing.",,Regular,,/questions/which-of-the-following-benefits-does-an-investor-g,https://pokerexams.com/questions/which-of-the-following-benefits-does-an-investor-g-24266191
Business and Finance Licensing Exams,Securities Industry Essentials SIE Exam,Securities Industry Essentials SIE Exam,Securities Industry Essentials Mock Test,,Which of the following items is included in the stockholders' equity section of a balance sheet?,Preferred stock,Mezzanine debt,Outstanding bonds,Outstanding options contracts,,,,A,"<h2>Preferred stock is included in the stockholders' equity section of a balance sheet.</h2>  
Preferred stock represents ownership in a company and is classified under stockholders' equity, signifying the funds contributed by shareholders that are used to finance the company's operations. It typically comes with certain privileges, such as fixed dividends and priority over common stock in the event of liquidation.

<b>A) Preferred stock</b>  
As a form of equity, preferred stock represents an ownership stake in the company. It is recorded in the stockholders' equity section because it reflects capital contributed by investors, and holders of preferred stock have preferential treatment regarding dividend payments and asset claims.

<b>B) Mezzanine debt</b>  
Mezzanine debt is a hybrid form of financing that incorporates elements of debt and equity but is primarily classified as a liability. It is not part of stockholders' equity since it represents borrowed funds that must be repaid, typically with interest, and does not reflect ownership in the company.

<b>C) Outstanding bonds</b>  
Outstanding bonds are considered a liability on the balance sheet. They represent a company's obligation to repay borrowed funds to bondholders and include interest payments, which distinguishes them from equity instruments like preferred stock that represent ownership rather than debt.

<b>D) Outstanding options contracts</b>  
Outstanding options contracts are typically classified as derivatives and do not constitute equity. They grant the holder the right, but not the obligation, to purchase shares at a predetermined price, and therefore are not included in the stockholders' equity section of the balance sheet.

<b>Conclusion</b>  
Stockholders' equity on a balance sheet comprises the capital contributed by shareholders, which includes items like preferred stock. In contrast, mezzanine debt, outstanding bonds, and options contracts represent liabilities or derivative instruments and do not reflect ownership in the company. Understanding these distinctions is vital for accurate financial analysis and assessment of a company's capital structure.",,Regular,,/questions/which-of-the-following-items-is-included-in-the-st,https://pokerexams.com/questions/which-of-the-following-items-is-included-in-the-st-64174319
Business and Finance Licensing Exams,Securities Industry Essentials SIE Exam,Securities Industry Essentials SIE Exam,SIE Practice Questions,,Which of the following parties is an institutional customer under FINRA rules?,The spouse of a registered representative,A state-registered investment advisory firm,An individual with a net worth of $25 million,A qualified retirement plan with 75 participants and total assets of $20 million,,,,D,"<h2>A qualified retirement plan with 75 participants and total assets of $20 million.</h2>  
Under FINRA rules, an institutional customer includes entities such as qualified retirement plans, which are recognized as having specific regulatory protections and considerations in the financial markets. A qualified retirement plan with sufficient participants and assets meets the criteria set forth by FINRA, distinguishing it from individual or personal accounts.

<b>A) The spouse of a registered representative</b>  
The spouse of a registered representative does not qualify as an institutional customer under FINRA rules. This option refers to an individual rather than an entity, and individual accounts do not fulfill the institutional customer criteria, which require a defined organizational structure and purpose.

<b>B) A state-registered investment advisory firm</b>  
While a state-registered investment advisory firm operates as a business entity, it still does not meet the specific criteria of an institutional customer as outlined by FINRA. Institutional customers are typically larger entities or funds that manage significant assets, whereas advisory firms may have varying levels of client bases and asset management.

<b>C) An individual with a net worth of $25 million</b>  
An individual, regardless of their net worth, does not qualify as an institutional customer. FINRA defines institutional customers in terms of organizational entities, and while high-net-worth individuals may have substantial financial resources, they do not meet the institutional criteria unless they are part of a recognized entity like a retirement plan or corporation.

<b>D) A qualified retirement plan with 75 participants and total assets of $20 million</b>  
This choice is correct because a qualified retirement plan is recognized as an institutional customer under FINRA rules. It has a defined structure, specific regulatory status, and significant assets, which align with the criteria for institutional customers in the financial context.

<b>Conclusion</b>  
Institutional customers under FINRA rules are defined as entities that serve specific roles in the financial markets, such as qualified retirement plans. Among the options, only the qualified retirement plan meets the criteria due to its organizational nature and substantial assets, whereas the other choices represent individuals or firms that do not fit the institutional classification. Understanding these distinctions is crucial for compliance and regulatory purposes within the financial industry.",,Regular,,/questions/which-of-the-following-parties-is-an-institutional,https://pokerexams.com/questions/which-of-the-following-parties-is-an-institutional-59054821
Business and Finance Licensing Exams,Licensed Securities Professional Exam,Securities Industry Essentials SIE Exam,Securities Industry Essentials Mock Test,,"Under FINRA rules, which of the following activities is not considered an outside business activity (OBA)?",Selling real estate,Selling health insurance,Professionally refereeing athletic events,Passively investing in a multifamily house for rental purposes,,,,D,"<h2>Passively investing in a multifamily house for rental purposes is not considered an outside business activity (OBA).</h2>  
Under FINRA rules, an outside business activity (OBA) refers to any business activity conducted by a registered person that is not related to their employment with a FINRA member firm. Passive investments, such as investing in rental properties, do not typically involve active participation or management, thus falling outside the definition of an OBA.

<b>A) Selling real estate</b>  
Selling real estate is considered an outside business activity because it involves actively engaging in a business that generates income outside the registered person's primary employment with a FINRA member firm. This activity requires licensing and is directly linked to the individual's professional capabilities.

<b>B) Selling health insurance</b>  
Selling health insurance also qualifies as an outside business activity since it entails actively working in an insurance capacity, requiring appropriate licensing and taking place outside the registered person's primary employment. This activity generates income and could potentially create conflicts of interest with their primary role.

<b>C) Professionally refereeing athletic events</b>  
Professionally refereeing athletic events is classified as an outside business activity because it involves active participation and income generation outside the registered person's primary work. This engagement requires specific skills and could pose potential conflicts with the individual's responsibilities at their FINRA member firm.

<b>D) Passively investing in a multifamily house for rental purposes</b>  
Passively investing in a multifamily house for rental purposes does not constitute an outside business activity since it does not involve active management or operation of the investment. This type of investment is generally viewed as a passive income source and does not require day-to-day involvement, thus exempting it from OBA classification.

<b>Conclusion</b>  
In summary, FINRA distinguishes between activities that require active involvement and those that do not. While selling real estate, health insurance, and refereeing athletic events all involve active participation and income generation, passively investing in rental properties is a non-active investment, thereby exempt from the OBA classification. Understanding this distinction helps registered persons navigate compliance requirements effectively.",,Regular,,/questions/under-finra-rules-which-of-the-following-activitie,https://pokerexams.com/questions/under-finra-rules-which-of-the-following-activitie-50182973
Business and Finance Licensing Exams,Licensed Securities Professional Exam,Securities Industry Essentials SIE Exam,SIE Practice Questions,,A company's board has decided to increase the number of outstanding shares in the company by issuing new shares to existing shareholders in a set proportion. This is known as a:,Stock split.,Tender offer.,Rights offering.,Stock buyback.,,,,A,"<h2>Rights offering.</h2>  
A rights offering is a method by which a company increases the number of outstanding shares by giving existing shareholders the right to purchase additional shares at a specified price, typically in proportion to their current holdings. This allows shareholders to maintain their ownership percentage in the company despite the issuance of new shares.

<b>A) Stock split.</b>  
A stock split involves dividing existing shares into multiple shares to lower the trading price per share, making the stock more affordable to investors. While it increases the total number of shares, it does not raise new capital or involve issuing new shares to existing shareholders in a set proportion, which distinguishes it from a rights offering.

<b>B) Tender offer.</b>  
A tender offer is an offer made by a company to buy back its own shares from existing shareholders, often at a premium over the market price. This option reduces the number of outstanding shares rather than increasing them, as it involves repurchasing shares instead of issuing new ones, which does not fit the description of a rights offering.

<b>C) Rights offering.</b>  
In a rights offering, existing shareholders are given the opportunity to purchase additional shares at a predetermined price, usually based on their current ownership percentage. This action increases the number of outstanding shares while allowing shareholders to maintain their relative ownership in the company.

<b>D) Stock buyback.</b>  
A stock buyback occurs when a company repurchases its own shares from the market, effectively reducing the number of outstanding shares. This action typically aims to boost the stock price and return value to shareholders but does not involve issuing new shares to existing shareholders in any form.

<b>Conclusion</b>  
A rights offering allows a company to raise capital by issuing new shares to existing shareholders in a specified proportion, enabling them to maintain their equity stake. This method contrasts with stock splits, tender offers, stock buybacks, and other mechanisms that do not facilitate the same level of shareholder participation in new share issuance. The unique nature of a rights offering is fundamental in corporate finance, ensuring existing investors can avoid dilution of their ownership.",,Regular,,/questions/a-companys-board-has-decided-to-increase-the-numbe,https://pokerexams.com/questions/a-companys-board-has-decided-to-increase-the-numbe-68106329
Business and Finance Licensing Exams,Securities Industry Essentials SIE Exam,Securities Industry Essentials SIE Exam,Securities Industry Essentials Mock Test,,"When a company declares a cash dividend, the impact on the share price on the ex-date is adjusted:",upward to reflect the value of the dividend paid.,upward to reflect the decrease in the number of shares issued.,downward to reflect the value of the dividend paid.,downward to reflect the increase in the number of shares issued.,,,,C,"<h2>When a company declares a cash dividend, the share price is adjusted downward to reflect the value of the dividend paid.</h2>  
The share price typically decreases by the amount of the dividend on the ex-date because the company's assets decrease as cash is distributed to shareholders. This adjustment reflects the reduction in the company's retained earnings and overall value available to shareholders.

<b>A) upward to reflect the value of the dividend paid.</b>  
This choice is incorrect because the share price does not increase when a dividend is declared. Instead, it decreases to account for the cash being paid out, which effectively reduces the company's net worth per share.

<b>B) upward to reflect the decrease in the number of shares issued.</b>  
This option misrepresents the impact of dividends. The number of shares issued does not change when a cash dividend is declared; thus, there is no upward adjustment in the share price due to a decrease in shares. Dividends are paid out of existing resources, not by altering share count.

<b>C) downward to reflect the value of the dividend paid.</b>  
This is the correct answer as the share price typically drops by the amount of the dividend on the ex-date. This reflects the cash outflow from the company, which reduces its asset base and justifies the lower share price.

<b>D) downward to reflect the increase in the number of shares issued.</b>  
This choice is misleading because declaring a dividend does not increase the number of shares. While the share price does decrease on the ex-date, it is not due to an increase in shares; rather, it's due to the cash being distributed to shareholders.

<b>Conclusion</b>  
When a cash dividend is declared, the share price is adjusted downward on the ex-date to account for the value of the dividend paid. This adjustment reflects the decrease in the company's cash reserves and ensures that the market price accurately represents the remaining value of the company per share. Understanding this principle is critical for investors assessing the impact of dividend payments on stock valuation.",,Regular,,/questions/when-a-company-declares-a-cash-dividend-the-impact,https://pokerexams.com/questions/when-a-company-declares-a-cash-dividend-the-impact-85233037
Business and Finance Licensing Exams,Securities Industry Essentials SIE Exam,Securities Industry Essentials SIE Exam,SIE Practice Questions,,A bond with a call provision is permitted to be called at which of the following times?,Any time within 365 days before the call date,On the call date only,Any time on or after the call date at the issuer's discretion,Any time on or after the call date at the investor's discretion,,,,C,"<h2>Any time on or after the call date at the issuer's discretion.</h2>  
A bond with a call provision allows the issuer to redeem the bond before its maturity date, but only at specified times, starting from the call date. This feature provides flexibility to the issuer, enabling them to take advantage of favorable interest rates.

<b>A) Any time within 365 days before the call date</b>  
This option is incorrect because the call provision specifically allows for redemption only on or after the established call date. Bonds cannot be called prior to this date, regardless of the timeframe leading up to it.

<b>B) On the call date only</b>  
While this choice suggests that calling can occur on the call date, it is misleading. The issuer has the discretion to call the bond any time after the call date, not just limited to that single day.

<b>C) Any time on or after the call date at the issuer's discretion</b>  
This option accurately reflects the terms of a call provision, where the issuer can choose to redeem the bond at any point starting from the call date. This flexibility allows issuers to manage their debt more effectively.

<b>D) Any time on or after the call date at the investor's discretion</b>  
This choice is incorrect because the call provision is designed to provide the issuer with the right to redeem the bond, not the investor. The investor does not have the authority to call the bond; only the issuer can exercise this option.

<b>Conclusion</b>  
Understanding the mechanics of call provisions is essential for bond investors. The ability to call a bond at the issuer's discretion on or after the call date provides issuers with financial flexibility, while investors must be aware that they cannot initiate a call. This knowledge influences investment strategies, particularly in fluctuating interest rate environments.",,Regular,,/questions/a-bond-with-a-call-provision-is-permitted-to-be-ca,https://pokerexams.com/questions/a-bond-with-a-call-provision-is-permitted-to-be-ca-90540664
Business and Finance Licensing Exams,Securities Industry Essentials SIE Exam,Securities Industry Essentials SIE Exam,Securities Industry Essentials Mock Test,,A local government investment pool (LGIP) is designed for which of the following investors?,A municipality,An elected official,An individual with a disability,An individual in a low tax bracket,,,,A,"<h2>A municipality.</h2>  
A local government investment pool (LGIP) is specifically established for municipalities to manage their funds collectively in a way that promotes liquidity and investment returns. These pools allow local governments to invest their funds in a diversified portfolio while maintaining access to their capital.

<b>A) A municipality</b>  
Municipalities are the primary investors in LGIPs, as these pools are designed to serve the financial needs of local governments. By pooling resources, municipalities can invest in a variety of instruments, benefiting from economies of scale and reduced investment risk.

<b>B) An elected official</b>  
Elected officials may oversee or influence investment decisions within a municipality but are not direct investors in LGIPs. The funds are managed on behalf of the municipality as a whole, rather than on an individual basis, meaning that an elected official cannot independently invest in an LGIP.

<b>C) An individual with a disability</b>  
Individuals, including those with disabilities, do not qualify as investors in LGIPs. These pools are restricted to governmental entities and are not designed to accommodate individual investors, regardless of their personal circumstances or financial status.

<b>D) An individual in a low tax bracket</b>  
Similar to individuals with disabilities, those in a low tax bracket are not eligible to invest in LGIPs. The focus of these investment pools is on public entities like municipalities, and they do not cater to individual investors, irrespective of their tax situation.

<b>Conclusion</b>  
Local government investment pools (LGIPs) are specifically tailored for municipalities, allowing these entities to pool resources for enhanced investment opportunities. Other options, such as individuals or specific demographic groups, do not qualify as investors in LGIPs and therefore cannot participate. Understanding the intended audience for such investment vehicles is crucial for recognizing their role in municipal finance.",,Regular,,/questions/a-local-government-investment-pool-lgip-is-designe,https://pokerexams.com/questions/a-local-government-investment-pool-lgip-is-designe-81013714
Business and Finance Licensing Exams,Licensed Securities Professional Exam,Securities Industry Essentials SIE Exam,SIE Practice Questions,,In which of the following scenarios does SIPC provide coverage?,"An investor holds $250,000 cash in an account at a SIPC member firm that recently failed.","An investor experiences losses of $250,000 in one calendar year at a SIPC member firm that is still in business.","An investor holds $500,000 in cash at a bank that has recently failed.","An investor holds $500,000 worth of commodities and futures contracts at a SIPC member firm that has recently failed.",,,,A,"<h2>An investor holds $250,000 cash in an account at a SIPC member firm that recently failed.</h2>  
SIPC provides coverage to protect customers against the loss of cash and securities held at a member firm that fails, specifically up to $500,000, with a limit of $250,000 for cash. Therefore, the scenario where the investor holds $250,000 cash is covered under SIPC's protections.

<b>A) An investor holds $250,000 cash in an account at a SIPC member firm that recently failed.</b>  
This scenario is covered by SIPC, as it pertains to cash held in a brokerage account at a firm that has collapsed. SIPC's insurance protects up to $250,000 in cash per customer, making this a valid situation for SIPC coverage.

<b>B) An investor experiences losses of $250,000 in one calendar year at a SIPC member firm that is still in business.</b>  
SIPC does not provide coverage for investment losses due to market fluctuations or poor investment decisions. The protection is limited to the failure of a SIPC member firm and does not extend to losses incurred while the firm remains operational.

<b>C) An investor holds $500,000 in cash at a bank that has recently failed.</b>  
SIPC coverage does not extend to banks; it specifically applies to brokerage firms. Therefore, cash held at a bank does not qualify for SIPC protection, regardless of the amount or the bank's failure status.

<b>D) An investor holds $500,000 worth of commodities and futures contracts at a SIPC member firm that has recently failed.</b>  
SIPC coverage primarily applies to cash and securities, not to commodities and futures contracts. As such, this investor's holdings would not be protected under SIPC in the event of the firm's failure.

<b>Conclusion</b>  
SIPC serves to protect investors against losses related to the failure of member brokerage firms, specifically for cash and securities held within those accounts. Among the scenarios presented, only the situation involving $250,000 cash at a failed SIPC member firm qualifies for SIPC coverage, while the others either involve non-qualifying assets or scenarios that do not meet SIPC's criteria. Understanding SIPC's limitations is essential for investors to safeguard their assets effectively.",,Regular,,/questions/in-which-of-the-following-scenarios-does-sipc-prov,https://pokerexams.com/questions/in-which-of-the-following-scenarios-does-sipc-prov-46406842
Business and Finance Licensing Exams,Securities Industry Essentials SIE Exam,Securities Industry Essentials SIE Exam,Securities Industry Essentials Mock Test,,A customer holds a January call option with a strike price of $40. The current market price is $45. The intrinsic value is:,$0 per share.,$5 per share.,$40 per share.,$45 per share.,,,,B,"<h2>The intrinsic value of the call option is $5 per share.</h2>  
The intrinsic value of a call option is calculated by subtracting the strike price from the current market price. In this case, with a strike price of $40 and a market price of $45, the intrinsic value is $45 - $40 = $5 per share.

<b>A) $0 per share.</b>  
This choice represents a scenario where the current market price is equal to or less than the strike price. Since the market price ($45) exceeds the strike price ($40), the call option holds value and cannot have an intrinsic value of $0.

<b>B) $5 per share.</b>  
This is the correct answer as it accurately reflects the calculation of intrinsic value for the call option. With a current market price of $45 and a strike price of $40, the intrinsic value is indeed $5 per share.

<b>C) $40 per share.</b>  
This choice incorrectly suggests that the intrinsic value equals the strike price. The intrinsic value is determined by the difference between the market price and the strike price, not simply the strike price itself. Therefore, this option does not represent the correct calculation.

<b>D) $45 per share.</b>  
This choice mistakenly indicates that the intrinsic value is equal to the current market price. Intrinsic value specifically measures the amount by which the option is in-the-money, which is the difference between the market price and the strike price, rather than the market price itself.

<b>Conclusion</b>  
The intrinsic value of a call option is the amount by which the market price exceeds the strike price. In this example, with a strike price of $40 and a market price of $45, the intrinsic value is calculated as $5 per share. Understanding this concept is crucial for options trading, as it determines the immediate profit potential of exercising the option.",,Regular,,/questions/a-customer-holds-a-january-call-option-with-a-stri,https://pokerexams.com/questions/a-customer-holds-a-january-call-option-with-a-stri-33555651
Business and Finance Licensing Exams,Securities Industry Essentials SIE Exam,Securities Industry Essentials SIE Exam,SIE Practice Questions,,A registered representative (RR) at a member firm is the subject of a statutory disqualification. Which of the following statements is true?,The RR is prohibited from soliciting business but is permitted to accept unsolicited orders.,The RR is prohibited from any association or employment with a member firm unless he obtains a waiver.,The RR is prohibited from employment by a member firm in any registered capacity but is permitted to be employed in an unregistered capacity.,"A statutory disqualification, although reportable to CRD, does not affect employment in the securities industry.",,,,B,"<h2>The RR is prohibited from any association or employment with a member firm unless he obtains a waiver.</h2>  
A statutory disqualification means that the registered representative (RR) is barred from associating with any member firm unless they successfully obtain a waiver from the appropriate regulatory authority. This is a critical aspect of maintaining the integrity of the securities industry and protecting investors.

<b>A) The RR is prohibited from soliciting business but is permitted to accept unsolicited orders.</b>  
While it is true that the RR cannot solicit business due to their disqualification, this option misrepresents the extent of their restrictions. The RR's disqualification prohibits any association with a member firm altogether, including the acceptance of unsolicited orders, unless a waiver is obtained.

<b>C) The RR is prohibited from employment by a member firm in any registered capacity but is permitted to be employed in an unregistered capacity.</b>  
This option inaccurately suggests that the RR could work in an unregistered capacity. In reality, a statutory disqualification bars the RR from any employment or association with a member firm unless a waiver is granted, regardless of whether the capacity is registered or unregistered.

<b>D) A statutory disqualification, although reportable to CRD, does not affect employment in the securities industry.</b>  
This statement is incorrect; a statutory disqualification directly impacts the RR's ability to be employed within the securities industry. Such disqualifications are serious and require waivers for any potential employment with member firms.

<b>Conclusion</b>  
A statutory disqualification imposes significant restrictions on a registered representative's ability to work in the securities industry. The only way for the RR to be associated with a member firm again is by obtaining a waiver, which underscores the importance of regulatory compliance. All other options misrepresent the nature and implications of statutory disqualifications, emphasizing the strict regulatory framework designed to protect investors.",,Regular,,/questions/a-registered-representative-rr-at-a-member-firm-is,https://pokerexams.com/questions/a-registered-representative-rr-at-a-member-firm-is-24931291
Business and Finance Licensing Exams,Securities Industry Essentials SIE Exam,Securities Industry Essentials SIE Exam,Securities Industry Essentials Mock Test,,Which of the following responses describes the primary reason a corporation splits its stock?,To increase demand for its stock,To increase the price of its stock,To raise capital for the corporation,To decrease the amount of dividends it pays to shareholders,,,,A,"<h2>To increase demand for its stock.</h2>  
Stock splits are primarily executed to make shares more affordable and attractive to a broader range of investors, which can lead to an increase in demand. By reducing the price per share while maintaining the overall market capitalization, companies aim to enhance liquidity and encourage trading activity.

<b>A) To increase demand for its stock</b>  
This statement accurately reflects the primary objective of a stock split. By lowering the stock price, more investors can afford to purchase shares, which can stimulate demand and trading volume. Increased demand can lead to a more active market for the stock, potentially benefiting the company's overall valuation.

<b>B) To increase the price of its stock</b>  
This choice contradicts the purpose of a stock split, as a split reduces the price of each share. The intention is not to increase the price, but rather to make shares more accessible. While the overall market capitalization remains unchanged immediately after a split, the price per share is intentionally lowered.

<b>C) To raise capital for the corporation</b>  
A stock split does not directly raise capital for the corporation. Instead, it simply alters the number of shares outstanding and their price per share without affecting the company's cash reserves. Capital raising typically occurs through actions like issuing new shares or debt financing, not through splitting existing shares.

<b>D) To decrease the amount of dividends it pays to shareholders</b>  
This option misrepresents the purpose of a stock split. While a split may result in lower dividends per share due to an increased number of shares outstanding, the overall total dividend payout can remain the same. The goal of a stock split is to enhance market appeal and liquidity, not to reduce dividends.

<b>Conclusion</b>  
A corporation splits its stock primarily to increase demand by making shares more affordable for a larger pool of investors. The reduction in share price encourages trading activity, which can enhance overall market interest and liquidity. Other options, such as raising capital or decreasing dividends, do not align with the fundamental purpose of stock splits. Understanding this strategy is crucial for investors analyzing corporate actions and their implications on stock performance.",,Regular,,/questions/which-of-the-following-responses-describes-the-pri,https://pokerexams.com/questions/which-of-the-following-responses-describes-the-pri-19939276
Business and Finance Licensing Exams,Licensed Securities Professional Exam,Securities Industry Essentials SIE Exam,SIE Practice Questions,,Which of the following items appears on the income statement?,Gross sales,Current assets,Current liabilities,Stockholders' equity,,,,A,"<h2>Gross sales appears on the income statement.</h2>  
Gross sales are a key figure on the income statement, reflecting total revenues generated from sales before any deductions. This number is crucial for assessing a company's performance and understanding its revenue generation capabilities.

<b>A) Gross sales</b>  
Gross sales represent the total sales revenue generated by a business before any deductions, making it a vital component of the income statement. It reflects the effectiveness of sales operations and is foundational for calculating net sales and overall profitability.

<b>B) Current assets</b>  
Current assets are reported on the balance sheet, not the income statement. They include cash, accounts receivable, and inventory, which represent what the company owns and expects to convert into cash within a year. Thus, they do not directly relate to income or profitability over a given period.

<b>C) Current liabilities</b>  
Current liabilities, also found on the balance sheet, represent obligations a company must settle within a year, such as accounts payable and short-term debt. Like current assets, they do not impact the income statement directly, as they pertain to the company's financial obligations rather than its revenue generation.

<b>D) Stockholders' equity</b>  
Stockholders' equity reflects the owners' claim on the assets of the company and is shown on the balance sheet. It includes retained earnings and capital contributed by shareholders, but it does not appear on the income statement, which focuses on revenues and expenses over a specific period.

<b>Conclusion</b>  
The income statement is designed to summarize a company's revenues and expenses over a specific period. Among the options provided, only gross sales directly measure revenue and are thus included in this financial statement, while current assets, current liabilities, and stockholders' equity are components of the balance sheet, focusing on the company's financial position rather than its operational performance.",,Regular,,/questions/which-of-the-following-items-appears-on-the-income,https://pokerexams.com/questions/which-of-the-following-items-appears-on-the-income-80515049
Business and Finance Licensing Exams,Licensed Securities Professional Exam,Securities Industry Essentials SIE Exam,Securities Industry Essentials Mock Test,,Which of the following advertisements by a registered broker-dealer (BD) requires approval by a principal prior to being published?,A BD-sponsored advertisement on social media promoting environmental awareness,An advertisement inviting the public to a corporate-sponsored charitable fundraising event,An advertisement on social media inviting the public to a picnic at its corporate headquarters,An advertisement promoting a free lunch upon attending a seminar on how the BD can help with investing for retirement,,,,D,"<h2>An advertisement promoting a free lunch upon attending a seminar on how the BD can help with investing for retirement requires approval by a principal prior to being published.</h2>  
This advertisement directly involves the promotion of securities-related services, which necessitates compliance with regulatory standards and approval from a principal to ensure the advertisement is not misleading and adheres to the relevant laws.

<b>A) A BD-sponsored advertisement on social media promoting environmental awareness</b>  
This advertisement focuses on environmental awareness rather than securities or investment services. As it does not relate directly to the financial services offered by the broker-dealer, it typically does not require principal approval.

<b>B) An advertisement inviting the public to a corporate-sponsored charitable fundraising event</b>  
While this advertisement promotes a charitable event, it does not involve the solicitation of investments or securities. Therefore, it falls outside the scope of typical regulations requiring principal approval, as it does not directly relate to the broker-dealer's core business activities.

<b>C) An advertisement on social media inviting the public to a picnic at its corporate headquarters</b>  
This advertisement is primarily social in nature and does not make any offers or solicitations related to investments or securities. Consequently, it does not require the same level of scrutiny or principal approval as advertisements promoting financial services.

<b>D) An advertisement promoting a free lunch upon attending a seminar on how the BD can help with investing for retirement</b>  
This advertisement is directly tied to investment services and solicits attendance at a seminar related to retirement investments. Due to its nature of promoting financial advice and services, it requires prior approval from a principal to ensure compliance with regulatory standards.

<b>Conclusion</b>  
In summary, advertisements that promote services related to the solicitation of investments, such as the seminar offering in choice D, necessitate principal approval to ensure they meet regulatory standards and protect investors. Other options, which do not directly involve investment services, generally do not require the same level of oversight. This distinction is crucial for maintaining compliance within the financial industry.",,Regular,,/questions/which-of-the-following-advertisements-by-a-registe,https://pokerexams.com/questions/which-of-the-following-advertisements-by-a-registe-86367448
Business and Finance Licensing Exams,Securities Industry Essentials SIE Exam,Securities Industry Essentials SIE Exam,SIE Practice Questions,,Which of the following product types is used by a portfolio manager utilizing a passive investment strategy?,Bonds,Equities,Alternative Investments,Index exchange-traded funds (ETFs),,,,D,"<h2>Index exchange-traded funds (ETFs) are used by portfolio managers utilizing a passive investment strategy.</h2>  
Index ETFs are designed to track the performance of a specific market index, such as the S&P 500, allowing investors to gain broad market exposure without actively managing individual securities. This aligns perfectly with passive investment strategies, which aim to replicate market returns rather than outperform them through active stock selection.

<b>A) Bonds</b>  
Bonds are a type of fixed-income security that can be part of a passive investment strategy; however, they do not inherently represent a passive investment product. A portfolio manager may choose bonds as part of a diversified strategy that includes active management in selecting specific bonds or bond funds, which deviates from true passive investing.

<b>B) Equities</b>  
Equities, or stocks, can be held in both active and passive investment strategies. While a passive manager may invest in equity index funds, the term ""equities"" alone does not specify a passive investment approach. Therefore, equities as a broad category do not exclusively align with passive investment strategies.

<b>C) Alternative Investments</b>  
Alternative investments typically include assets like hedge funds, private equity, and real estate, which are generally associated with active management strategies. These products often aim to generate higher returns than traditional investments, making them unsuitable for passive investment strategies focused on market replication.

<b>Conclusion</b>  
In summary, index exchange-traded funds (ETFs) are the quintessential product used by portfolio managers following a passive investment strategy, as they aim to mirror market indices without the need for active security selection. Other options, including bonds, equities, and alternative investments, do not inherently reflect passive management and may involve active decision-making processes. Thus, index ETFs stand out as the definitive choice for passive investors seeking broad market exposure.",,Regular,,/questions/which-of-the-following-product-types-is-used-by-a,https://pokerexams.com/questions/which-of-the-following-product-types-is-used-by-a-33654607
Business and Finance Licensing Exams,Securities Industry Essentials SIE Exam,Securities Industry Essentials SIE Exam,Securities Industry Essentials Mock Test,,Which of the following statements about systematic risk is true?,It is nondiversifiable.,It is diversifiable by managing a bond portfolio with low duration.,It is diversifiable by purchasing emerging market stocks or bonds.,It is diversifiable by spreading an equity portfolio across different sectors in the market.,,,,A,"<h2>Systematic risk is nondiversifiable.</h2>  
Systematic risk, also known as market risk, affects the entire market and cannot be eliminated through diversification. It is linked to factors that impact the whole economy, such as interest rates, inflation, and geopolitical events, making it a fundamental aspect of investing that all investors must consider.

<b>A) It is nondiversifiable.</b>  
This statement accurately describes systematic risk, which is inherent to the entire market and cannot be mitigated through diversification. Regardless of the investment strategy employed, systematic risk remains present, affecting all assets to varying degrees.

<b>B) It is diversifiable by managing a bond portfolio with low duration.</b>  
This statement is incorrect because systematic risk cannot be eliminated by managing a bond portfolio or any other type of investment portfolio. While a low-duration bond portfolio may reduce interest rate risk, it does not address the broader market risks affecting all asset classes.

<b>C) It is diversifiable by purchasing emerging market stocks or bonds.</b>  
This choice is also incorrect, as investing in emerging markets introduces additional risks rather than eliminating systematic risk. Emerging market investments may be subject to unique economic and political factors, but they still carry the same market risks that cannot be diversified away.

<b>D) It is diversifiable by spreading an equity portfolio across different sectors in the market.</b>  
This statement is misleading because, while diversification across sectors can reduce unsystematic risk (risk specific to individual companies or industries), it does not mitigate systematic risk. Market-wide factors will still impact all sectors, making them vulnerable to the same systemic changes.

<b>Conclusion</b>  
In summary, systematic risk is an inherent characteristic of the market that cannot be eliminated through diversification strategies. It remains constant regardless of how investments are spread across different asset classes or sectors. Understanding this principle is crucial for investors to effectively manage risk and make informed investment decisions.",,Regular,,/questions/which-of-the-following-statements-about-systematic,https://pokerexams.com/questions/which-of-the-following-statements-about-systematic-49798818
Business and Finance Licensing Exams,Licensed Securities Professional Exam,Securities Industry Essentials SIE Exam,SIE Practice Questions,,"A customer buys 1,000 shares of XYZ stock at $35.00 per share for $10. How many shares of XYZ will the customer own after the reverse stock split?",10 shares,100 shares,"1,000 shares","10,000 shares",,,,B,"<h2>After the reverse stock split, the customer will own 100 shares of XYZ stock.</h2>  
In a reverse stock split, the total number of shares held by a shareholder decreases while the share price increases proportionately. For example, if the customer initially owns 1,000 shares and the company performs a 10-for-1 reverse split, the customer would end up with 100 shares.

<b>A) 10 shares</b>  
This choice suggests an extremely low number of shares, which implies a more significant reverse split than what is indicated. A 10-for-1 reverse split would not result in just 10 shares from 1,000; rather, it would lead to 100 shares. Thus, this answer misrepresents the outcome of the reverse split.

<b>B) 100 shares</b>  
This is the correct answer. If a reverse stock split of 10-for-1 occurs, the original 1,000 shares would be consolidated into 100 shares, maintaining the total value of the stock investment despite the lower share count.

<b>C) 1,000 shares</b>  
This option indicates no change in the number of shares, which contradicts the very nature of a reverse stock split. The purpose of such a split is to reduce the number of shares outstanding, which would certainly lead to a decrease in the shareholder's total share count.

<b>D) 10,000 shares</b>  
This choice implies an increase in the shares owned, which is not possible in a reverse stock split scenario. The fundamental concept of a reverse split is to consolidate shares, resulting in fewer shares, not more.

<b>Conclusion</b>  
In summary, a reverse stock split consolidates shares, resulting in fewer shares for shareholders while increasing the share price proportionately. In this case, a 10-for-1 reverse split results in the customer owning 100 shares of XYZ stock, as opposed to 1,000. Understanding this mechanism is crucial for investors to accurately assess their holdings after such corporate actions.",,Regular,,/questions/a-customer-buys-1000-shares-of-xyz-stock-at-3500-p,https://pokerexams.com/questions/a-customer-buys-1000-shares-of-xyz-stock-at-3500-p-30845137
Business and Finance Licensing Exams,Licensed Securities Professional Exam,Securities Industry Essentials SIE Exam,Securities Industry Essentials Mock Test,,The disclosure requirements of the Securities Act of 1933 are designed to provide investors with:,Issuer financial data verified by the SEC.,Financial data on the broker-dealer selling the securities.,A basis for judging the merits of new securities offerings.,A review by the SEC of the investment quality of new securities offerings.,,,,C,"<h2>A basis for judging the merits of new securities offerings.</h2>  
The Securities Act of 1933 aims to ensure that investors receive sufficient information about securities offerings, allowing them to make informed decisions regarding the merits and risks associated with investing in new securities. This emphasis on transparency is critical for maintaining investor confidence in the market.

<b>A) Issuer financial data verified by the SEC.</b>  
While the SEC does require issuers to disclose financial data, it does not guarantee that this data is verified by the SEC itself. The purpose of the disclosure is to provide investors with the necessary information to assess investment risks rather than to ensure the completeness or accuracy of the issuer's financials.

<b>B) Financial data on the broker-dealer selling the securities.</b>  
The disclosure requirements primarily focus on the issuer of the securities rather than the broker-dealer facilitating the sale. While broker-dealers must adhere to their own regulatory requirements, the Securities Act specifically emphasizes the need for information about the securities being offered, not the financial data of the intermediary.

<b>D) A review by the SEC of the investment quality of new securities offerings.</b>  
The SEC does not provide a qualitative review or endorsement of the investment quality of securities. Instead, the agency's role is to ensure that adequate disclosures are made so that investors can independently assess the investment quality themselves. The focus is on transparency rather than on the SEC's evaluation of merit.

<b>Conclusion</b>  
The Securities Act of 1933 is designed to equip investors with essential information required to evaluate new securities offerings, enabling them to make informed investment decisions. Among the options, the provision of a basis for judging the merits of these offerings is the primary goal of the disclosure requirements, while other choices misinterpret the SEC's role and responsibilities in the securities market.",,Regular,,/questions/the-disclosure-requirements-of-the-securities-act,https://pokerexams.com/questions/the-disclosure-requirements-of-the-securities-act-90957874
Business and Finance Licensing Exams,Licensed Securities Professional Exam,Securities Industry Essentials SIE Exam,SIE Practice Questions,,The prohibited practice of buying stock in a cash account and then selling it before it has been paid for is known as:,kiting.,churning.,freeriding.,front running.,,,,C,"<h2>Freeriding is the prohibited practice of buying stock in a cash account and then selling it before it has been paid for.</h2>  
Freeriding occurs when an investor buys securities in a cash account and sells them without having the funds to pay for the purchase, relying instead on the sale proceeds. This practice is prohibited by the SEC because it can lead to significant risks and abuses in the trading system. 

<b>A) Kiting.</b>  
Kiting refers to the illegal practice of writing checks on accounts that do not have sufficient funds, usually to create the illusion of having more available cash. This is not directly related to stock trading practices but rather pertains to check fraud and is distinct from the concept of freeriding.

<b>B) Churning.</b>  
Churning is the practice of excessively buying and selling securities in a client's account to generate commissions for the broker, rather than to benefit the client's investment strategy. While churning is unethical and illegal, it involves excessive trading rather than the act of buying and selling stock without paying for it, as in freeriding.

<b>C) Freeriding.</b>  
Freeriding, as defined, involves purchasing stocks in a cash account and selling them before paying for the initial purchase. This practice is against regulations since it exploits the time it takes for transactions to settle, which can create systemic issues in the market.

<b>D) Front running.</b>  
Front running is the unethical practice where a broker executes orders on a security for its own account while taking advantage of advance knowledge of pending orders from its customers. This is a different issue entirely, focusing on unethical behavior related to information asymmetry, not on the mechanics of payment in trading.

<b>Conclusion</b>  
Freeriding represents a specific violation in the trading of securities where an investor sells a security before paying for it, creating potential market disruption. Understanding the distinctions between freeriding and other practices such as kiting, churning, and front running is crucial for compliance with trading regulations and ethical standards in financial markets.",,Regular,,/questions/the-prohibited-practice-of-buying-stock-in-a-cash,https://pokerexams.com/questions/the-prohibited-practice-of-buying-stock-in-a-cash-28033995
Business and Finance Licensing Exams,Securities Industry Essentials SIE Exam,Securities Industry Essentials SIE Exam,Securities Industry Essentials Mock Test,,Which of the following responses describes material nonpublic information?,A business news report about the company president retiring,An article in a company's employee newsletter announcing a new mission statement,An entry in a firm's annual report describing a revolutionary new product that the firm is developing and projections for its release,A memo to a firm's executive staff notifying them of a product testing failure and its potential impact to the company's profit margins,,,,D,"<h2>A memo to a firm's executive staff notifying them of a product testing failure and its potential impact to the company's profit margins.</h2>  
This choice describes material nonpublic information because it pertains to sensitive internal knowledge that could influence an investor's decision if it were disclosed. Such information is not available to the general public and can significantly impact the company's stock value and operations.

<b>A) A business news report about the company president retiring</b>  
This response describes information that is already public and widely reported. The retirement of a president is typically announced through press releases and news articles, making it accessible to investors and the public alike, thus lacking the nonpublic characteristic.

<b>B) An article in a company's employee newsletter announcing a new mission statement</b>  
While this information is likely intended for internal stakeholders, announcing a new mission statement does not constitute material nonpublic information. Mission statements are often shared publicly and do not typically affect stock prices or investment decisions significantly.

<b>C) An entry in a firm's annual report describing a revolutionary new product that the firm is developing and projections for its release</b>  
This choice presents information that is generally included in publicly available documents such as annual reports. Although the product may be innovative, the projections and product details are disclosed to shareholders and the public, disqualifying it from being considered nonpublic.

<b>Conclusion</b>  
Material nonpublic information consists of sensitive data that has not been shared with the public and could influence investment decisions. The memo regarding product testing failure fits this definition, as it reveals crucial internal challenges that could affect the company's profitability. In contrast, the other options describe information that is either publicly available or lacking the potential to materially impact investors' decisions.",,Regular,,/questions/which-of-the-following-responses-describes-materia,https://pokerexams.com/questions/which-of-the-following-responses-describes-materia-13081439
Business and Finance Licensing Exams,Securities Industry Essentials SIE Exam,Securities Industry Essentials SIE Exam,SIE Practice Questions,,Which of the following amounts is included in the calculation of a security's cost basis?,Current market value,Cash dividend that was reinvested,Cash dividend received and withdrawn from an account,Cash interest received and withdrawn from an account,,,,B,"<h2>Cash dividend that was reinvested is included in the calculation of a security's cost basis.</h2>  
When calculating a security's cost basis, any cash dividends that are reinvested to purchase additional shares increase the total investment in that security. This adjustment reflects the actual cost incurred to acquire the security over time, impacting capital gains calculations upon sale.

<b>A) Current market value</b>  
Current market value represents the price at which a security can be bought or sold in the market at a given time. It does not affect the cost basis, which is determined solely by the original purchase price and any adjustments such as reinvested dividends or additional purchases made over time.

<b>C) Cash dividend received and withdrawn from an account</b>  
Cash dividends that are received and withdrawn from an account do not increase the cost basis of the security; they are considered income rather than an investment in the security. The cost basis reflects only the amount invested in the security itself.

<b>D) Cash interest received and withdrawn from an account</b>  
Similar to cash dividends, cash interest received and withdrawn is treated as income and does not alter the cost basis of a security. The cost basis is strictly based on the purchase price and reinvestments rather than withdrawals of income from the investment.

<b>Conclusion</b>  
The cost basis of a security is a crucial factor in calculating capital gains for tax purposes. Among the options provided, only reinvested cash dividends contribute to this calculation by increasing the overall amount invested in the security. In contrast, current market value and withdrawn cash dividends or interest reflect income or market conditions rather than an adjustment to the cost basis. Understanding these distinctions is essential for accurate financial reporting and tax compliance.",,Regular,,/questions/which-of-the-following-amounts-is-included-in-the,https://pokerexams.com/questions/which-of-the-following-amounts-is-included-in-the-44505825
Business and Finance Licensing Exams,Securities Industry Essentials SIE Exam,Securities Industry Essentials SIE Exam,Securities Industry Essentials Mock Test,,"If an investor is bullish on the market, which of the following actions are they likely to take?",Buy a put,Buy a call,Buy a bond,Short a stock,,,,B,"<h2>Buy a call.</h2>  
A bullish investor expects the market to rise and is likely to purchase a call option, which gives them the right to buy an asset at a predetermined price, thus benefiting from upward price movement.

<b>A) Buy a put</b>  
Buying a put option is a strategy typically employed by bearish investors who anticipate a decline in the market. Puts give the investor the right to sell an asset at a specific price, allowing them to profit if the asset's value decreases, which contradicts the bullish outlook.

<b>B) Buy a call</b>  
A call option is the preferred choice for a bullish investor, as it allows them to capitalize on anticipated price increases. By buying a call, the investor secures the right to purchase the underlying asset at a set price before the option expires, aligning perfectly with their positive market expectations.

<b>C) Buy a bond</b>  
Investing in bonds is generally considered a more conservative strategy and does not directly reflect a bullish sentiment about equity markets. Bonds may provide steady income but do not offer the same speculative growth potential as stocks or options when markets are expected to rise.

<b>D) Short a stock</b>  
Short selling involves borrowing and selling a stock with the intention of buying it back at a lower price, which is a strategy executed by investors expecting a market decline. This approach is entirely incompatible with a bullish outlook, as it anticipates falling stock values.

<b>Conclusion</b>  
In summary, a bullish investor is most inclined to buy a call option, which enables them to profit from rising market conditions. Other strategies, such as buying puts or shorting stocks, align with bearish sentiments and contradict the investor's optimistic expectations. Understanding these strategies helps investors make informed decisions that align with their market outlook.",,Regular,,/questions/if-an-investor-is-bullish-on-the-market-which-of-t,https://pokerexams.com/questions/if-an-investor-is-bullish-on-the-market-which-of-t-90036152
Business and Finance Licensing Exams,Securities Industry Essentials SIE Exam,Securities Industry Essentials SIE Exam,SIE Practice Questions,,Which of the following bonds are redeemable prior to the maturity date by the issuer at a specified price at or above par?,Callable,Treasury,Escrowed,Convertible,,,,A,"<h2>Callable bonds are redeemable prior to the maturity date by the issuer at a specified price at or above par.</h2>  
Callable bonds give the issuer the right to redeem the bond before its maturity date, allowing them to repurchase the bond at a predetermined price. This feature is typically advantageous for issuers if interest rates decline, enabling them to refinance at lower rates.

<b>A) Callable</b>  
Callable bonds are specifically designed with a feature that allows the issuer to redeem the bonds before their maturity date. This is done at a specified price, usually at or above par value, making this option beneficial for issuers looking to take advantage of favorable market conditions.

<b>B) Treasury</b>  
Treasury bonds are government-issued securities that do not have a callable feature. They are typically held until maturity, providing investors with fixed interest payments and the return of principal at maturity. The nature of Treasury bonds means they cannot be redeemed early by the issuer.

<b>C) Escrowed</b>  
Escrowed bonds refer to securities that are held in escrow to ensure that the issuer can meet future payment obligations. While this arrangement provides security to bondholders, it does not grant the issuer the right to redeem the bonds early, thus lacking the redeemable feature associated with callable bonds.

<b>D) Convertible</b>  
Convertible bonds allow bondholders to convert their bonds into a predetermined number of shares of the issuing company's stock. However, this feature pertains to the bondholder rather than the issuer's ability to redeem the bond early, making it unrelated to the redemption aspect specified in the question.

<b>Conclusion</b>  
Callable bonds uniquely enable issuers to redeem their bonds prior to maturity, providing flexibility in managing debt under changing interest rates. Other bond types, such as Treasury, escrowed, and convertible bonds, do not share this redeemable feature, making callable bonds the only correct choice for the question posed. This characteristic can significantly influence investment strategies and pricing in the fixed-income market.",,Regular,,/questions/which-of-the-following-bonds-are-redeemable-prior,https://pokerexams.com/questions/which-of-the-following-bonds-are-redeemable-prior-44188412
Business and Finance Licensing Exams,Securities Industry Essentials SIE Exam,Securities Industry Essentials SIE Exam,Securities Industry Essentials Mock Test,,"Under SEC rules, which of the following products is a security?",Silver bullion,Foreign currency,An exchange-traded fund (ETF),A future on the S&P 500 Index (SPX),,,,C,"<h2>An exchange-traded fund (ETF) is a security under SEC rules.</h2>  
ETFs are investment funds that are traded on stock exchanges, much like individual stocks. They pool investor money to purchase a diversified portfolio of assets and are regulated as securities by the SEC, which provides investor protections and transparency.

<b>A) Silver bullion</b>  
Silver bullion is considered a physical commodity rather than a security. While it can be an investment, it does not represent an ownership stake in a company or a financial instrument regulated by the SEC, thus failing to meet the criteria for a security under federal law.

<b>B) Foreign currency</b>  
Foreign currency is classified as a currency asset rather than a security. Although it can be traded in the forex market, it does not represent an ownership interest or a financial contract as defined by the SEC, making it outside the scope of securities regulation.

<b>C) An exchange-traded fund (ETF)</b>  
ETFs are indeed classified as securities because they represent shares of a fund that holds a portfolio of assets, such as stocks or bonds. They are bought and sold on stock exchanges, subject to SEC regulations that govern their operation and ensure investor protection.

<b>D) A future on the S&P 500 Index (SPX)</b>  
While futures are financial contracts and can be traded on exchanges, they are not classified as securities under SEC rules. Instead, they fall under the jurisdiction of the Commodity Futures Trading Commission (CFTC), which regulates commodity trading.

<b>Conclusion</b>  
Under SEC regulations, securities are typically defined as financial instruments representing ownership or creditor relationships. Among the options provided, only an exchange-traded fund (ETF) meets this definition as it represents shares in a pooled investment vehicle. In contrast, silver bullion and foreign currency are classified as commodities, while S&P 500 futures are regulated by a different authority, underscoring the unique status of ETFs in the investment landscape.",,Regular,,/questions/under-sec-rules-which-of-the-following-products-is,https://pokerexams.com/questions/under-sec-rules-which-of-the-following-products-is-81415468
Business and Finance Licensing Exams,Certified Banking Professional,Certified Banking Professional Exams,Banking Professional Practice Exam,,The individual who makes random unannounced visits to banks for the purpose of evaluating their financial condition is called a/an,examiner,supervisor,proctor,superintendent, ,,,A,"<h2>An individual who makes random unannounced visits to banks for the purpose of evaluating their financial condition is called an examiner.</h2>  
An examiner is specifically tasked with conducting evaluations of financial institutions, including banks, to assess their overall health and compliance with regulations. This role often involves unscheduled visits to ensure that banks operate within legal and financial guidelines.

<b>A) examiner</b>  
An examiner is the correct term for someone who performs unannounced visits to banks to evaluate their financial condition. This role is crucial in maintaining the integrity of financial institutions and ensuring they adhere to established regulatory standards.

<b>B) supervisor</b>  
A supervisor typically oversees employees and operations within an organization, focusing on day-to-day management rather than conducting evaluations of financial institutions. While supervisors may ensure compliance in their areas, they do not perform the specialized assessments associated with bank evaluations.

<b>C) supervisor</b>  
This choice is a repetition of the previous one. A supervisor generally does not engage in the specific activity of evaluating banks, making this option incorrect.

<b>D) proctor</b>  
A proctor is generally involved in overseeing examinations or assessments, particularly in educational settings. This role is unrelated to banking evaluations and does not involve financial assessments or unannounced visits to financial institutions.

<b>E) superintendent</b>  
A superintendent usually manages a broader organizational structure or educational institution, focusing on overall administration rather than the specific task of evaluating banks. Their responsibilities do not typically include conducting financial assessments.

<b>Conclusion</b>  
The role of an examiner is essential in the banking sector, as they ensure that banks are financially sound and compliant with regulations through random evaluations. Other options like supervisor, proctor, and superintendent do not align with the specific responsibilities associated with evaluating bank conditions, confirming examiner as the accurate choice in this context.",,Regular,,/questions/the-individual-who-makes-random,https://pokerexams.com/questions/the-individual-who-makes-random-71321696
Business and Finance Licensing Exams,Certified Banking Professional,Certified Banking Professional Exams,Banking Certification Test Prep,,Which of the following is a fundamental argument in favor of the Federal Reserve's ability to pursue policies with long-term effects?,Independence,Oversight,Transparency,Methodology,,,,A,"<h2>Independence</h2>  
The Federal Reserve's independence from political pressures enables it to implement monetary policies aimed at stabilizing the economy and promoting long-term growth without the immediate influence of electoral cycles. This autonomy allows for the pursuit of decisions based on economic conditions rather than political motivations.

<b>A) Independence</b>  
Independence is a cornerstone of the Federal Reserve's ability to enact policies with long-term benefits. By functioning autonomously from the government, the Fed can prioritize economic stability and growth over short-term political considerations, leading to more effective monetary policy that can address inflation and unemployment sustainably.

<b>B) Oversight</b>  
While oversight is crucial for ensuring accountability, it does not inherently provide the Federal Reserve with the ability to pursue long-term policies. Oversight often focuses on compliance and performance evaluation, which can sometimes pressure the Fed to align with short-term political goals rather than long-term economic strategies.

<b>C) Transparency</b>  
Transparency is important for fostering public trust and understanding of the Federal Reserve's actions, but it does not directly enhance its capacity to implement long-term policies. While clear communication of policies can guide market expectations, it does not grant the Fed the autonomy needed to pursue decisions free from political influence.

<b>D) Methodology</b>  
Methodology refers to the techniques and frameworks used to analyze economic conditions and formulate policies. Although solid methodologies are essential for effective decision-making, they do not equate to the independence required for the Federal Reserve to pursue long-term policies without external pressures.

<b>Conclusion</b>  
The Federal Reserve's independence is vital for its ability to formulate and implement long-term monetary policies. This autonomy allows the Fed to focus on economic stability and growth without succumbing to short-term political influences, making it a fundamental argument in favor of its capacity to enact effective long-term strategies. In contrast, oversight, transparency, and methodology, while important, do not provide the same level of influence over policy direction.",,Regular,,/questions/which-of-the-following-is-a-fundamental-argument-i,https://pokerexams.com/questions/which-of-the-following-is-a-fundamental-argument-i-70974330
Business and Finance Licensing Exams,Certified Banking Professional,Certified Banking Professional Exams,Banking Professional Practice Exam,,Which of the following best characterizes a benefit of dark pools?,They assist high frequency traders by providing clarity to customers,They assist the Securities and Exchange Commission by regulating the equity markets,They assist institutional investors with front running so all customers are treated fairly,They assist institutional investors in executing purchases and sales of large blocks of stock,,,,D,"<h2>They assist institutional investors in executing purchases and sales of large blocks of stock.</h2>  
Dark pools serve as private exchanges where institutional investors can trade large volumes of shares without revealing their intentions to the public market. This feature allows them to minimize market impact and execute large transactions more efficiently.

<b>A) They assist high frequency traders by providing clarity to customers</b>  
High-frequency traders typically engage in very rapid trading strategies that benefit from market transparency and liquidity. Dark pools, by contrast, limit visibility and are not designed to enhance clarity for customers, making this choice inaccurate in the context of dark pools' primary function.

<b>B) They assist the Securities and Exchange Commission by regulating the equity markets</b>  
The role of the Securities and Exchange Commission (SEC) is to oversee and regulate the securities industry, but dark pools operate independently from direct SEC regulation. They do not assist the SEC; rather, they are subject to regulations to ensure fair trading practices, making this statement misleading.

<b>C) They assist institutional investors with front running so all customers are treated fairly</b>  
Front-running is an unethical practice where a trader executes orders on a security for their own account while having knowledge of pending orders from their customers. Dark pools are designed to prevent such activities by keeping trades confidential, which contradicts the notion of assisting in front running and fair treatment.

<b>D) They assist institutional investors in executing purchases and sales of large blocks of stock</b>  
Dark pools provide a venue specifically tailored for institutional investors to conduct large trades without disclosing their actions to the broader market. This characteristic helps minimize the market impact of their trades, supporting a more favorable execution price for large block transactions.

<b>Conclusion</b>  
Dark pools are crucial for institutional investors seeking to execute large trades discreetly, thereby reducing market impact and achieving better pricing. While they do not enhance clarity for high-frequency traders or assist regulatory bodies like the SEC, they play a vital role in facilitating large transactions efficiently and fairly, distinguishing them from other trading venues.",,Regular,,/questions/which-of-the-following-best-characterizes-a-benefi,https://pokerexams.com/questions/which-of-the-following-best-characterizes-a-benefi-71111947
Business and Finance Licensing Exams,Certified Banking Professional,Certified Banking Professional Exams,Banking Certification Test Prep,,Which of the following characteristics refers to large bank holding companies as superregional banks?,Exclusively allowed to process subprime mortgages,Exclusively allowed to benefit from government tax credit,Restricted amount of funds that could lend,Headquarters outside of money center cities,,,,D,"<h2>Headquarters outside of money center cities.</h2>  
Superregional banks are typically characterized by their operations that extend beyond traditional money center cities, allowing them to serve a broader range of customers and markets across regions. This geographical distinction is a key aspect that sets superregional banks apart from smaller regional banks and major money center banks.

<b>A) Exclusively allowed to process subprime mortgages</b>  
This choice inaccurately defines superregional banks, as they are not limited to a specific type of mortgage processing. Superregional banks may engage in various lending practices, including prime and subprime mortgages, depending on their strategies and market demands. Therefore, this characteristic does not apply specifically to superregional banks.

<b>B) Exclusively allowed to benefit from government tax credit</b>  
This statement is misleading since superregional banks do not have exclusive rights to government tax credits. Tax credits can be available to a variety of institutions and businesses depending on regulatory frameworks, and their availability is not a defining feature of superregional banks. Thus, it does not represent a characteristic unique to them.

<b>C) Restricted amount of funds that could lend</b>  
Superregional banks can lend significant amounts of funds, often exceeding those of smaller regional banks. Rather than having restrictions, these banks often possess enhanced lending capacities due to their larger asset bases and broader access to capital markets. Consequently, this characteristic does not accurately describe superregional banks.

<b>D) Headquarters outside of money center cities</b>  
Superregional banks are often located outside the traditional financial hubs known as money center cities (like New York City). This geographic positioning allows them to operate in a larger regional context, catering to a diverse customer base while not being confined to the competitive and highly regulated environment of money center banks.

<b>Conclusion</b>  
Superregional banks are identified by their headquarters being located outside of money center cities, which enables them to engage in broader regional banking activities. The other options presented—regarding mortgage processing, tax credits, and lending restrictions—do not accurately capture the defining features of superregional banks. This distinction is vital for understanding the role of such institutions in the financial landscape.",,Regular,,/questions/which-of-the-following-characteristics-refers-to-l,https://pokerexams.com/questions/which-of-the-following-characteristics-refers-to-l-36598053
Business and Finance Licensing Exams,Certified Banking Professional,Certified Banking Professional Exams,Banking Professional Practice Exam,,Which institution was created in 1934 after the massive bank failures of 1930-1933?,The Office of the Comptroller of the Currency,The Office of the Solicitor General,The Federal Reserve Office of Banking Industry,The Federal Deposit Insurance Corporation,,,,D,"<h2>The Federal Deposit Insurance Corporation</h2>  
The Federal Deposit Insurance Corporation (FDIC) was established in 1934 in response to the widespread bank failures that occurred between 1930 and 1933. Its primary purpose is to provide deposit insurance to depositors in U.S. commercial banks and savings institutions, thereby restoring public confidence in the banking system.

<b>A) The Office of the Comptroller of the Currency</b>  
The Office of the Comptroller of the Currency (OCC) was established in 1863, long before the bank failures of the early 1930s. It is responsible for regulating and supervising national banks and federal savings associations but was not created in response to the banking crisis of the 1930s.

<b>B) The Office of the Solicitor General</b>  
The Office of the Solicitor General was established in 1870 and serves as the federal government's attorney in cases before the Supreme Court. Its creation was not related to banking regulations or the bank failures of the early 1930s, making it an unrelated option for this question.

<b>C) The Federal Reserve Office of Banking Industry</b>  
There is no institution specifically named the ""Federal Reserve Office of Banking Industry."" The Federal Reserve System was established in 1913 and serves as the central bank of the United States, but it does not specifically address the banking failures that led to the FDIC's creation in 1934.

<b>Conclusion</b>  
The establishment of the Federal Deposit Insurance Corporation in 1934 marked a pivotal moment in U.S. financial history, aimed at preventing future bank runs by insuring deposits. The other options listed either predate the banking crisis or are unrelated to the creation of deposit insurance, showcasing the unique role of the FDIC in stabilizing the banking industry during a time of economic turmoil.",,Regular,,/questions/which-institution-was-created-in-1934-after-the-ma,https://pokerexams.com/questions/which-institution-was-created-in-1934-after-the-ma-61934105
Business and Finance Licensing Exams,Certified Banking Professional,Certified Banking Professional Exams,Banking Certification Test Prep,,From 2010-2012 large fiscal deficits in several European countries caused a,financial crisis that weakened the euro.,rise in the required reserve ratio.,de-leveraging of currencies versus the euro.,reduction in systemic risk for euro bond holders.,,,,A,"<h2>Large fiscal deficits in several European countries caused a financial crisis that weakened the euro.</h2>  
The period from 2010 to 2012 was marked by significant fiscal challenges in several European nations, particularly those within the Eurozone. These large fiscal deficits led to a loss of confidence among investors, resulting in a financial crisis that severely impacted the euro's value.

<b>A) Large fiscal deficits in several European countries caused a financial crisis that weakened the euro.</b>  
This choice accurately captures the economic situation during 2010-2012, where high levels of government debt in countries like Greece, Spain, and Italy led to widespread financial instability. As a result, the euro experienced significant depreciation due to fears of defaults and the potential for further economic downturns.

<b>B) Financial crisis that weakened the euro.</b>  
While it is true that a financial crisis weakened the euro, this choice does not specify the underlying cause. The lack of mention regarding the large fiscal deficits fails to provide the necessary context to fully explain the weakening of the euro, making it an incomplete answer.

<b>C) Rise in the required reserve ratio.</b>  
This option refers to a monetary policy tool that central banks use to control liquidity in the banking system. However, during the period in question, the primary issue was not a rise in reserve ratios but rather the fiscal mismanagement of several Eurozone countries, which was the actual cause of the euro's decline.

<b>D) De-leveraging of currencies versus the euro.</b>  
De-leveraging refers to the reduction of debt levels, which was not the main factor affecting the euro during this period. The euro was weakened primarily due to fiscal crises in member countries rather than a general de-leveraging trend of other currencies compared to the euro.

<b>E) Reduction in systemic risk for euro bond holders.</b>  
This statement is misleading, as the period was characterized by increased systemic risk rather than a reduction. Investors faced heightened uncertainty regarding the stability of eurozone economies, leading to increased risk for bondholders, not a decrease.

<b>Conclusion</b>  
The economic turbulence in Europe from 2010 to 2012 was fundamentally driven by large fiscal deficits in several countries, which precipitated a financial crisis that undermined confidence in the euro. While other factors played roles in the broader economic landscape, it was these fiscal issues that directly led to the euro's significant weakening. Understanding this context is crucial for analyzing the events of that period and their lasting impacts on the Eurozone.",,Regular,,/questions/from-2010-2012,https://pokerexams.com/questions/from-2010-2012-45204242
Business and Finance Licensing Exams,Certified Banking Professional,Certified Banking Professional Exams,Banking Professional Practice Exam,,The amount of securities bought or sold at the Federal Reserve Bank desk in any one day depends on,gold market rates.,spot exchange rates.,future stock volatility.,current market conditions.,,,,D,"<h2>Current market conditions dictate the amount of securities bought or sold at the Federal Reserve Bank desk in any one day.</h2>  
The buying and selling of securities by the Federal Reserve is primarily influenced by the prevailing economic and financial market conditions. These conditions include factors like interest rates, inflation expectations, and overall economic activity, which guide the Fed's monetary policy decisions.

<b>A) Gold market rates</b>  
Gold market rates can influence investor sentiment and serve as a hedge against inflation, but they are not the primary determinants of the Federal Reserve's daily operations in the securities market. The Fed's decisions are more closely aligned with broader economic indicators rather than specific commodity prices like gold.

<b>B) Spot exchange rates</b>  
While spot exchange rates can affect the economy and influence monetary policy, they do not directly dictate the amount of securities traded by the Federal Reserve on a daily basis. The Fed's actions are more focused on domestic economic conditions rather than specific currency fluctuations.

<b>C) Future stock volatility</b>  
Future stock volatility is a factor that may influence investor behavior and market sentiment, but it does not serve as a direct guideline for the Federal Reserve's trading activities. The Fed is more concerned with macroeconomic stability and current market conditions than with predictions of future stock market fluctuations.

<b>D) Current market conditions</b>  
Current market conditions encompass a wide range of economic indicators, including inflation, unemployment, and interest rates, which are essential for the Federal Reserve in determining the appropriate amount of securities to buy or sell. This focus ensures that the Fed's actions are aligned with its monetary policy objectives.

<b>Conclusion</b>  
The Federal Reserve's daily buying and selling of securities is fundamentally driven by current market conditions, as these reflect the economic landscape that influences monetary policy. While factors like gold prices, exchange rates, and stock volatility may play a role in the broader market, they do not directly determine the Fed's immediate actions in the securities market. Understanding this relationship is crucial for grasping how the Federal Reserve manages liquidity and influences economic stability.",,Regular,,/questions/the-amount-of-securities-bought-or-sold-at-the-fed,https://pokerexams.com/questions/the-amount-of-securities-bought-or-sold-at-the-fed-60035657
Business and Finance Licensing Exams,Certified Banking Professional,Certified Banking Professional Exams,Banking Certification Test Prep,,Which of the following phrases defines the term money?,Accepted for payment of goods,Exchanged for precious metals,Certificate of deposit,Substitute for a commodity,,,,A,"<h2>Accepted for payment of goods.</h2>  
Money is primarily defined as an instrument that is universally accepted in exchange for goods and services, facilitating trade and economic transactions. This acceptance as a medium of exchange is a core characteristic that distinguishes money from other financial instruments.

<b>A) Accepted for payment of goods</b>  
This phrase accurately captures the essence of money as it highlights its role as a medium of exchange that is recognized and accepted by individuals and businesses for transactions. Money's primary function is to facilitate the buying and selling of goods and services, making this choice the correct definition.

<b>B) Exchanged for precious metals</b>  
While some historical forms of money, like gold and silver, were indeed exchanged for precious metals, this phrase is misleading in the context of modern money. Today's money is not limited to precious metals and can exist in various forms, such as fiat currency and digital currencies, which do not require backing by physical commodities.

<b>C) Certificate of deposit</b>  
A certificate of deposit (CD) is a financial product offered by banks that provides a fixed interest rate in exchange for the depositor's commitment to leave their money in the account for a specified term. While a CD is a financial instrument, it does not serve the primary function of money, which is to act as a medium of exchange.

<b>D) Substitute for a commodity</b>  
This phrase suggests that money can replace a commodity, but it does not fully define money itself. Money may derive value from commodities in some contexts, but its primary characteristic is its acceptance for payment, which is not captured by this choice. Money serves as a unit of account and a medium of exchange rather than merely substituting for a commodity.

<b>Conclusion</b>  
The definition of money is fundamentally rooted in its acceptance as a medium for payment in transactions. Choice A accurately reflects this key characteristic, distinguishing money from other financial instruments that may not fulfill the same role. Understanding this definition is essential for grasping the broader functions of money in economic systems and daily life.",,Regular,,/questions/which-of-the-following-phrases-defines-the-term-mo,https://pokerexams.com/questions/which-of-the-following-phrases-defines-the-term-mo-93986251
Business and Finance Licensing Exams,Certified Banking Professional,Certified Banking Professional Exams,Banking Professional Practice Exam,,Which of the following financial elements is manipulated by a central bank?,The monetary base,Tax rates,Nominal GDP,Import/export ratio,,,,A,"<h2>The monetary base is manipulated by a central bank.</h2>  
Central banks have the authority to influence the monetary base, which includes the total amount of a currency in circulation and the reserves held by commercial banks. This manipulation is typically achieved through tools such as open market operations, discount rates, and reserve requirements to control money supply and stabilize the economy.

<b>A) The monetary base</b>  
The monetary base is the primary tool available to central banks, as it directly impacts the money supply in the economy. By increasing or decreasing the monetary base, central banks can influence interest rates, inflation, and overall economic activity. This capability makes the monetary base a central focus of monetary policy.

<b>B) Tax rates</b>  
Tax rates are determined by government fiscal policy and legislation, not by central banks. While central banks may consider tax rates when formulating monetary policy, they do not have direct control over taxation. Changes in tax policy are made by legislative bodies and affect government revenue and economic behavior in different ways than monetary policy.

<b>C) Nominal GDP</b>  
Nominal GDP is a measure of a country's economic output without adjusting for inflation, and while central banks aim to influence economic growth through monetary policy, they do not manipulate GDP directly. Instead, they focus on adjusting interest rates and the monetary base to foster conditions that can lead to desired growth outcomes.

<b>D) Import/export ratio</b>  
The import/export ratio reflects a country's trade balance and is influenced by various factors, including currency value, trade agreements, and global market conditions. Central banks can indirectly affect this ratio through monetary policy actions that influence the exchange rate, but they do not directly manipulate trade ratios.

<b>Conclusion</b>  
Central banks primarily manipulate the monetary base to influence economic conditions, making it a crucial aspect of their monetary policy toolkit. In contrast, tax rates, nominal GDP, and the import/export ratio are influenced by broader governmental and economic factors, outside the direct control of central banking authorities. Understanding these distinctions is essential for comprehending the role of central banks in managing economic stability.",,Regular,,/questions/which-of-the-following-financial-elements-is-manip,https://pokerexams.com/questions/which-of-the-following-financial-elements-is-manip-64633591
Business and Finance Licensing Exams,Certified Banking Professional,Certified Banking Professional Exams,Banking Certification Test Prep,,Which of the following terms describes a decline in the value of the euro compared to the American dollar over time?,Appreciation,Amortization,Nominalization,Depreciation,,,,D,"<h2>Depreciation describes a decline in the value of the euro compared to the American dollar over time.</h2>  
Depreciation refers to the reduction in the value of a currency in relation to another currency, indicating that it takes more euros to purchase the same amount of dollars. This concept is crucial in understanding currency exchange rates and their fluctuations over time.

<br>

<b>A) Appreciation</b>  
Appreciation is the opposite of depreciation; it refers to an increase in the value of a currency compared to another currency. If the euro appreciates against the dollar, it means that the euro has strengthened, making it more valuable relative to the dollar, which is not the case in the context of a decline in value.

<br>

<b>B) Amortization</b>  
Amortization pertains to the gradual repayment of a loan or the allocation of an intangible asset's cost over time. It does not relate to currency value or exchange rates. Thus, this term is irrelevant when discussing changes in the value of currencies such as the euro and the dollar.

<br>

<b>C) Nominalization</b>  
Nominalization is a linguistic term that refers to the process of converting a verb or an adjective into a noun. This concept is unrelated to economic terms or currency valuation. Therefore, it does not apply to the discussion of the euro's decline in value against the dollar.

<br>

<b>Conclusion</b>  
In summary, depreciation accurately captures the scenario where the euro loses value against the American dollar. Understanding the difference between depreciation and appreciation is vital for analyzing currency trends and their implications for international trade and investment. The other terms—amortization and nominalization—are not relevant to currency valuation, emphasizing the importance of terminology in economic discussions.",,Regular,,/questions/which-of-the-following-terms-describes-a-decline-i,https://pokerexams.com/questions/which-of-the-following-terms-describes-a-decline-i-52574831
Business and Finance Licensing Exams,Certified Banking Professional,Certified Banking Professional Exams,Banking Professional Practice Exam,,Which of the following is the primary concern of the Federal Reserve acting too quickly to restore its balance sheet to similar levels before the financial crisis of 2008?,Reduced liquidity and a slow-down in the economy,Reduced liquidity and too rapid economic growth,Rapid monetary expansion and a slow-down in the economy,Rapid monetary expansion and inflation,,,,A,"<h2>Reduced liquidity and a slow-down in the economy.</h2>  
If the Federal Reserve acts too quickly to restore its balance sheet, it may inadvertently reduce liquidity in the financial system, which can lead to a slow-down in economic growth. A rapid contraction of monetary policy can restrict access to credit, hampering investment and consumer spending.

<b>A) Reduced liquidity and a slow-down in the economy</b>  
This choice accurately identifies the primary concern. Quick actions to restore the balance sheet may result in reduced liquidity, making it more difficult for banks and consumers to access funds, ultimately slowing down economic activity. Such a scenario can lead to a negative feedback loop that stifles recovery efforts after a financial crisis.

<b>B) Reduced liquidity and too rapid economic growth</b>  
While reduced liquidity is a valid concern, the outcome of rapid actions by the Federal Reserve is more likely to slow down the economy rather than spur rapid growth. Quick tightening of monetary policy can constrain borrowing and spending, which would not support a scenario of rapid economic expansion.

<b>C) Rapid monetary expansion and a slow-down in the economy</b>  
This option incorrectly pairs rapid monetary expansion with an economic slow-down. If the Fed were to expand its balance sheet quickly, it would typically increase liquidity and stimulate growth, rather than cause a slow-down. Therefore, this choice misrepresents the relationship between monetary policy actions and economic outcomes.

<b>D) Rapid monetary expansion and inflation</b>  
While rapid monetary expansion can indeed lead to inflation, this is not the primary concern when the Fed acts too quickly to restore its balance sheet. The immediate risk is more about liquidity and the potential for an economic slow-down, rather than inflation which tends to be a longer-term consequence of sustained expansion.

<b>Conclusion</b>  
The Federal Reserve's approach to managing its balance sheet post-crisis must be cautious to avoid unintended consequences. Rapidly restoring balance can lead to reduced liquidity and hinder economic growth, making it essential for policymakers to strike a balance that supports recovery without stifling the economy. The focus should remain on ensuring adequate liquidity to foster sustainable growth rather than rushing to previous levels.",,Regular,,/questions/which-of-the-following-is-the-primary-concern-of-t,https://pokerexams.com/questions/which-of-the-following-is-the-primary-concern-of-t-62252627
Business and Finance Licensing Exams,Certified Banking Professional,Certified Banking Professional Exams,Banking Certification Test Prep,,Which organization produces official measures of the total money supply in the United States?,The Philadelphia Mint,The National Congress Administration,The Federal Reserve System,The Congressional Budget Office,,,,C,"<h2>The Federal Reserve System produces official measures of the total money supply in the United States.</h2>  
The Federal Reserve System, as the central bank of the United States, is responsible for formulating and implementing monetary policy, which includes the assessment and reporting of the total money supply through various measures such as M1 and M2.

<b>A) The Philadelphia Mint</b>  
The Philadelphia Mint primarily focuses on coin production, storage, and distribution of U.S. currency. While it plays an important role in the U.S. currency system, it does not engage in measuring or reporting the total money supply.

<b>B) The National Congress Administration</b>  
There is no organization known as the National Congress Administration in the context of U.S. financial measurements. The legislative body, Congress, does not directly produce measures of the money supply; this role is reserved for the Federal Reserve.

<b>C) The Federal Reserve System</b>  
As the central banking system of the United States, the Federal Reserve conducts comprehensive analyses and reports on the money supply, influencing monetary policy and economic stability. Its measurement of money supply includes various aggregates that provide insights into the economy.

<b>D) The Congressional Budget Office</b>  
The Congressional Budget Office (CBO) focuses on providing budgetary and economic analyses to Congress, including projections of federal spending and revenue. However, it does not produce official measures of the money supply; that task falls under the jurisdiction of the Federal Reserve.

<b>Conclusion</b>  
The Federal Reserve System is the authoritative body responsible for measuring the total money supply in the United States, utilizing various monetary aggregates to inform economic policy. Other organizations mentioned do not fulfill this role, underscoring the unique position of the Federal Reserve in monitoring and managing the nation's monetary system.",,Regular,,/questions/which-organization-produces-official-measures-of-t,https://pokerexams.com/questions/which-organization-produces-official-measures-of-t-79762888
Business and Finance Licensing Exams,Certified Banking Professional,Certified Banking Professional Exams,Banking Professional Practice Exam,,Which of the following failures convinced the nation that a Federal Reserve System was needed?,Business,Agency,Agriculture,Bank,,,,D,"<h2>Bank failures convinced the nation that a Federal Reserve System was needed.</h2>  
The widespread bank failures during the early 20th century, particularly the Panic of 1907, highlighted the inadequacies of the existing financial system and emphasized the need for a central banking authority to stabilize the economy and provide a safety net for banks.

<b>A) Business</b>  
Business failures contributed to economic instability, but they were not the primary catalyst for the formation of the Federal Reserve System. While economic downturns can impact businesses, the direct failures of banks during financial crises were more influential in shaping public opinion about the need for a centralized banking system.

<b>B) Agency</b>  
The term ""agency"" does not specifically refer to a type of failure associated with the financial crises of the time. The concept of a Federal Reserve System emerged from the need to address systemic banking issues rather than failures of governmental or regulatory agencies, which were not the main drivers for its establishment.

<b>C) Agriculture</b>  
Agricultural failures, while significant during various economic downturns, were not the central issue that led to the creation of the Federal Reserve. The focus on stabilizing the banking sector was more pressing, as bank failures directly affected the availability of credit to all sectors, including agriculture.

<b>D) Bank</b>  
The failures of banks were crucial in demonstrating the fragility of the financial system, particularly during crises like the Great Depression. These failures eroded public confidence and made it clear that a more robust and centralized banking system was necessary to prevent future financial disasters.

<b>Conclusion</b>  
The establishment of the Federal Reserve System was a direct response to the widespread bank failures that revealed the vulnerabilities within the American financial system. By addressing these banking crises, the Federal Reserve aimed to provide stability and confidence in the banking sector, ensuring a safer economic environment for all sectors of the economy.",,Regular,,/questions/which-of-the-following-failures-convinced-the-nati,https://pokerexams.com/questions/which-of-the-following-failures-convinced-the-nati-15654027
Business and Finance Licensing Exams,Certified Banking Professional,Certified Banking Professional Exams,Banking Certification Test Prep,,Which of the following phrases summarizes attitudes regarding the Troubled Asset Relief Program when it was first passed and in retrospect?,Extremely unpopular,Widely popular,Had no effect,Underutilized,,,,A,"<h2>Extremely unpopular</h2>  
When the Troubled Asset Relief Program (TARP) was initially passed, it faced significant backlash from the public, with many viewing it as a bailout for banks at the expense of taxpayers. In retrospect, this sentiment largely remains, as many criticize the program for its perceived ineffectiveness and the lack of accountability in financial institutions.

<b>A) Extremely unpopular</b>  
This choice accurately reflects the public sentiment both at the time of TARP's passage and in later evaluations. Initially, many Americans expressed outrage over the use of taxpayer money to support failing banks, resulting in low approval ratings for the program. Historical analyses also indicate that the program did not restore confidence in the financial system as intended, leading to continued criticism.

<b>B) Widely popular</b>  
This option misrepresents the public sentiment surrounding TARP. At its inception, the program was met with skepticism and disapproval from many stakeholders, including taxpayers who felt they were footing the bill for corporate failures. While some may argue that it eventually stabilized the economy, its initial reception was far from popular.

<b>C) Had no effect</b>  
This choice overlooks the significant impact TARP had on the financial system, albeit a controversial one. While it may not have achieved all its goals, TARP did play a crucial role in preventing a complete financial collapse, which suggests that it had a notable effect, albeit not universally viewed as positive.

<b>D) Underutilized</b>  
This option suggests that TARP was not fully deployed or used effectively, which is misleading. In fact, the program was extensively utilized by banks and financial institutions that accessed the funds. The criticism stemmed more from how the funds were used and the outcomes of those interventions rather than from a lack of utilization.

<b>Conclusion</b>  
TARP's initial and ongoing perception as ""extremely unpopular"" highlights the significant public discontent regarding government intervention in the financial crisis. While it aimed to stabilize the economy, the program's legacy is marred by criticism of its effectiveness and the burden it placed on taxpayers, underscoring the complex relationship between public policy and public opinion.",,Regular,,/questions/which-of-the-following-phrases-summarizes-attitude,https://pokerexams.com/questions/which-of-the-following-phrases-summarizes-attitude-67891124
Business and Finance Licensing Exams,Certified Banking Professional,Certified Banking Professional Exams,Banking Professional Practice Exam,,To which of the following does the term quantitative easing refer?,An expansion of the Federal Reserve's balance sheet by purchasing assets,A gradual but continued reduction in the target discount rate,A broad and prolonged sale of Treasury securities,Providing liquidity to financial institutions other than banks,,,,A,"<h2>An expansion of the Federal Reserve's balance sheet by purchasing assets.</h2>  
Quantitative easing (QE) refers specifically to a monetary policy tool used by central banks, including the Federal Reserve, to stimulate the economy by purchasing financial assets, thereby increasing the money supply and lowering interest rates.

<b>A) An expansion of the Federal Reserve's balance sheet by purchasing assets</b>  
This option accurately describes quantitative easing, as it involves the central bank acquiring long-term securities to inject liquidity into the economy. This action increases the monetary base, encourages lending and investment, and aims to promote economic growth during periods of low interest rates.

<b>B) A gradual but continued reduction in the target discount rate</b>  
This choice refers to a different monetary policy action known as interest rate cuts, where the central bank reduces the rate at which banks borrow from it. While lowering interest rates can complement QE, it does not encompass the asset purchasing aspect that characterizes quantitative easing.

<b>C) A broad and prolonged sale of Treasury securities</b>  
This option describes the opposite of quantitative easing, as it involves the central bank selling securities to reduce liquidity in the financial system. Such actions are typically associated with tightening monetary policy rather than the expansionary measures inherent in QE.

<b>D) Providing liquidity to financial institutions other than banks</b>  
While this choice touches on the broader objective of enhancing liquidity in the financial system, it does not specifically represent quantitative easing. QE primarily focuses on asset purchases by the central bank rather than direct liquidity provisions to non-bank financial institutions.

<b>Conclusion</b>  
Quantitative easing is a strategic monetary policy employed by central banks to stimulate economic activity through asset purchases, thereby expanding their balance sheets. This contrasts with other monetary policy actions such as interest rate adjustments or selling securities, which serve different economic purposes. Understanding these distinctions is crucial for comprehending the mechanisms of modern financial systems and their responses to economic challenges.",,Regular,,/questions/to-which-of-the-following-does-the-term-quantitati,https://pokerexams.com/questions/to-which-of-the-following-does-the-term-quantitati-84543643
Business and Finance Licensing Exams,Certified Banking Professional,Certified Banking Professional Exams,Banking Certification Test Prep,,Which of the following is a characteristic of a sweep account?,The loss of deposits from the banking system restricting the amount of funds that banks could transfer,A new class of residential mortgages offered to borrowers with less-than-stellar credit records,A type of structure of a demand deposit account offered for treasury transactions,Balances above a certain amount in a checking account are daily invested in overnight securities,,,,D,"<h2>Balances above a certain amount in a checking account are daily invested in overnight securities.</h2>  
Sweep accounts are designed to maximize the interest earned on funds by automatically transferring excess balances into higher-yielding investments, such as overnight securities, typically on a daily basis. This feature allows account holders to optimize their cash management while maintaining liquidity.

<b>A) The loss of deposits from the banking system restricting the amount of funds that banks could transfer</b>  
This statement relates to broader banking issues and regulations rather than the specific features of sweep accounts. Sweep accounts focus on managing excess funds rather than addressing the implications of deposit losses within the banking system.

<b>B) A new class of residential mortgages offered to borrowers with less-than-stellar credit records</b>  
This choice describes a type of mortgage product and is unrelated to the functionality of a sweep account. Sweep accounts pertain to cash management, not lending or mortgage options, making this description irrelevant to the question.

<b>C) A type of structure of a demand deposit account offered for treasury transactions</b>  
While this choice mentions a demand deposit account, it inaccurately describes the nature of sweep accounts. Sweep accounts are specifically designed for efficient cash management through automatic transfers, rather than being limited to treasury transactions.

<b>D) Balances above a certain amount in a checking account are daily invested in overnight securities</b>  
This option accurately represents the primary function of a sweep account, which seeks to enhance the yield on funds by investing excess balances in short-term, low-risk securities. This characteristic is essential for businesses and individuals looking to maximize their cash efficiency.

<b>Conclusion</b>  
Sweep accounts facilitate optimal cash management by automatically investing excess balances from checking accounts into overnight securities, thereby generating additional interest income. The other options focus on unrelated concepts, such as banking regulations, mortgage products, or specific account structures, which do not capture the essence of sweep accounts. Thus, option D is the only choice that correctly defines this financial tool.",,Regular,,/questions/which-of-the-following-is-a-characteristic-of-a-sw,https://pokerexams.com/questions/which-of-the-following-is-a-characteristic-of-a-sw-79670149
Business and Finance Licensing Exams,Certified Banking Professional,Certified Banking Professional Exams,Banking Professional Practice Exam,,Real interest rates are difficult to measure because,data is not available in a timely manner,Treasury fluctuation creates inaccuracy,Federal Reserve cannot control terms,it is hard to determine future inflation,,,,D,"<h2>It is hard to determine future inflation.</h2>  
Real interest rates are calculated by adjusting nominal interest rates for the effects of inflation, making accurate predictions of future inflation crucial. Since inflation can be influenced by numerous unpredictable factors, estimating it precisely is inherently challenging, thus complicating the measurement of real interest rates.

<b>A) Data is not available in a timely manner</b>  
While timely data can be a concern in economic measurements, it is not the primary reason real interest rates are difficult to measure. The main issue lies in anticipating future inflation rather than the speed of data availability. Real interest rates can still be calculated using existing data, despite potential delays in economic reporting.

<b>B) Treasury fluctuation creates inaccuracy</b>  
Fluctuations in Treasury yields may affect nominal interest rates, but they do not directly impact the measurement of real interest rates. The challenge lies more in the need for accurate inflation forecasts than in the variability of Treasury yields. Thus, this choice does not address the core difficulty in measuring real interest rates.

<b>C) Federal Reserve cannot control terms</b>  
While the Federal Reserve influences interest rates through monetary policy, it does not directly set real interest rates. The difficulty in measuring real interest rates stems from the uncertainty surrounding future inflation rather than the Fed's inability to control specific terms. Therefore, this option is misleading.

<b>Conclusion</b>  
Real interest rates are challenging to measure primarily due to the difficulty of accurately predicting future inflation. While there are various contributing factors, such as data timeliness and Treasury fluctuations, these are secondary to the inherent uncertainty of inflation forecasts. Understanding this distinction is crucial for analyzing economic conditions and making informed financial decisions.",,Regular,,/questions/real-interest-rates-are-difficult-to-measure-becau,https://pokerexams.com/questions/real-interest-rates-are-difficult-to-measure-becau-38228091
Business and Finance Licensing Exams,Certified Banking Professional,Certified Banking Professional Exams,Banking Certification Test Prep,,Which of the following represents the value of money determined by the costs of a broad range of goods?,Dow Jones Index,S&P 500 Index,Consumer Price Index,Nasdaq Index,,,,C,"<h2>Consumer Price Index represents the value of money determined by the costs of a broad range of goods.</h2>  
The Consumer Price Index (CPI) measures the average change over time in the prices paid by consumers for a basket of goods and services, making it a key indicator of inflation and the purchasing power of money.

<b>A) Dow Jones Index</b>  
The Dow Jones Index is a stock market index that tracks 30 significant publicly traded companies in the U.S. It reflects the performance of the stock market rather than the price changes of consumer goods, thus it does not represent the value of money in the context of consumer purchasing power.

<b>B) S&P 500 Index</b>  
The S&P 500 Index is another stock market index that measures the stock performance of 500 large companies listed on stock exchanges in the U.S. While it provides insight into the equity market's performance, it does not account for the prices of goods and services that consumers purchase, therefore it is not a measure of the value of money.

<b>C) Consumer Price Index</b>  
The Consumer Price Index accurately reflects the value of money as it tracks the changes in prices of a comprehensive range of goods and services consumed by households. This index is crucial for understanding inflation and the impact on consumer purchasing power, which is why it is the correct answer.

<b>D) Nasdaq Index</b>  
The Nasdaq Index primarily represents the performance of stocks listed on the Nasdaq stock exchange, focusing on technology and internet-based companies. Similar to other stock indices, it does not reflect the costs of consumer goods, making it irrelevant when discussing the value of money in terms of consumer prices.

<b>Conclusion</b>  
The Consumer Price Index is essential for evaluating the value of money based on the cost of a broad range of goods and services. In contrast, the other options—Dow Jones, S&P 500, and Nasdaq indices—focus solely on stock market performance and do not provide insights into consumer price changes or inflation. Understanding CPI is crucial for assessing economic conditions and the purchasing power of consumers.",,Regular,,/questions/which-of-the-following-represents-the-value-of-mon,https://pokerexams.com/questions/which-of-the-following-represents-the-value-of-mon-56070238
Business and Finance Licensing Exams,Certified Banking Professional,Certified Banking Professional Exams,Banking Professional Practice Exam,,Ben Bernanke is an advocate of which of the following policies?,Preemptive,Inflation targeting,Exchange rate targeting,Monetary targeting,,,,B,"<h2>Ben Bernanke is an advocate of inflation targeting.</h2>  
As a former Chairman of the Federal Reserve, Ben Bernanke supported the policy of inflation targeting as a means to ensure price stability and guide monetary policy effectively. This approach aims to keep inflation within a specified range, which helps to foster economic stability and predictability.

<b>A) Preemptive</b>  
Preemptive policies involve taking action to prevent potential economic problems before they arise. While Bernanke may have utilized preemptive measures during his tenure, it is not the central policy he is widely known for advocating. His focus was primarily on maintaining stable inflation rather than merely preemptively addressing economic threats.

<b>B) Inflation targeting</b>  
Inflation targeting is a monetary policy strategy that Bernanke actively promoted, emphasizing the importance of maintaining a specific inflation rate to promote economic growth and stability. This approach allows central banks to anchor expectations about future inflation, which is crucial for effective monetary policy and overall economic health.

<b>C) Exchange rate targeting</b>  
Exchange rate targeting involves fixing a country's currency value to that of another currency or a basket of currencies. Bernanke did not advocate for this approach; instead, he emphasized focusing on domestic inflation and economic conditions rather than tying monetary policy to exchange rates, which can be influenced by various external factors.

<b>D) Monetary targeting</b>  
Monetary targeting refers to setting targets for money supply growth as a means to control inflation. Although this was a more common practice in earlier decades, Bernanke's approach leaned towards inflation targeting, where the focus is on the inflation rate rather than the money supply itself.

<b>Conclusion</b>  
Ben Bernanke's advocacy for inflation targeting reflects his commitment to maintaining price stability as a core objective of monetary policy. While other methods such as preemptive, exchange rate, and monetary targeting exist, they do not encapsulate his primary focus during his chairmanship. Inflation targeting remains a key strategy in modern central banking, illustrating its importance in achieving sustainable economic growth and stability.",,Regular,,/questions/ben-bernanke-is-an-advocate-of-which-of-the-follow,https://pokerexams.com/questions/ben-bernanke-is-an-advocate-of-which-of-the-follow-73496019
Business and Finance Licensing Exams,Certified Banking Professional,Certified Banking Professional Exams,Banking Certification Test Prep,,How many Federal Reserve Bank presidents have a vote on the Federal Open Market Committee?,Six,Five,Eight,Twelve,,,,C,"<h2>Eight Federal Reserve Bank presidents have a vote on the Federal Open Market Committee.</h2>  
The Federal Open Market Committee (FOMC) consists of twelve members, but only eight of the twelve Federal Reserve Bank presidents have a voting role at any given time, with the remaining four serving as non-voting members on a rotating basis.

<b>A) Six</b>  
Six is incorrect because it underestimates the number of Federal Reserve Bank presidents who participate in voting on the FOMC. While some members may rotate off, the total number of voting presidents is consistently eight, not six.

<b>B) Five</b>  
The choice of five is also incorrect, as it does not reflect the actual structure of the FOMC. The committee is designed to have eight voting presidents, ensuring a broader representation of the Federal Reserve System in monetary policy decisions.

<b>C) Eight</b>  
This is the correct answer since eight Federal Reserve Bank presidents have a vote on the FOMC at any given time, reflecting the FOMC's design to balance representation among the Federal Reserve Banks while allowing for a rotating system of non-voting members.

<b>D) Twelve</b>  
Twelve is incorrect because it represents the total number of Federal Reserve Banks, not the number of voting presidents on the FOMC. Although all twelve presidents are involved in discussions, only eight have a vote in decision-making processes at any one time.

<b>Conclusion</b>  
The structure of the Federal Open Market Committee is such that eight out of the twelve Federal Reserve Bank presidents maintain voting rights, ensuring effective representation and a balanced approach to monetary policy. This system allows for a rotation among the remaining four presidents, facilitating diverse input while maintaining a consistent decision-making framework. Understanding this voting structure is crucial for comprehending how monetary policy is formulated in the United States.",,Regular,,/questions/how-many-federal-reserve-bank-presidents-have-a-vo,https://pokerexams.com/questions/how-many-federal-reserve-bank-presidents-have-a-vo-54932666
Business and Finance Licensing Exams,Certified Banking Professional,Certified Banking Professional Exams,Banking Professional Practice Exam,,The velocity of money provides the link between M and P* Y. What does Y stand for?,Aggregate demand,Function of input,Aggregate output,Function of demand,,,,C,"<h2>Y stands for aggregate output.</h2>  
In the equation of the velocity of money, Y represents the total economic output, which is the total value of goods and services produced in an economy over a specific period. This output is crucial for understanding how money supply (M) interacts with price levels (P) to determine overall economic activity.

<b>A) Aggregate demand</b>  
Aggregate demand refers to the total demand for goods and services within an economy at a given overall price level and in a specified time period. While it plays a vital role in economic theory, it does not directly represent the volume of output produced, which is what Y signifies in the context of the velocity of money.

<b>B) Function of input</b>  
The term ""function of input"" generally relates to production theory, describing how various inputs are transformed into outputs. However, it does not correspond to a specific economic measure like Y in the velocity of money equation, which focuses on the overall output of goods and services rather than the relationship of inputs to outputs.

<b>C) Aggregate output</b>  
Aggregate output is the total quantity of goods and services produced in an economy, which is precisely what Y denotes in the velocity of money formula. This measure is fundamental in macroeconomic analysis, as it directly reflects the health and performance of an economy.

<b>D) Function of demand</b>  
The function of demand describes the relationship between the quantity demanded of a good and its price, typically visualized through demand curves. While important for analyzing market behavior, it does not represent the overall economic output, which is the focus of Y in the velocity of money framework.

<b>Conclusion</b>  
In the context of the velocity of money, Y specifically refers to aggregate output, emphasizing the total production in the economy. Understanding this relationship is crucial for analyzing the dynamics between money supply, price levels, and economic performance. Other options, while relevant in economic theory, do not accurately define the role of Y in this critical equation.",,Regular,,/questions/the-velocity-of-money-provides-the-link-between-m,https://pokerexams.com/questions/the-velocity-of-money-provides-the-link-between-m-71762744
Business and Finance Licensing Exams,Certified Banking Professional,Certified Banking Professional Exams,Banking Certification Test Prep,,The Federal Reserve reserve requirements are important because they determine the amount of funds,the Federal Reserve must hold in the state in order to back the deposits.,financial institutions must hold at the state level in order to back their deposits.,the Federal Reserve must hold at the financial institutions in order to back the deposits.,financial institutions must hold at the Federal Reserve in order to back their deposits.,,,,D,"<h2>Financial institutions must hold at the Federal Reserve in order to back their deposits.</h2>  
The Federal Reserve's reserve requirements dictate the minimum amount of funds that financial institutions must hold in reserve, specifically at the Federal Reserve. This regulation ensures that banks maintain adequate liquidity to meet withdrawal demands and support the overall stability of the financial system.

<b>A) The Federal Reserve must hold in the state in order to back the deposits.</b>  
This choice incorrectly implies that the Federal Reserve holds reserves at the state level. In reality, the Federal Reserve operates as the central bank of the United States and does not hold reserves specifically at the state level; instead, it requires banks to maintain reserves at its own institutions.

<b>B) Financial institutions must hold at the state level in order to back their deposits.</b>  
This option misrepresents the location of required reserves. While financial institutions may have local branches, the reserve requirements are not determined at the state level but are mandated by the Federal Reserve, which requires banks to maintain reserves at its own facilities.

<b>C) The Federal Reserve must hold at the financial institutions in order to back the deposits.</b>  
This choice reverses the relationship between the Federal Reserve and financial institutions. It suggests that the Federal Reserve is required to hold reserves at the banks, which is incorrect; rather, it is the banks that must hold reserves at the Federal Reserve to ensure they can meet customer withdrawals.

<b>Conclusion</b>  
The reserve requirements set by the Federal Reserve play a crucial role in the banking system by mandating that financial institutions maintain a certain level of reserves at the Federal Reserve itself. This requirement is essential for safeguarding depositor funds and promoting financial stability, while the incorrect options misinterpret the dynamics of reserve holdings and their implications.",,Regular,,/questions/the-federal-reserve-reserve-requirements-are-impor,https://pokerexams.com/questions/the-federal-reserve-reserve-requirements-are-impor-27226093
Business and Finance Licensing Exams,Certified Banking Professional,Certified Banking Professional Exams,Banking Professional Practice Exam,,Which of the following is the intended result of a decision by the Federal Reserve to purchase Treasury securities in the open market?,To slow the economy down,To counter inflationary pressures,To stimulate the economy,To provide the Treasury with funds,,,,C,"<h2>To stimulate the economy.</h2>  
When the Federal Reserve purchases Treasury securities in the open market, it injects liquidity into the financial system, thereby lowering interest rates and encouraging borrowing and spending. This action is aimed at stimulating economic growth, especially during periods of economic downturn or recession.

<b>A) To slow the economy</b>  
The Federal Reserve does not aim to slow the economy through the purchase of Treasury securities; rather, this action is designed to increase money supply and lower interest rates, which typically stimulates economic activity. Slowing the economy is generally achieved through contractionary measures, such as selling securities.

<b>B) To counter inflationary pressures</b>  
Purchasing Treasury securities in the open market does not directly counter inflationary pressures; in fact, this action is more associated with combating economic slowdowns. To address inflation, the Federal Reserve would typically increase interest rates or sell securities to reduce the money supply.

<b>C) To stimulate the economy</b>  
The act of purchasing Treasury securities is specifically intended to stimulate the economy by increasing liquidity, lowering interest rates, and promoting borrowing and investment. This is a common strategy used by the Federal Reserve in expansionary monetary policy to boost economic growth.

<b>D) To provide the Treasury with funds</b>  
While the purchase of Treasury securities does involve the exchange of funds, its primary purpose is not to provide the Treasury with immediate funding. Instead, it is a tool for managing monetary policy, impacting overall economic conditions rather than directly financing government operations.

<b>Conclusion</b>  
The Federal Reserve's decision to purchase Treasury securities is primarily aimed at stimulating the economy by increasing the money supply and encouraging lending and spending. This strategy is a key component of expansionary monetary policy, particularly during economic downturns, and differs significantly from actions intended to slow economic growth or counter inflation directly. Understanding these distinctions is crucial for comprehending the mechanisms of monetary policy.",,Regular,,/questions/which-of-the-following-is-the-intended-result-of-a,https://pokerexams.com/questions/which-of-the-following-is-the-intended-result-of-a-97653260
Business and Finance Licensing Exams,Certified Banking Professional,Certified Banking Professional Exams,Banking Certification Test Prep,,The conclusion that an increase in the money supply will lead to lower interest rates is based on which of the following effects?,Real price level,Expected inflation,Income stabilization,Liquidity preference,,,,D,"<h2>Liquidity preference explains that an increase in the money supply will lead to lower interest rates.</h2>  
The liquidity preference theory posits that as the money supply increases, individuals have more cash available, which reduces the need to borrow and consequently drives interest rates down. This relationship underscores the inverse connection between money supply and interest rates in economic theory.

<b>A) Real price level</b>  
The real price level refers to the value of goods and services adjusted for inflation. While changes in the money supply can affect price levels, they do not directly explain the mechanism by which increased money supply leads to lower interest rates. This concept primarily relates to inflation rather than to interest rates directly.

<b>B) Expected inflation</b>  
Expected inflation can influence interest rates, as lenders may demand higher rates to compensate for anticipated decreases in purchasing power. However, this does not address the immediate impact of an increased money supply on interest rates. The relationship between money supply and interest rates is more directly articulated through liquidity preference rather than expected inflation alone.

<b>C) Income stabilization</b>  
Income stabilization involves maintaining consistent income levels across the economy, which can be a goal of monetary policy. While a larger money supply may contribute to stabilizing incomes by promoting spending and investment, it does not directly explain the reduction in interest rates that results from increased liquidity in the market.

<b>D) Liquidity preference</b>  
Liquidity preference theory asserts that as the money supply increases, individuals prefer to hold more liquid assets, leading to an excess supply of money in the economy. This surplus causes interest rates to fall as banks and lenders reduce rates to encourage borrowing and spending, thereby facilitating economic growth.

<b>Conclusion</b>  
The relationship between money supply and interest rates is fundamentally explained by liquidity preference, which shows that an increased money supply can lower interest rates by creating excess liquidity in the market. Other options, such as real price level, expected inflation, and income stabilization, do not directly elucidate this mechanism, emphasizing the unique role of liquidity preference in monetary economics.",,Regular,,/questions/the-conclusion-that-an-increase-in-the-money-suppl,https://pokerexams.com/questions/the-conclusion-that-an-increase-in-the-money-suppl-20669099
Business and Finance Licensing Exams,Certified Banking Professional,Certified Banking Professional Exams,Banking Professional Practice Exam,,Which of the following government agencies conducts monetary policy in the United States?,Central Bank,US Treasury,Department of Commerce,House of Representatives,,,,A,"<h2>Central Bank conducts monetary policy in the United States.</h2>  
The Central Bank, known as the Federal Reserve, is responsible for formulating and implementing monetary policy in the U.S. This involves managing interest rates and the money supply to promote economic stability and growth.

<b>A) Central Bank</b>  
The Central Bank, specifically the Federal Reserve System, is tasked with conducting monetary policy in the United States. It regulates the economy by manipulating interest rates and controlling the money supply, which are essential tools for managing inflation and fostering employment.

<b>B) US Treasury</b>  
The US Treasury is primarily responsible for managing government revenue and expenditures, including issuing debt and collecting taxes. While it plays a crucial role in fiscal policy, it does not conduct monetary policy, which is exclusively the domain of the Central Bank.

<b>C) Department of Commerce</b>  
The Department of Commerce focuses on promoting economic growth, job creation, and sustainable development. Its responsibilities include gathering economic data and supporting business, but it does not have a role in conducting monetary policy.

<b>D) House of Representatives</b>  
The House of Representatives is part of the legislative branch of the U.S. government and is involved in creating laws, including those related to fiscal policy. However, it does not conduct monetary policy, which is managed by the Central Bank.

<b>Conclusion</b>  
The Central Bank is the sole agency responsible for conducting monetary policy in the United States, using tools like interest rate adjustments and money supply regulation to influence economic conditions. Other government entities, while important in their respective roles, do not engage in monetary policy, underscoring the unique position of the Central Bank in economic management.",,Regular,,/questions/which-of-the-following-government-agencies-conduct,https://pokerexams.com/questions/which-of-the-following-government-agencies-conduct-67824882
Business and Finance Licensing Exams,Certified Banking Professional,Certified Banking Professional Exams,Banking Certification Test Prep,,Which of the following is a primary characteristic of Keynes' liquidity preference theory correlating nominal income and nominal money demand?,Negative correlation,Positive correlation,No correlation,Equal correlation,,,,B,"<h2>Keynes' liquidity preference theory identifies a positive correlation between nominal income and nominal money demand.</h2>  
According to Keynes, as nominal income increases, individuals and businesses demand more money for transactions, establishing a direct relationship where higher income leads to an increased demand for money.

<b>A) Negative correlation</b>  
A negative correlation would suggest that as nominal income rises, the demand for money decreases, which contradicts Keynes' theory. In fact, higher nominal income typically leads to greater spending needs, resulting in increased money demand rather than a decrease.

<b>B) Positive correlation</b>  
The positive correlation signifies that with an increase in nominal income, the demand for money also increases. This relationship reflects the basic premise of liquidity preference, where individuals require more liquid assets to facilitate higher levels of transactions, supporting the idea that demand for money is directly tied to income levels.

<b>C) No correlation</b>  
Claiming there is no correlation implies that changes in nominal income have no effect on money demand. This stance opposes Keynesian economics, which clearly illustrates the dependence of money demand on income levels through the liquidity preference framework.

<b>D) Equal correlation</b>  
An equal correlation would suggest that changes in nominal income and money demand occur at the same rate, which is not a characteristic defined by Keynes. While both variables move together, the nature of their relationship is not equal but rather positively correlated, emphasizing that as income changes, the demand for money adjusts accordingly but not necessarily at the same magnitude.

<b>Conclusion</b>  
Keynes' liquidity preference theory asserts that there is a positive correlation between nominal income and nominal money demand, meaning that as income increases, so does the demand for money. This relationship is fundamental to understanding monetary policy and economic behavior, highlighting the importance of income levels in determining liquidity preferences among individuals and businesses.",,Regular,,/questions/which-of-the-following-is-a-primary-characteristic,https://pokerexams.com/questions/which-of-the-following-is-a-primary-characteristic-37647570
Business and Finance Licensing Exams,Certified Banking Professional,Certified Banking Professional Exams,Banking Professional Practice Exam,,In an inflationary environment an individual has,no purchasing power.,less purchasing power.,more purchasing power.,an equivalent purchasing power.,,,,B,"<h2>In an inflationary environment, an individual has no purchasing power.</h2>  
Inflation erodes the value of money, leading to a decrease in purchasing power as prices of goods and services rise. When inflation is present, individuals find that their income does not stretch as far as it once did, effectively diminishing their ability to buy the same amount of goods or services.

<b>A) an individual has</b>  
This choice is vague and incomplete, as it does not specify the nature of purchasing power in an inflationary environment. Simply stating ""an individual has"" does not convey any relevant information about the economic effects of inflation on purchasing power.

<b>B) no purchasing power.</b>  
This statement accurately reflects the impact of inflation on purchasing power. As prices increase, the real value of money decreases, meaning that individuals cannot buy as much as they could before inflation occurred. This loss of purchasing power is a key characteristic of inflationary environments.

<b>C) less purchasing power.</b>  
While this option suggests a decrease in purchasing power, it is misleading in the context of high inflation. In extreme inflation, the term ""less"" may imply that some purchasing power remains, which is not accurate; individuals may find themselves with effectively no purchasing power to maintain their previous consumption levels.

<b>D) more purchasing power.</b>  
This choice is incorrect because inflation directly decreases the real value of money. Saying that individuals have more purchasing power contradicts the fundamental nature of inflation, which is characterized by rising prices and diminishing purchasing capability.

<b>E) an equivalent purchasing power.</b>  
This option is inaccurate as it implies that purchasing power remains unchanged despite rising prices. In an inflationary environment, prices increase, leading to a clear reduction in the ability to purchase goods and services, making equivalent purchasing power impossible.

<b>Conclusion</b>  
In summary, inflation fundamentally diminishes purchasing power, leading to the conclusion that in an inflationary environment, individuals effectively have no purchasing power. This understanding highlights the significant economic challenges posed by inflation, impacting consumer behavior and overall economic stability.",,Regular,,/questions/in-an-inflationary-environment,https://pokerexams.com/questions/in-an-inflationary-environment-11791204
Business and Finance Licensing Exams,Certified Banking Professional,Certified Banking Professional Exams,Banking Certification Test Prep,,Which of the following locations of the Federal Reserve Bank executes the sale of government securities?,Chicago,Boston,New York,San Francisco,,,,C,"<h2>New York executes the sale of government securities for the Federal Reserve Bank.</h2>  
The Federal Reserve Bank of New York plays a crucial role in the execution of monetary policy, including the sale of government securities, as it is the primary operational arm of the Federal Reserve System in financial markets.

<b>A) Chicago</b>  
While the Federal Reserve Bank of Chicago is an important regional bank, it does not handle the direct execution of government securities sales. Its focus is more on economic research and community development within its district, rather than on market operations.

<b>B) Boston</b>  
The Federal Reserve Bank of Boston is responsible for regional economic oversight and community engagement but does not engage in the selling of government securities. Its primary functions revolve around monetary policy implementation and banking supervision in the New England area.

<b>C) New York</b>  
The Federal Reserve Bank of New York is the only Federal Reserve Bank that conducts open market operations, including the buying and selling of government securities. This responsibility is vital for regulating the money supply and influencing interest rates across the country.

<b>D) San Francisco</b>  
The Federal Reserve Bank of San Francisco serves a critical role in the Western region of the United States, focusing on economic research, banking supervision, and community development. However, it does not execute the sale of government securities; that function resides with the New York bank.

<b>Conclusion</b>  
The Federal Reserve Bank of New York is uniquely positioned to execute the sale of government securities, a key aspect of its role in implementing monetary policy. Other Federal Reserve Banks, such as those in Chicago, Boston, and San Francisco, contribute to the overall mission of the Federal Reserve but do not engage in this specific market operation. Understanding this distinction is essential for grasping the structure and functions of the Federal Reserve System.",,Regular,,/questions/which-of-the-following-locations-of-the-federal-re,https://pokerexams.com/questions/which-of-the-following-locations-of-the-federal-re-99854922
Business and Finance Licensing Exams,Certified Banking Professional,Certified Banking Professional Exams,Banking Professional Practice Exam,,Which of the following monetary tools is used to generate long-run price stability?,Pump-priming,Open market operations,Discretionary funding,Inflation targeting,,,,D,"<h2>Inflation targeting is used to generate long-run price stability.</h2>  
Inflation targeting involves a central bank setting an explicit target for the inflation rate and using monetary policy tools to achieve that target. This approach helps maintain price stability over the long run by anchoring expectations about future inflation, guiding economic decision-making.

<b>A) Pump-priming</b>  
Pump-priming refers to government efforts to stimulate the economy, typically through increased public spending or tax cuts. While it can boost economic activity in the short term, it does not inherently aim for long-run price stability and may even lead to inflation if demand outpaces supply.

<b>B) Open market operations</b>  
Open market operations involve the buying and selling of government securities by a central bank to influence the money supply and interest rates. Although this tool can influence short-term monetary conditions, it is not specifically targeted toward achieving long-run price stability as a standalone strategy.

<b>C) Discretionary funding</b>  
Discretionary funding pertains to budgetary allocations made by governments or institutions that are not mandated by law. While it can play a role in economic management, discretionary funding lacks a systematic framework for controlling inflation and does not specifically focus on price stability.

<b>D) Inflation targeting</b>  
Inflation targeting is a monetary policy strategy where a central bank publicly commits to a specific inflation rate as a primary goal. By doing so, it helps to stabilize prices and manage expectations, which is crucial for long-term economic stability.

<b>Conclusion</b>  
The goal of long-run price stability is best achieved through inflation targeting, as it provides a clear framework for central banks to manage inflation expectations. Other options, such as pump-priming and discretionary funding, focus on stimulating growth or addressing immediate fiscal needs without directly ensuring stable prices. Open market operations can support inflation targeting but do not aim for price stability on their own.",,Regular,,/questions/which-of-the-following-monetary-tools-is-used-to-g,https://pokerexams.com/questions/which-of-the-following-monetary-tools-is-used-to-g-84168835
Business and Finance Licensing Exams,Certified Banking Professional,Certified Banking Professional Exams,Banking Certification Test Prep,,Which of the following theories proposes that one unit of US domestic currency will buy the same basket of goods and services anywhere in the world?,Parity distribution method,The law of parity demand,International parity option,Purchasing power parity,,,,D,"<h2>Purchasing power parity</h2>  
Purchasing power parity (PPP) is an economic theory suggesting that in the absence of transportation costs and barriers to trade, a unit of currency should purchase the same quantity of goods and services in different countries. This theory is fundamental in comparing economic productivity and standards of living across nations.

<b>A) Parity distribution method</b>  
The parity distribution method does not specifically relate to currency value or purchasing power across countries. Instead, it typically refers to a method of distributing resources or costs in economic contexts, failing to address the comparative purchasing power of currencies.

<b>B) The law of parity demand</b>  
The law of parity demand is not a widely recognized economic theory. It may imply some relationship between demand and price but does not encompass the broader concept of currency value and purchasing power across different economies. Thus, it is not relevant to the question about currency purchasing power.

<b>C) International parity option</b>  
International parity option is not a standard term in economic theory related to currency purchasing power. It may imply various financial instruments or agreements but does not describe the principle that a currency should buy the same basket of goods globally. This choice misrepresents the established theory of purchasing power parity.

<b>D) Purchasing power parity</b>  
Purchasing power parity is the correct answer as it directly relates to the concept that the same amount of currency should yield equivalent purchasing power in different countries when adjusted for exchange rates. This theory serves as a basis for comparing economic conditions globally and is a key concept in international economics.

<b>Conclusion</b>  
Purchasing power parity is critical for understanding how different currencies relate to each other in terms of buying goods and services. Unlike the other choices, which either misinterpret or do not apply to the concept of currency value across borders, PPP provides a clear framework for comparing the real value of currencies in a global context. This principle is essential for economists and policymakers when analyzing exchange rates and economic conditions internationally.",,Regular,,/questions/which-of-the-following-theories-proposes-that-one,https://pokerexams.com/questions/which-of-the-following-theories-proposes-that-one-74928812
Business and Finance Licensing Exams,Certified Anti Money Laundering Specialist,Certified Anti Money Laundering Specialist Exams,CAMS Practice Test,,Which scenario indicates potential money laundering activity by a lawyer?,A lawyer's trust account receives a large wire transfer deposit from a client that wanted to purchase a piece of property and then transfers the same amount to the property seller's lawyer's trust account,A lawyer's trust account regularly receives wire transfers from unknown remitters from a higher risk country and immediately transfers the same amount of funds received to a known beneficiary's account in a low-risk country,A lawyer's trust account receives a large-value wire transfer from a regulated insurance company and immediately transfers the same amount of funds received to the beneficiary's bank account located in a low-risk country,A lawyer located in a higher risk country deposits their firm's bank draft issued from their trust account to another lawyer's trust account located in a low-risk country for legal services rendered,,,,B,Regular transfers from unknown remitters in a high-risk country to a low-risk country (B) suggest layering or fund obscuring. Property transactions (A) and regulated insurance transfers (C) are legitimate. Bank drafts for services (D) are not inherently suspicious.,,Regular,,/questions/which-scenario-indicates-potential-money-launderin,https://pokerexams.com/questions/which-scenario-indicates-potential-money-launderin-91488936
Business and Finance Licensing Exams,Certified Anti Money Laundering Specialist,Certified Anti Money Laundering Specialist Exams,Anti Money Laundering Certification Questions,,Which of the following are red flags pertaining to potentially suspicious transactions by a customer? (Select Three.),A customer deposits a large number of consecutively numbered money orders.,A customer receives wire transfers from different unknown accounts which are immediately wired onwards to a third party.,A customer withdraws cash in amounts just under the reporting threshold.,A customer requests loans made to local companies or secured by obligations of local banks.,A customer has regular deposits and withdrawals primarily in wire transfers.,,,"A,B,C","<h2>A customer deposits a large number of consecutively numbered money orders, a customer receives wire transfers from different unknown accounts which are immediately wired onwards to a third party, and a customer withdraws cash in amounts just under the reporting threshold.</h2>  
These choices indicate unusual patterns that may suggest money laundering or other illicit activities. Each of these behaviors raises concerns due to their potential to obscure the origins of funds or avoid regulatory scrutiny.

<b>A) A customer deposits a large number of consecutively numbered money orders.</b>  
This behavior is suspicious because it can indicate an attempt to structure transactions to evade detection or reporting requirements. Consecutively numbered money orders may suggest that the customer is trying to conceal the source of funds or engage in fraudulent activity.

<b>B) A customer receives wire transfers from different unknown accounts which are immediately wired onwards to a third party.</b>  
Receiving funds from various unknown sources and immediately transferring them elsewhere can indicate layering, a common money laundering technique. This pattern raises red flags as it complicates the trail of the funds and makes it difficult to ascertain their legitimacy.

<b>C) A customer withdraws cash in amounts just under the reporting threshold.</b>  
Withdrawing cash in amounts just below the reporting limit is a classic sign of structuring, where the customer attempts to avoid triggering mandatory reporting requirements. This behavior is often linked to illicit activities as it suggests an effort to keep transactions under the radar.

<b>D) A customer requests loans made to local companies or secured by obligations of local banks.</b>  
This choice does not inherently indicate suspicious activity. Such requests may be part of legitimate business operations, especially if the companies involved are well-established and the loans are appropriately documented.

<b>E) A customer has regular deposits and withdrawals primarily in wire transfers.</b>  
While frequent wire transfers can be common in certain industries, this behavior alone does not necessarily signal suspicious activity. The legitimacy depends on the nature of the transactions and the source of the funds, which requires further context to evaluate.

<b>Conclusion</b>  
Identifying red flags in customer transactions is crucial for preventing financial crimes. The selected options—consecutively numbered money orders, immediate transfers from unknown accounts, and cash withdrawals just below reporting thresholds—are clear indicators of potentially suspicious activity. In contrast, the other choices do not present inherent risks and may be part of normal business practices. Recognizing these patterns can help financial institutions adhere to regulatory requirements and mitigate risks associated with illicit transactions.",,Multiple Choice	,,/questions/which-of-the-following-are-red-flags-pertaining-to,https://pokerexams.com/questions/which-of-the-following-are-red-flags-pertaining-to-79279959
Business and Finance Licensing Exams,Certified Anti Money Laundering Specialist,Certified Anti Money Laundering Specialist Exams,CAMS Practice Test,,Which red flag is most relevant to money laundering through capital markets?,A trading customer maintains a portfolio of securities concentrated in one specific emerging market.,A low-priced security sees a sudden spike in investor demand with a rising price.,A security sees transactional pattern of a steady decrease in both trading volume and prices.,A firm sees an unexpected increase in demand for electronically traded funds.,,,,B,"<h2>A low-priced security sees a sudden spike in investor demand with a rising price.</h2>  
This scenario is indicative of potential money laundering activity as it suggests manipulative practices, such as ""pump and dump,"" where the price is artificially inflated to attract unsuspecting investors before the perpetrators sell off their holdings.

<b>A) A trading customer maintains a portfolio of securities concentrated in one specific emerging market.</b>  
While concentration in a specific market can raise concerns regarding risk exposure or market manipulation, it does not directly indicate money laundering. Many legitimate investors might choose to focus on a particular emerging market due to personal or strategic investment reasons.

<b>B) A low-priced security sees a sudden spike in investor demand with a rising price.</b>  
This choice reflects a classic red flag for money laundering, particularly through capital markets. The sudden demand and price increase can signify artificial inflation, which is often employed in schemes to disguise the origins of illicit funds. This pattern alerts regulators and compliance officers to possible market manipulation efforts.

<b>C) A security sees a transactional pattern of a steady decrease in both trading volume and prices.</b>  
A decline in trading volume and prices typically suggests a lack of interest or confidence in the security rather than any money laundering activities. This pattern could indicate market exits or negative sentiment rather than illicit financial activities.

<b>D) A firm sees an unexpected increase in demand for electronically traded funds.</b>  
While increased demand for ETFs may raise questions about market trends, it is not inherently indicative of money laundering. Such demand could arise from legitimate market movements or investor interest in diversified investment options, making it a less relevant red flag.

<b>Conclusion</b>  
The identification of red flags in money laundering scenarios is crucial for maintaining market integrity. Among the choices provided, the spike in demand for a low-priced security stands out as a significant indicator of potential manipulation and illicit financial activity, warranting further investigation. Understanding these patterns helps financial institutions implement effective compliance measures to combat money laundering in capital markets.",,Regular,,/questions/which-red-flag-is-most-relevant-to-money-launderin,https://pokerexams.com/questions/which-red-flag-is-most-relevant-to-money-launderin-87765509
Business and Finance Licensing Exams,Certified Anti Money Laundering Specialist,Certified Anti Money Laundering Specialist Exams,Anti Money Laundering Certification Questions,,What is the purpose of the FATF's Travel Rule for virtual asset service providers?,To limit the number of virtual asset transactions,To ensure identification of both originator and beneficiary in virtual asset transfers,To prohibit virtual asset transfers to high-risk jurisdictions,To require licensing for all virtual asset transactions,,,,B,"The Travel Rule requires identifying the originator and beneficiary in virtual asset transfers (B) to enhance transparency. It does not limit transactions (A), prohibit transfers (C), or require universal licensing (D).",,Regular,,/questions/what-is-the-purpose-of-the-fatfs-travel-rule-for-v,https://pokerexams.com/questions/what-is-the-purpose-of-the-fatfs-travel-rule-for-v-43530552
Business and Finance Licensing Exams,Certified Anti Money Laundering Specialist,Certified Anti Money Laundering Specialist Exams,CAMS Practice Test,,Which of the following is a red flag indicating potential money laundering or terrorism financing through dealers of precious metals or high-value items?,A customer wants to purchase gold bars with a combination of cash and cryptocurrency.,A customer specifically requests to purchase a Kimberly Process-certified cut diamond.,"A customer wants a hand-written receipt for a cash purchase of a high-end, limited-edition luxury watch.",A customer pays an antique dealer with a credit card for a high-value antique item.,,,,C,"<h2>A customer wants a hand-written receipt for a cash purchase of a high-end, limited-edition luxury watch.</h2>  
Requesting a hand-written receipt for cash transactions is a significant red flag, as it may indicate an attempt to obscure the transaction's details or evade regulatory scrutiny. This behavior is often associated with money laundering or the financing of illicit activities, as it can facilitate anonymity and lack of traceability.

<b>A) A customer wants to purchase gold bars with a combination of cash and cryptocurrency.</b>  
While purchasing gold bars with cash and cryptocurrency can raise some concerns depending on the context, it is not inherently suspicious. Many legitimate buyers use a variety of payment methods for high-value items, and this action alone does not clearly indicate money laundering or terrorism financing.

<b>B) A customer specifically requests to purchase a Kimberly Process-certified cut diamond.</b>  
Requesting a Kimberly Process-certified diamond demonstrates a commitment to ethical sourcing and compliance with international regulations. This choice reflects a customer's awareness and responsibility, making it a sign of legitimacy rather than a potential red flag for illicit activity.

<b>D) A customer pays an antique dealer with a credit card for a high-value antique item.</b>  
Using a credit card for high-value purchases is a common and traceable method of payment that provides a paper trail. This practice is generally seen as a secure transaction method, making it less likely to raise red flags associated with money laundering or terrorism financing.

<b>Conclusion</b>  
In financial transactions, red flags are crucial for identifying potential illicit activities. Among the options presented, requesting a hand-written receipt for a cash purchase is the most indicative of attempts to conceal the transaction and evade oversight. Other choices, such as purchasing certified diamonds or using credit cards, are consistent with legitimate consumer behavior and do not raise immediate concerns regarding money laundering or terrorism financing.",,Regular,,/questions/which-of-the-following-is-a-red-flag-indicating-po,https://pokerexams.com/questions/which-of-the-following-is-a-red-flag-indicating-po-19680256
Business and Finance Licensing Exams,Certified Anti Money Laundering Specialist,Certified Anti Money Laundering Specialist Exams,Anti Money Laundering Certification Questions,,How does the Financial Action Task Force measure the effectiveness of a country's efforts to combat money laundering and terrorist financing?,Mutual evaluation,FATF Evaluation Committee,Basel Committee,Series of internal audits followed by reporting to FATF,,,,A,FATF uses mutual evaluations (A) to assess AML/CFT effectiveness through peer reviews. No FATF Evaluation Committee exists (B is incorrect). The Basel Committee focuses on banking supervision (C is incorrect). Internal audits (D) are not FATF's method.,,Regular,,/questions/how-does-the-financial-action-task-force-measure-t,https://pokerexams.com/questions/how-does-the-financial-action-task-force-measure-t-12759564
Business and Finance Licensing Exams,Certified Anti Money Laundering Specialist,Certified Anti Money Laundering Specialist Exams,CAMS Practice Test,,Which of the following activities is most likely to be associated with trade-based money laundering?,Frequent deposits of small cash amounts into a personal account,Over- or under-invoicing in international trade transactions,Regular wire transfers to a known charity organization,Purchasing luxury goods with a credit card,,,,B,"Over- or under-invoicing in trade (B) is a hallmark of trade-based money laundering, obscuring fund origins. Small cash deposits (A) suggest structuring. Charity transfers (C) are not inherently suspicious. Luxury purchases (D) are less specific to trade-based laundering.",,Regular,,/questions/which-of-the-following-activities-is-most-likely-t,https://pokerexams.com/questions/which-of-the-following-activities-is-most-likely-t-40819794
Business and Finance Licensing Exams,Certified Anti Money Laundering Specialist,Certified Anti Money Laundering Specialist Exams,Anti Money Laundering Certification Questions,,A large financial institution (FI) is considering expanding business to an area of the world with weak AML laws. The risk-based assessment indicates that the location will increase the FI's risk appetite beyond the stated acceptable amount. Which risk factors should be used to identify the priority of the FI?,Cash-intensive businesses risks,Geographic risks,Unknown third-party risks,Anonymous transactions risks,,,,B,"<h2>Geographic risks should be used to identify the priority of the FI.</h2>  
Geographic risks are crucial for assessing potential vulnerabilities when expanding into areas with weak Anti-Money Laundering (AML) laws. These risks highlight the specific challenges posed by the location, including the regulatory environment, the prevalence of financial crime, and the overall stability of the region, all of which can significantly impact the financial institution's risk exposure.

<b>A) Cash-intensive businesses risks</b>  
Cash-intensive businesses often present heightened money laundering risks due to their reliance on cash transactions, making them harder to trace. However, this risk factor does not directly address the geographic context of the expansion, which is paramount when evaluating a location with weak AML laws. While important, cash-intensive business risks are just one aspect of a broader geographic risk assessment.

<b>C) Unknown third-party risks</b>  
Unknown third-party risks involve potential threats that may arise from engaging with unverified partners or customers. Although relevant in risk assessments, they are not specifically tied to the geographic aspects of expansion. This factor would be more significant in the context of due diligence rather than in prioritizing risks based on geographical characteristics associated with weak AML laws.

<b>D) Anonymous transactions risks</b>  
Anonymous transactions pose a risk as they can obscure the identity of the parties involved, facilitating illicit activities. However, similar to cash-intensive businesses, this risk does not specifically relate to the geographic location of the expansion. It is a broader concern that can occur in various contexts, making it less relevant for prioritizing risks based on the specific geographic vulnerabilities of an area.

<b>Conclusion</b>  
When considering expansion into regions with weak AML laws, geographic risks stand out as the most critical factor for identifying priority risks. These risks encompass the regulatory environment and the likelihood of financial crime, thus directly impacting the institution's overall risk exposure. While other factors like cash-intensive businesses, unknown third-party risks, and anonymous transactions are important in broader assessments, they do not specifically address the unique geographic challenges posed by the new location.",,Regular,,/questions/a-large-financial-institution-fi-is-considering-ex,https://pokerexams.com/questions/a-large-financial-institution-fi-is-considering-ex-37163581
Business and Finance Licensing Exams,Certified Anti Money Laundering Specialist,Certified Anti Money Laundering Specialist Exams,CAMS Practice Test,,"According to the Financial Action Task Force's 'Guidance for a Risk-Based Approach: Life Insurance Sector', which of the following are money laundering red flags relating to the involvement of a third party in a life insurance product?",A customer names an apparently unrelated third party as a beneficiary,Payments are regularly received from third parties that have no apparent relationship with the policy holder,A customer engages an attorney to consult on the issuance of the policy,A customer transfers the policy to another insurance company unaffiliated with the original policy issuer,,,,A B,"Unrelated third-party beneficiaries (A) and payments from unrelated third parties (B) are red flags for potential money laundering in life insurance, as they may obscure fund origins. Consulting an attorney (C) is a legitimate action. Policy transfers (D) are not inherently suspicious.",,Multiple Choice	,,/questions/according-to-the-financial-action-task-forces-guid,https://pokerexams.com/questions/according-to-the-financial-action-task-forces-guid-69494389
Business and Finance Licensing Exams,Certified Anti Money Laundering Specialist,Certified Anti Money Laundering Specialist Exams,Anti Money Laundering Certification Questions,,Which immediate actions should the AML compliance officer consider to address these findings? (Select Two.),The legal department should conduct a review to assess potential legal consequences.,Private bankers should receive training on AML procedures.,Management should implement a quality assurance program in the private banking unit.,All employees should receive refresher AML training.,,,,"B,C","<h2>Private bankers should receive training on AML procedures and management should implement a quality assurance program in the private banking unit.</h2>  
These actions are essential for effectively addressing compliance findings, as they ensure that private bankers are well-informed about AML procedures and that a robust system is in place to monitor adherence to these procedures.

<b>A) The legal department should conduct a review to assess potential legal consequences.</b>  
While assessing legal consequences is important, this action does not directly address the immediate compliance issues identified. It is more of a reactive measure rather than a proactive approach to strengthen AML practices within the organization.

<b>B) Private bankers should receive training on AML procedures.</b>  
This choice is critical as it equips private bankers with the necessary knowledge and skills to adhere to AML regulations. Continuous training ensures that employees understand current compliance requirements, thereby reducing the risk of future violations.

<b>C) Management should implement a quality assurance program in the private banking unit.</b>  
Implementing a quality assurance program is vital for monitoring compliance and ensuring that AML procedures are consistently followed. This program can identify weaknesses in the current system, allowing for timely corrective actions and fostering a culture of compliance.

<b>D) All employees should receive refresher AML training.</b>  
Although refresher training for all employees is beneficial, it may not be as immediately impactful as training specifically targeted at private bankers. The focus should be on those directly involved in private banking operations to address the specific compliance findings more effectively.

<b>Conclusion</b>  
To address AML compliance findings effectively, targeted training for private bankers and the implementation of a quality assurance program are necessary steps. These actions not only enhance employees' understanding of compliance obligations but also establish a framework for ongoing monitoring and improvement in AML practices. By prioritizing these measures, the organization can better mitigate risks and improve overall compliance posture.",,Multiple Choice	,,/questions/which-immediate-actions-should-the-aml-compliance,https://pokerexams.com/questions/which-immediate-actions-should-the-aml-compliance-21748094
Business and Finance Licensing Exams,Certified Anti Money Laundering Specialist,Certified Anti Money Laundering Specialist Exams,CAMS Practice Test,,Which collective body of Financial Intelligence Units was formed with an objective to improve information exchange and sharing mechanisms among member FIUs as well as to support its members by enhancing their capabilities?,The Organisation for Economic Co-operation and Development,The Wolfsberg Group,The Egmont Group,The International Monetary Fund,,,,C,The Egmont Group (C) enhances FIU information exchange and capabilities. OECD (A) focuses on economic policy. Wolfsberg (B) is a banking group. IMF (D) addresses financial stability.,,Regular,,/questions/which-collective-body-of-financial-intelligence-un,https://pokerexams.com/questions/which-collective-body-of-financial-intelligence-un-22780804
Business and Finance Licensing Exams,Certified Anti Money Laundering Specialist,Certified Anti Money Laundering Specialist Exams,Anti Money Laundering Certification Questions,,Which of the following statements is true regarding the 2012 Financial Action Task Force (FATF) 40 Recommendations and/or 11 Immediate Outcomes?,The cornerstone of the 40 Recommendations is the adoption of a risk-based approach by each jurisdiction.,Each jurisdiction can reach out to the FATF for private access to the interpretative notes to the 40 Recommendations.,The 40 Recommendations have not been updated to reflect the impact of new technology.,The 11 Immediate Outcomes are recommendations specific to high-risk jurisdictions requiring enhanced monitoring.,,,,A,"<h2>The cornerstone of the 40 Recommendations is the adoption of a risk-based approach by each jurisdiction.</h2>  
The 2012 FATF 40 Recommendations emphasize the importance of a risk-based approach, urging jurisdictions to assess and understand their specific risks related to money laundering and terrorist financing. This framework allows for more effective allocation of resources and prioritization in combating financial crimes.

<b>A) The cornerstone of the 40 Recommendations is the adoption of a risk-based approach by each jurisdiction.</b>  
This statement accurately reflects the essence of the FATF's 2012 Recommendations. The risk-based approach is central to the FATF's strategy, allowing jurisdictions to tailor their measures according to the unique risks they face, ensuring that resources are used where they are most needed.

<b>B) Each jurisdiction can reach out to the FATF for private access to the interpretative notes to the 40 Recommendations.</b>  
This statement is incorrect as the interpretative notes to the 40 Recommendations are publicly available and not restricted to private access. The FATF encourages transparency and accessibility of its guidance to promote effective implementation across jurisdictions.

<b>C) The 40 Recommendations have not been updated to reflect the impact of new technology.</b>  
This choice is false since the FATF has indeed updated the 40 Recommendations to address emerging threats and the impact of new technologies, including virtual currencies and online financial services. The recommendations are regularly revised to stay relevant in a rapidly changing financial landscape.

<b>D) The 11 Immediate Outcomes are recommendations specific to high-risk jurisdictions requiring enhanced monitoring.</b>  
This statement mischaracterizes the nature of the 11 Immediate Outcomes. While they do include criteria for assessing effectiveness in combating financial crime, they are not solely aimed at high-risk jurisdictions but are applicable to all jurisdictions as part of a comprehensive evaluation framework.

<b>Conclusion</b>  
The FATF's 2012 Recommendations highlight a risk-based approach as a fundamental principle, guiding jurisdictions in their efforts to combat financial crimes effectively. This approach allows for tailored measures based on specific risks, making it vital for jurisdictions to adopt. The other statements fail to align with the FATF's documentation and intent, reinforcing the importance of understanding the core principles outlined in the 40 Recommendations.",,Regular,,/questions/which-of-the-following-statements-is-true-regardin,https://pokerexams.com/questions/which-of-the-following-statements-is-true-regardin-58926377
Business and Finance Licensing Exams,Certified Anti Money Laundering Specialist,Certified Anti Money Laundering Specialist Exams,CAMS Practice Test,,Which suspicious activity may be the strongest indicator of money laundering through a casino?,A privately held company originates funds transfers through the casino into the betting accounts of multiple patrons.,A patron requests the casino to transfer their winnings to another gambling operator.,A patron purchases a large amount of chips at a blackjack table using cash.,A patron routinely places multiple bets on the same sporting events.,,,,A,"<h2>A privately held company originates funds transfers through the casino into the betting accounts of multiple patrons.</h2>  
This activity is highly indicative of money laundering as it involves transferring significant amounts of money through a casino, which can obscure the original source of funds. The involvement of a privately held company raises further suspicion, as it may be used to mask the identities of individuals behind the transactions.

<b>A) A privately held company originates funds transfers through the casino into the betting accounts of multiple patrons.</b>  
This choice represents the strongest indicator of money laundering because it suggests a systematic approach to funnel large sums of money through the casino, potentially to disguise illicit origins. The use of multiple patrons further complicates the tracing of the original funds, making it a classic money laundering strategy.

<b>B) A patron requests the casino to transfer their winnings to another gambling operator.</b>  
While this may seem suspicious, it can often occur within normal casino operations. Patrons might wish to consolidate their funds or transfer winnings for convenience without necessarily indicating illicit activity. This action alone does not inherently suggest money laundering.

<b>C) A patron purchases a large amount of chips at a blackjack table using cash.</b>  
Although this can raise eyebrows, large cash transactions in casinos are relatively common and can be legitimate. Many patrons simply prefer to use cash for their gambling activities, so this behavior alone does not provide strong evidence of money laundering.

<b>D) A patron routinely places multiple bets on the same sporting events.</b>  
This behavior can indicate gambling patterns that may be unusual, but it does not inherently point to money laundering. Many gamblers employ strategies that involve placing multiple bets on similar events to mitigate risk, making this choice less indicative of illicit financial activities.

<b>Conclusion</b>  
Money laundering through casinos often involves complex methods to obscure the origins of funds. The choice involving a privately held company transferring large sums through multiple patrons stands out as a clear warning sign of such illicit activities. Other behaviors, while potentially suspicious, do not demonstrate the same level of systematic manipulation of funds, highlighting the importance of scrutinizing transaction origins in the fight against money laundering.",,Regular,,/questions/which-suspicious-activity-may-be-the-strongest-ind,https://pokerexams.com/questions/which-suspicious-activity-may-be-the-strongest-ind-28786051
Business and Finance Licensing Exams,Certified Anti Money Laundering Specialist,Certified Anti Money Laundering Specialist Exams,Anti Money Laundering Certification Questions,,Which situation involving a vendor presents increased AML and/or sanctions risk to an organization?,The vendor has no individuals that own or control more than 10% of the company.,The vendor's sales representative was a refugee from a sanctioned jurisdiction as a child.,The vendor provides services to end users located in an area subject to economic sanctions.,The vendor is organized as a privately held company.,,,,C,"<h2>The vendor provides services to end users located in an area subject to economic sanctions.</h2>  
Organizations face increased AML and sanctions risk when engaging with vendors that have connections to sanctioned jurisdictions. Providing services to end users in these areas raises the likelihood of inadvertently facilitating illicit activities, making it essential for organizations to assess the risk associated with such vendors carefully.

<b>A) The vendor has no individuals that own or control more than 10% of the company.</b>  
While ownership structure is relevant for assessing risk, the absence of significant ownership does not inherently mitigate AML or sanctions concerns. Vendors can still pose risks through their operations or associations, regardless of ownership percentages, making this choice less relevant to the question.

<b>B) The vendor's sales representative was a refugee from a sanctioned jurisdiction as a child.</b>  
The past status of an individual does not directly correlate with the vendor's current risk profile. A sales representative's background does not reflect the vendor's operational connections to sanctioned areas or activities, making this choice insufficient to indicate increased risk.

<b>D) The vendor is organized as a privately held company.</b>  
The organizational structure of a vendor, whether public or private, does not inherently influence AML and sanctions risk. Risk factors are more closely tied to operational activities and relationships rather than the ownership model, rendering this choice irrelevant in this context.

<b>Conclusion</b>  
Engaging with vendors that serve end users in areas subject to economic sanctions significantly heightens AML and sanctions risk for organizations. This connection can facilitate illicit transactions and expose the organization to regulatory scrutiny. Thus, it is crucial for entities to evaluate the operational contexts of their vendors to ensure compliance with AML and sanctions requirements effectively.",,Regular,,/questions/which-situation-involving-a-vendor-presents-increa,https://pokerexams.com/questions/which-situation-involving-a-vendor-presents-increa-94004094
Business and Finance Licensing Exams,Certified Anti Money Laundering Specialist,Certified Anti Money Laundering Specialist Exams,CAMS Practice Test,,"An AML/CFT unit often compiles information about customer activity and product usage that might be of interest to other parts of the organization. Before allowing the unit to communicate such information internally, the organization must review:",Applicable data privacy laws in relevant jurisdictions and the organization's data security and privacy policies for any limitations,The organization's AML compliance policies to ensure that customer data can be easily shared internally and internationally,Enterprise-wide risk assessments and the employee handbook for any limitations on sharing commercially sensitive customer data,The risk rating of the customers to avoid sharing data relating to higher risk customers,,,,A,Reviewing data privacy laws and policies (A) ensures compliance with sharing restrictions. AML policies (B) do not override privacy laws. Risk assessments and handbooks (C) are secondary. Risk ratings (D) do not solely determine sharing.,,Regular,,/questions/an-amlcft-unit-often-compiles-information-about-cu,https://pokerexams.com/questions/an-amlcft-unit-often-compiles-information-about-cu-16920739
Business and Finance Licensing Exams,Certified Anti Money Laundering Specialist,Certified Anti Money Laundering Specialist Exams,Anti Money Laundering Certification Questions,,The Financial Action Task Force (FATF) routinely publishes a catalogue of jurisdictions requiring enhanced monitoring which is commonly called the:,greylist.,white list.,red notice.,yellow notice.,,,,A,"<h2>greylist.</h2>  
The Financial Action Task Force (FATF) maintains a ""greylist"" to identify jurisdictions that require enhanced monitoring due to strategic deficiencies in their anti-money laundering and counter-terrorism financing (AML/CFT) frameworks. This designation signals to the international community the need for increased scrutiny and support for these jurisdictions.

<b>A) greylist.</b>  
The ""greylist"" is the correct term used by the FATF to refer to jurisdictions that are subject to increased monitoring. This categorization indicates that these countries are working with the FATF to address identified deficiencies in their AML/CFT systems, making it a crucial tool for international cooperation in combating financial crimes.

<b>B) white list.</b>  
The ""white list"" generally refers to jurisdictions that are recognized for having robust AML/CFT frameworks and are compliant with FATF standards. Unlike the greylist, which highlights areas needing improvement, the white list signifies countries that are considered low-risk and well-regulated, hence not relevant in this context.

<b>C) red notice.</b>  
A ""red notice"" is a request issued by INTERPOL to locate and provisionally arrest an individual pending extradition, not a term used by the FATF to categorize jurisdictions. This term is entirely unrelated to the FATF's monitoring processes and does not pertain to financial regulations.

<b>D) yellow notice.</b>  
A ""yellow notice"" is issued by INTERPOL to help locate missing persons, often minors, or to identify individuals who are unable to identify themselves. Similar to the red notice, this term is not applicable to FATF's categorization of jurisdictions and does not relate to financial crime monitoring.

<b>Conclusion</b>  
The FATF's ""greylist"" serves as an important mechanism for identifying countries that are under enhanced monitoring due to deficiencies in their financial regulatory frameworks. This tool is essential for promoting international standards and cooperation in the fight against money laundering and terrorist financing. The other options do not accurately reflect FATF terminology or its regulatory purpose.",,Regular,,/questions/the-financial-action-task-force-fatf-routinely-pub,https://pokerexams.com/questions/the-financial-action-task-force-fatf-routinely-pub-17553379
Business and Finance Licensing Exams,Certified Anti Money Laundering Specialist,Certified Anti Money Laundering Specialist Exams,CAMS Practice Test,,What is a name for this typology?,Bid-ask spread,Reverse flip,Wash trading,Short position,,,,C,"Wash trading refers to a typology where transactions are conducted to create artificial market activity or obscure the true source of funds, often linked to money laundering. Bid-ask spread (A) is a financial market term related to pricing differences, not a money laundering typology. Reverse flip (B) is not a standard AML term. Short position (D) is a legitimate trading strategy, not inherently linked to illicit activity.",,Regular,,/questions/what-is-a-name-for-this-typology,https://pokerexams.com/questions/what-is-a-name-for-this-typology-34462601
Business and Finance Licensing Exams,Certified Anti Money Laundering Specialist,Certified Anti Money Laundering Specialist Exams,Anti Money Laundering Certification Questions,,A financial institution is updating its AML policies to align with the FATF Recommendations. Which of the following should be prioritized?,Implementing a risk-based approach to customer due diligence,Standardizing transaction limits for all customers,Focusing solely on high-value transactions,Reducing the frequency of employee training,,,,A,A risk-based approach to customer due diligence (A) is a FATF priority for effective AML compliance. Standardized limits (B) ignore risk differences. Focusing only on high-value transactions (C) misses smaller risks. Reducing training (D) weakens compliance.,,Regular,,/questions/a-financial-institution-is-updating-its-aml-polici,https://pokerexams.com/questions/a-financial-institution-is-updating-its-aml-polici-21687040
Business and Finance Licensing Exams,Certified Anti Money Laundering Specialist,Certified Anti Money Laundering Specialist Exams,CAMS Practice Test,,What is the role of a financial institution's board of directors in AML compliance?,Conducting daily transaction monitoring,Approving the AML compliance program and policies,Performing customer due diligence reviews,Filing suspicious activity reports,,,,B,"The board approves the AML program and policies (B), ensuring oversight. Daily monitoring (A), due diligence (C), and SAR filing (D) are operational tasks.",,Regular,,/questions/what-is-the-role-of-a-financial-institutions-board,https://pokerexams.com/questions/what-is-the-role-of-a-financial-institutions-board-47881247
Business and Finance Licensing Exams,Certified Anti Money Laundering Specialist,Certified Anti Money Laundering Specialist Exams,Anti Money Laundering Certification Questions,,"A US bank recently received a regulatory order to remediate its AML programs, which included several violations of law. What degree of accountability is it possible for the bank's senior management and employees to face?",The bank's designated AML compliance officer is the only individual in the company's senior management team that can face personal liability for violation of AML laws.,The bank's designated AML compliance officer and senior management can face civil prosecution but not criminal prosecution for violation of AML laws.,The bank's designated AML compliance officer and senior management may face personal liability if they failed to take actions while aware of AML violations at the bank.,The bank's designated AML compliance officer is likely to face criminal prosecution because the bank received a regulatory order.,,,,C,"<h2>The bank's designated AML compliance officer and senior management may face personal liability if they failed to take actions while aware of AML violations at the bank.</h2>  
Accountability for AML violations extends to senior management and compliance officers, particularly if they were aware of violations and did not take appropriate remedial actions. This establishes a legal and ethical duty to ensure compliance with AML regulations, highlighting the importance of proactive management in mitigating risks.

<b>A) The bank's designated AML compliance officer is the only individual in the company's senior management team that can face personal liability for violation of AML laws.</b>  
This statement is incorrect because accountability for AML violations can extend beyond just the compliance officer to include other senior management members if they were aware of violations and did not act. Liability is not limited to a single role within the organization.

<b>B) The bank's designated AML compliance officer and senior management can face civil prosecution but not criminal prosecution for violation of AML laws.</b>  
This choice is misleading as it implies a clear distinction that does not always exist. Both civil and criminal liabilities can apply depending on the nature of the violations and the actions of the individuals involved. Therefore, this statement does not accurately represent the full scope of potential legal consequences.

<b>D) The bank's designated AML compliance officer is likely to face criminal prosecution because the bank received a regulatory order.</b>  
While a regulatory order can indicate serious issues, it does not automatically lead to criminal prosecution for the compliance officer. Criminal liability would depend on evidence of willful negligence or intent to violate AML laws, which cannot be assumed solely based on the regulatory order.

<b>Conclusion</b>  
In the context of AML compliance, senior management and compliance officers can face personal liability if they had knowledge of violations and failed to act accordingly. This underscores the necessity for effective governance and oversight within financial institutions to prevent legal repercussions and maintain regulatory compliance. Understanding the nuances of accountability is crucial for all stakeholders involved in AML programs.",,Regular,,/questions/a-us-bank-recently-received-a-regulatory-order-to,https://pokerexams.com/questions/a-us-bank-recently-received-a-regulatory-order-to-93199852
Business and Finance Licensing Exams,Certified Anti Money Laundering Specialist,Certified Anti Money Laundering Specialist Exams,CAMS Practice Test,,"Under the Egmont Group Principles, information exchange among financial intelligence units (FIUs) should be conducted:",without the expectation of reciprocity on how the information will be used.,only if the status of the foreign FIU is related to law enforcement.,"freely, spontaneously, and upon request, on the basis of reciprocity.",with set limits on the amount of financial and administrative information provided.,,,,C,"<h2>Information exchange among financial intelligence units (FIUs) should be conducted freely, spontaneously, and upon request, on the basis of reciprocity.</h2>  
The Egmont Group Principles emphasize the importance of collaboration and mutual support among FIUs, facilitating a fluid exchange of information that enhances global financial integrity and crime prevention efforts.

<b>A) without the expectation of reciprocity on how the information will be used.</b>  
This choice contradicts the fundamental principle of reciprocity, which is essential for fostering trust and cooperation between FIUs. The expectation of reciprocity ensures that information shared is used responsibly and that the receiving FIU is also willing to provide information when needed.

<b>B) only if the status of the foreign FIU is related to law enforcement.</b>  
Limiting information exchange to situations where the foreign FIU's status is related to law enforcement undermines the broader objectives of the Egmont Group. The principles advocate for information sharing based on relevant cases and mutual interest, rather than restricting it to specific legal contexts.

<b>C) freely, spontaneously, and upon request, on the basis of reciprocity.</b>  
This option accurately reflects the Egmont Group Principles, which support the idea that FIUs should share information in a manner that is open and reciprocal, thus promoting effective international cooperation in combating financial crime.

<b>D) with set limits on the amount of financial and administrative information provided.</b>  
While some limits may be necessary for privacy and security reasons, this choice implies a rigid approach to information sharing that conflicts with the principles of openness and flexibility advocated by the Egmont Group. The focus should be on the quality and relevance of information rather than strict quantifiable limits.

<b>Conclusion</b>  
Under the Egmont Group Principles, effective information exchange among FIUs is essential for combating financial crime globally. The key tenet of reciprocity allows for a collaborative environment where institutions can share vital information freely and spontaneously, thereby enhancing their operational capabilities and fostering trust. Other options either misinterpret or overly restrict the principles, highlighting the need for a balanced and cooperative approach to information sharing.",,Regular,,/questions/under-the-egmont-group-principles-information-exch,https://pokerexams.com/questions/under-the-egmont-group-principles-information-exch-28212061
Business and Finance Licensing Exams,Certified Anti Money Laundering Specialist,Certified Anti Money Laundering Specialist Exams,Anti Money Laundering Certification Questions,,A key factor in the independence of an AML audit is that the auditor should:,Have never worked in previous assignments within the AML/CFT departments,Have been screened by the board of directors before the audit starts,Have no involvement with the organization's AML/CFT compliance staff,Be sufficiently trained in AML to be able to provide an independent review,,,,D,Auditors need AML training to provide independent reviews (D). Prior AML work (A) does not compromise independence. Board screening (B) is not required. Some interaction with compliance staff (C) is necessary.,,Regular,,/questions/a-key-factor-in-the-independence-of-an-aml-audit-i,https://pokerexams.com/questions/a-key-factor-in-the-independence-of-an-aml-audit-i-92598322
Business and Finance Licensing Exams,Certified Anti Money Laundering Specialist,Certified Anti Money Laundering Specialist Exams,CAMS Practice Test,,The Wolfsberg Group's AML Principles on Private Banking:,Establish rules for private bankers on how to deal with politically exposed persons and persons residing in high-risk countries,Assist financial institutions conducting business in jurisdictions with high data privacy standards in working with industries susceptible to money laundering,Require banks to better manage reputational risk and protect the privacy of wealthy clients,Advise banks to accept only those clients whose source of funds and beneficial ownership is understood,,,,D,The Wolfsberg Principles advise accepting clients only when their source of funds and beneficial ownership are clear (D). Specific rules for PEPs (A) are part of broader guidance. Data privacy (B) is not the primary focus. Privacy protection (C) is secondary to AML compliance.,,Regular,,/questions/the-wolfsberg-groups-aml-principles-on-private-ban,https://pokerexams.com/questions/the-wolfsberg-groups-aml-principles-on-private-ban-71360813
Business and Finance Licensing Exams,Certified Anti Money Laundering Specialist,Certified Anti Money Laundering Specialist Exams,Anti Money Laundering Certification Questions,,"A law enforcement action alleged that on several trading days over the course of two months, defendants engaged in a series of copper, gold, crude oil, and natural gas futures transactions on an electronic trading platform. One defendant repeatedly bought future contracts at low prices from the other, and then immediately sold them back at higher prices. As a result, one defendant effectively pocketed the same amount as the other lost even though there were no changes in the open positions held by either defendant. What is a name for this typology?",Bid-ask spread,Reverse flip,Short position,Wash trading,,,,D,"<h2>Wash trading.</h2>  
Wash trading refers to the practice where a trader simultaneously buys and sells the same financial instruments to create misleading activity in the market. In this scenario, the defendants engaged in transactions that allowed one to benefit at the expense of the other without any real change in their positions, exemplifying wash trading.

<b>A) Bid-ask spread</b>  
The bid-ask spread is the difference between the buying price (bid) and the selling price (ask) of a security. It represents transaction costs and market liquidity rather than a trading strategy. It does not apply to the scenario described, where the focus is on the manipulative practice of trading between the same parties.

<b>B) Reverse flip</b>  
Reverse flip is not a widely recognized term in trading terminology. It may suggest a reversal of a typical trade but does not accurately describe the actions taken by the defendants. Their transactions involved simultaneous buying and selling, which is characteristic of wash trading rather than a reverse flip.

<b>C) Short position</b>  
A short position involves selling a security that the seller does not own, anticipating a price decline to buy it back later at a lower price. This concept is unrelated to the scenario, as both defendants were engaged in futures transactions without the intention of profiting from price declines. Their actions were instead about creating volume without real market risk.

<b>D) Wash trading</b>  
Wash trading is the term that correctly describes the manipulative practice depicted. It involves buying and selling the same asset to give the illusion of activity, which misleads other market participants regarding the true market conditions. In this case, the defendants' actions allowed one to profit while the other incurred a loss without altering their net positions.

<b>Conclusion</b>  
In summary, wash trading is characterized by trading activities that artificially inflate market activity without any genuine change in ownership or risk. The actions of the defendants exemplify this practice, allowing one party to benefit from the trades while the other loses. Understanding this typology is crucial for regulatory oversight and maintaining market integrity.",,Regular,,/questions/a-law-enforcement-action-alleged-that-on-several-t,https://pokerexams.com/questions/a-law-enforcement-action-alleged-that-on-several-t-91955599
Business and Finance Licensing Exams,Certified Anti Money Laundering Specialist,Certified Anti Money Laundering Specialist Exams,CAMS Practice Test,,A key factor in the independence of an AML audit is that the auditor should:,have never worked in previous assignments within the AML/CFT departments.,have been screened by the board of directors before the audit starts.,be sufficiently trained in AML to be able to provide an independent review.,have no involvement with the organization's AML/CFT compliance staff.,,,,D,"<h2>Have no involvement with the organization's AML/CFT compliance staff.</h2>  
Independence in an AML audit is paramount to ensure that the auditor can objectively assess the organization's compliance without any bias or influence. By having no involvement with the AML/CFT compliance staff, the auditor can maintain a clear separation that upholds the integrity of the audit process.

<b>A) Have never worked in previous assignments within the AML/CFT departments.</b>  
While prior experience in AML/CFT departments might seem to compromise independence, it is not a definitive disqualifier. An auditor can have worked in these departments previously and still retain independence, provided they do not have current involvement or conflicts of interest related to the audit.

<b>B) Have been screened by the board of directors before the audit starts.</b>  
Screening by the board of directors is a procedural step that may ensure the auditor's qualifications, but it does not inherently support independence. Independence relies more on the auditor's lack of involvement with the compliance staff rather than the vetting process by the board.

<b>C) Be sufficiently trained in AML to be able to provide an independent review.</b>  
Training in AML is essential for effective auditing, however, it does not guarantee independence. An auditor can be well-trained yet still have conflicts of interest or biases stemming from their relationship with the AML/CFT compliance staff, which would undermine the audit's independence.

<b>Conclusion</b>  
Independence in an AML audit is best ensured by the auditor's complete detachment from the organization's AML/CFT compliance staff. This separation allows for an unbiased and thorough review of compliance practices. While training and prior experience are valuable, they do not supersede the necessity for an auditor to remain uninvolved with compliance operations to maintain the integrity of the audit process.",,Regular,,/questions/a-key-factor-in-the-independence-of-an-aml-audit-i,https://pokerexams.com/questions/a-key-factor-in-the-independence-of-an-aml-audit-i-39492247
Business and Finance Licensing Exams,Certified Anti Money Laundering Specialist,Certified Anti Money Laundering Specialist Exams,Anti Money Laundering Certification Questions,,"In which of the following situations would it be most crucial for the designated AML compliance officer of a company to perform a complete review of the company's AML program, including identifying the risks and commensurate controls?",Extensive AML legislation is proposed by a legislative body in the company's jurisdiction,The company is merging with or acquiring another entity,A high-profile money laundering case involving another industry is publicized,An external audit highlights several deficiencies,,,,B,"<h2>The company is merging with or acquiring another entity.</h2>  
Mergers and acquisitions often present significant complexities and potential risks related to anti-money laundering (AML) compliance. A complete review of the company's AML program is essential to ensure that all risks are identified and appropriate controls are in place for the combined entities, especially as new risks may arise from the integration of different business practices and compliance cultures.

<b>A) Extensive AML legislation is proposed by a legislative body in the company's jurisdiction</b>  
While proposed legislation can signal the need for scrutiny of existing AML programs, it does not immediately necessitate a complete review. Companies typically have some time to adapt to new regulations and can often make incremental changes rather than an exhaustive review unless the legislation is enacted.

<b>C) A high-profile money laundering case involving another industry is publicized</b>  
Although such cases can raise awareness and might prompt companies to evaluate their own AML practices, they do not automatically trigger a comprehensive review. The relevance of the case to the company's specific operations and risks must be assessed before determining the necessity of a full program review.

<b>D) An external audit highlights several deficiencies</b>  
An external audit indicating deficiencies indeed requires attention, but it typically focuses on specific areas of concern. This situation may lead to a targeted review of those deficiencies rather than a complete AML program overhaul, thus not mandating a full review of the entire program.

<b>Conclusion</b>  
In the context of AML compliance, the most critical scenario for a thorough review arises during a merger or acquisition. This is because such events can amalgamate different risk profiles and operational practices, necessitating a comprehensive assessment to safeguard against potential compliance gaps. Ensuring that the AML program effectively addresses the unique risks of the combined entities is crucial for maintaining regulatory adherence and protecting the company's integrity.",,Regular,,/questions/in-which-of-the-following-situations-would-it-be-m,https://pokerexams.com/questions/in-which-of-the-following-situations-would-it-be-m-81325693
Business and Finance Licensing Exams,Certified Anti Money Laundering Specialist,Certified Anti Money Laundering Specialist Exams,CAMS Practice Test,,Which of the following measures is one that the FATF recommends that Financial Institutions and Designated Non-Financial Businesses and Professions (DNFBP) take to mitigate risks arising from business relationships with foreign politically exposed persons (PEPs)?,Subscribe to commercial databases to assist in the detection of PEPs,Require approval from the prudential regulator for entering into or continuing the business relationship,Raise transaction monitoring thresholds for PEP accounts in automated systems to account for higher transaction values and complex legal vehicles and financial structures,"Establish processes to understand the PEP's source of wealth and the source of funds, and to refresh that understanding on a regular basis",,,,D,"<h2>Establish processes to understand the PEP's source of wealth and the source of funds, and to refresh that understanding on a regular basis.</h2>  
This measure is crucial as it allows financial institutions and DNFBPs to assess and manage the risks associated with foreign politically exposed persons (PEPs) by ensuring a continuous understanding of their financial background and transaction sources.

<b>A) Subscribe to commercial databases to assist in the detection of PEPs</b>  
While subscribing to commercial databases can aid in identifying PEPs, this action alone does not provide a comprehensive understanding of the risks associated with their wealth sources or transaction behaviors. Merely detecting PEPs without further investigation does not mitigate risks effectively.

<b>B) Require approval from the prudential regulator for entering into or continuing the business relationship</b>  
Requiring regulatory approval may be a part of compliance measures, but it does not directly address how institutions should understand the financial activities of PEPs. This measure alone does not provide insight into the source of wealth and funds, which is critical for risk assessment.

<b>C) Raise transaction monitoring thresholds for PEP accounts in automated systems to account for higher transaction values and complex legal vehicles and financial structures</b>  
Increasing monitoring thresholds may help manage the volume of transactions flagged for review, but it risks overlooking suspicious activities by PEPs. This approach could inadvertently reduce scrutiny on high-risk transactions, which is counterproductive to effective risk mitigation.

<b>Conclusion</b>  
Understanding the source of wealth and funds for PEPs is vital for financial institutions and DNFBPs to mitigate risks associated with these high-profile clients. This proactive approach, as recommended by the FATF, ensures a comprehensive evaluation of potential risks over time, rather than relying solely on detection or regulatory measures that may not provide complete protection against financial crime.",,Regular,,/questions/which-of-the-following-measures-is-one-that-the-fa,https://pokerexams.com/questions/which-of-the-following-measures-is-one-that-the-fa-55255235
Business and Finance Licensing Exams,Certified Anti Money Laundering Specialist,Certified Anti Money Laundering Specialist Exams,Anti Money Laundering Certification Questions,,Who bears the ultimate responsibility for approving a financial institution's relationship with a politically exposed person?,Enhanced due diligence compliance officer,Relationship manager,Senior management,KYC analyst,,,,C,"<h2>Senior management bears the ultimate responsibility for approving a financial institution's relationship with a politically exposed person.</h2>  
Senior management is tasked with overseeing the institution's overall risk management and compliance strategies, including the establishment of policies related to politically exposed persons (PEPs). Their approval ensures that all necessary due diligence and risk assessments are adequately addressed before forming such relationships.

<b>A) Enhanced due diligence compliance officer</b>  
The enhanced due diligence compliance officer plays a crucial role in implementing policies and procedures for identifying and managing risks associated with PEPs. However, this position typically does not have the final authority to approve relationships; their role is more focused on ensuring regulatory compliance and providing information to senior management for decision-making.

<b>B) Relationship manager</b>  
The relationship manager is responsible for maintaining and managing client relationships, including gathering the necessary information on PEPs. Nonetheless, they do not possess the authority to approve these relationships independently, as their role is more operational than strategic, relying on senior management's approval for such high-risk clients.

<b>C) Senior management</b>  
Senior management is ultimately responsible for approving relationships with politically exposed persons due to the inherent risks associated with these clients. They set the tone for the institution's risk appetite and ensure that all regulatory standards are met, making their approval essential in these cases.

<b>D) KYC analyst</b>  
The KYC (Know Your Customer) analyst is responsible for collecting and verifying customer information to assess risk. While they provide important insights into a customer's background, they do not have the authority to approve relationships with PEPs, as their role is focused on the analysis rather than final decision-making.

<b>Conclusion</b>  
In the context of approving relationships with politically exposed persons, senior management holds the ultimate responsibility. They ensure that comprehensive risk assessments and compliance measures are in place, thereby safeguarding the financial institution from potential legal and reputational risks. Other roles, such as the compliance officer, relationship manager, and KYC analyst, contribute significantly to the process but do not hold the final authority for such critical approvals.",,Regular,,/questions/who-bears-the-ultimate-responsibility-for-approvin,https://pokerexams.com/questions/who-bears-the-ultimate-responsibility-for-approvin-95301340
Business and Finance Licensing Exams,Certified Anti Money Laundering Specialist,Certified Anti Money Laundering Specialist Exams,CAMS Practice Test,,An AML analyst at a financial institution is examining an alert generated by the automated transaction monitoring system to determine whether the alert should be escalated to the AML unit for further investigation or whether it can be archived as a false positive. Which action might be reasonable for the AML analyst to take?,Restrict the client's access to the account.,Send a request for information to the counterparty bank involved in the transaction that caused the alert.,Request information from the relationship manager assigned to the account that caused the alert.,Perform below-the-line testing to ensure the automated monitoring system is operating effectively.,,,,C,"<h2>Request information from the relationship manager assigned to the account that caused the alert.</h2>  
Engaging with the relationship manager provides valuable context about the client's account and transaction history, which is crucial for accurately assessing the legitimacy of the alert. This step allows the AML analyst to gather insights that could clarify whether the alert is a legitimate concern or a false positive.

<b>A) Restrict the client's access to the account.</b>  
This action is premature without sufficient evidence that the alert indicates suspicious activity. Restricting access could impact the client's business operations unnecessarily and may lead to reputational harm for the institution if the alert is later deemed a false positive.

<b>B) Send a request for information to the counterparty bank involved in the transaction that caused the alert.</b>  
While obtaining information from the counterparty bank could provide additional data, it may not be the most immediate or effective step. The relationship manager can offer more relevant insights into the client's behavior and context, which are essential for assessing the alert's validity.

<b>D) Perform below-the-line testing to ensure the automated monitoring system is operating effectively.</b>  
This response addresses system performance rather than the specific alert in question. While ensuring the monitoring system's effectiveness is important, it does not directly help the analyst evaluate the current alert or inform the decision on escalation versus archiving.

<b>Conclusion</b>  
In an AML context, gathering information from the relationship manager is a critical step for analysts in assessing alerts generated by monitoring systems. This approach leverages insider knowledge about the client, ensuring that decisions are well-informed and relevant to the specific transaction at hand. By focusing on direct communication with the relationship manager, the analyst can determine the legitimacy of the alert and take appropriate action accordingly.",,Regular,,/questions/an-aml-analyst-at-a-financial-institution-is-exami,https://pokerexams.com/questions/an-aml-analyst-at-a-financial-institution-is-exami-86470643
Business and Finance Licensing Exams,Certified Anti Money Laundering Specialist,Certified Anti Money Laundering Specialist Exams,Anti Money Laundering Certification Questions,,Which risk factors should a financial institution examine for a new corporate customer intending to open a new bank account?,The employment profiles and information of all employees of the new customer,All the financial institutions where the new customer currently banks or banked previously,The country or location where the customer is from or conducts business,The identity of senior managing officials and all individuals authorized to operate the account,The type of business the corporate customer is engaged in,,,C D E,"Risk factors include the customer's location (C), authorized individuals (D), and business type (E). Employee profiles (A) are not typically required. Banking history (B) is secondary.",,Multiple Choice	,,/questions/which-risk-factors-should-a-financial-institution,https://pokerexams.com/questions/which-risk-factors-should-a-financial-institution-35720593