school,course,subject,free_exam_names,extract,question,choiceA,choiceB,choiceC,choiceD,choiceE,choiceF,choiceG,correctAnswer,rationale,image,qtype,heading
Insurance Exams,Life Insurance Producer,Virginia Insurance Exams,Virginia Insurance License Practice Exam,,The information which gives an insurer necessary personal data regarding an individual and helps determine whether the individual can be insured under an individual health insurance policy is contained in the:,Enrollment form,Policy schedule,Application,Agent's statement,,,,C,"<h2>Application</h2>  
The application is the document that provides insurers with crucial personal data about an individual, which is essential for assessing their eligibility for an individual health insurance policy. It typically includes details such as medical history, lifestyle habits, and other factors that influence underwriting decisions.

<b>A) Enrollment form</b>  
An enrollment form is used after the application process is complete, typically to enroll an individual in a specific health plan. While it captures some personal information, it does not contain the comprehensive data needed to assess insurability, which is primarily gathered during the application stage.

<b>B) Policy schedule</b>  
The policy schedule outlines the specific terms, coverage details, and conditions of the insurance policy once it is issued. While it is important for understanding the policy itself, it does not provide the necessary personal information required to determine insurability, focusing instead on the agreement between the insurer and insured.

<b>C) Application</b>  
The application gathers extensive personal information from the individual, including health status, family medical history, and lifestyle choices, which are vital for the insurer to evaluate risk and determine whether to offer coverage. This information is crucial for underwriting decisions and establishing the terms of the policy.

<b>D) Agent's statement</b>  
An agent's statement may provide insights or observations made by the insurance agent regarding the applicant, but it does not contain the specific personal data needed for underwriting. It serves as supplementary information rather than the primary source of data for determining insurability.

<b>Conclusion</b>  
The application is the essential document that provides insurers with all necessary personal data about an individual seeking health insurance coverage. It plays a critical role in assessing risk and eligibility, distinguishing it from other documents like the enrollment form, policy schedule, or agent's statement, which serve different purposes in the insurance process.",,Regular,
Insurance Exams,Life Insurance Producer,Virginia Insurance Exams,Virginia Insurance Test Prep,,"If a patient with a preferred provider plan chooses to use a non-preferred provider, the patient usually can expect:",To have higher out-of-pocket expenses,To pay the full cost of care,100% reimbursement for the service provided,A one year waiting period before re-enrolling in the preferred provider plan,,,,A,"<h2>To have higher out-of-pocket expenses.</h2>  
When a patient with a preferred provider plan opts to use a non-preferred provider, they typically incur higher out-of-pocket costs compared to using an in-network provider. Preferred provider plans incentivize the use of network providers by offering lower copayments and coinsurance rates for services rendered by these providers. 

<b>A) To have higher out-of-pocket expenses</b>  
This choice accurately reflects the financial implications of choosing a non-preferred provider within a preferred provider plan. Patients will likely face increased deductibles, copayments, or coinsurance rates, leading to a greater overall financial burden for the services received outside of the preferred network.

<b>B) To pay the full cost of care</b>  
While patients may have higher costs when using a non-preferred provider, they are not required to pay the full cost of care. Most insurance plans still provide some level of coverage for services rendered by non-preferred providers, albeit at a lower reimbursement rate, meaning patients do not bear the entire financial responsibility.

<b>C) 100% reimbursement for the service provided</b>  
This option is incorrect because non-preferred providers typically do not qualify for 100% reimbursement under a preferred provider plan. Patients can expect their insurance to cover only a portion of the costs, resulting in higher out-of-pocket expenses rather than full reimbursement.

<b>D) A one year waiting period before re-enrolling in the preferred provider plan</b>  
This choice is misleading as it does not pertain to the immediate financial implications of using a non-preferred provider. Waiting periods for re-enrollment in a preferred provider plan are generally unrelated to the choice of provider and depend on the specific terms of the insurance plan rather than the act of selecting non-preferred services.

<b>Conclusion</b>  
In summary, when patients with a preferred provider plan select non-preferred providers, they should anticipate higher out-of-pocket expenses due to less favorable coverage terms. This financial reality reinforces the incentive to utilize in-network providers, ensuring patients minimize their costs while receiving covered healthcare services. Understanding these dynamics is crucial for effective healthcare budgeting and decision-making.",,Regular,
Insurance Exams,Life Insurance Producer,Virginia Insurance Exams,Virginia Insurance License Practice Exam,,"In the solicitation and sale of Medicare Supplement insurance policies, when must an agent deliver the buyer's guide?",Only when the solicitation involves replacement,At the time of application,Prior to accepting any payment of premium,Only when the purchaser is a first time buyer,,,,C,"<h2>Agents must deliver the buyer's guide prior to accepting any payment of premium.</h2>  
This requirement ensures that potential buyers have access to critical information about Medicare Supplement insurance policies before committing any financial resources. It helps in making informed decisions and aligns with regulatory standards aimed at protecting consumers.

<b>A) Only when the solicitation involves replacement</b>  
This choice is incorrect because the requirement to deliver the buyer's guide is not limited to situations involving replacement policies. It applies to all sales of Medicare Supplement insurance, regardless of whether the buyer is replacing an existing policy or purchasing a new one.

<b>B) At the time of application</b>  
Delivering the buyer's guide at the time of application does not satisfy the regulatory requirement, as it must be provided before any payment is accepted. This timing is crucial to ensure that buyers have all necessary information before they make a financial commitment.

<b>C) Prior to accepting any payment of premium</b>  
This choice is the correct answer as it aligns with the regulations governing Medicare Supplement insurance sales. Agents must provide the buyer's guide before any premiums are accepted to ensure that buyers are fully informed about the policy terms and conditions.

<b>D) Only when the purchaser is a first time buyer</b>  
This choice is incorrect because the delivery of the buyer's guide is mandated for all purchasers, not just first-time buyers. The requirement is designed to ensure all consumers, regardless of their prior experience with Medicare Supplement insurance, have access to important information.

<b>Conclusion</b>  
The timely delivery of the buyer's guide prior to accepting payment serves to protect consumers in the Medicare Supplement insurance market. It guarantees that all buyers, irrespective of their previous experience, are adequately informed about the policies they are considering. This practice fosters transparency and helps in cultivating trust in the insurance sales process.",,Regular,
Insurance Exams,Life Insurance Producer,Virginia Insurance Exams,Virginia Insurance Test Prep,,"EXCEPT for fraud, the time after issuance of a policy during which an insurance company may contest a health insurance claim due to the statements on an application is:",10 days,90 days,2 years,5 years,,,,C,"<h2>2 years</h2>  
In health insurance policies, the insurer typically has a contestability period of two years from the date of issuance during which they can challenge claims based on misstatements or omissions on the application, except in cases of fraud.

<b>A) 10 days</b>  
This timeframe is too short for a contestability period in health insurance. A 10-day limit might apply to other insurance contexts, such as grace periods for premium payments, but it does not pertain to the contestation of claims based on application statements.

<b>B) 90 days</b>  
While some insurance policies may have shorter review periods, a 90-day contestability period is not standard for health insurance. Insurers typically require longer to adequately assess the validity of claims based on the application information.

<b>D) 5 years</b>  
A 5-year period exceeds the commonly accepted contestability timeframe for health insurance. After the two-year period, insurers generally lose the right to contest claims based on application statements, except in instances of proven fraud.

<b>Conclusion</b>  
In health insurance, the standard contestability period is two years following the issuance of a policy. This allows insurance companies to verify the accuracy of application information before claims are finalized. The other proposed durations, such as 10 days, 90 days, and 5 years, do not align with the typical legal framework governing insurance contracts, emphasizing the importance of understanding the correct contestability period for both insurers and insured alike.",,Regular,
Insurance Exams,Life Insurance Producer,Virginia Insurance Exams,Virginia Insurance License Practice Exam,,The overall authority of an insurance agent includes all of the following EXCEPT:,Apparent authority,Express or specific authority,Implied authority,Residual authority,,,,D,"<h2>Residual authority is not part of the overall authority of an insurance agent.</h2>  
Residual authority refers to the power or authority that remains after all other specific authorities have been assigned and is not typically recognized as a defined type of authority within insurance practices. The primary categories of authority—apparent, express, and implied—are more clearly established and relevant to the insurance agent's role.

<b>A) Apparent authority</b>  
Apparent authority arises when a principal (the insurance company) creates an impression to third parties that the agent has the authority to act on its behalf. This form of authority is crucial as it shapes how clients perceive the agent's capabilities in dealings with them, thus impacting the agent's effectiveness and the company's reputation.

<b>B) Express or specific authority</b>  
Express or specific authority is explicitly granted to an insurance agent through written or verbal communication from the insurance company. This type of authority outlines the precise powers and duties the agent possesses, making it a foundational aspect of their role in facilitating transactions and servicing clients.

<b>C) Implied authority</b>  
Implied authority exists when an agent is assumed to have the authority to perform acts that are necessary to fulfill their express authority. This form of authority is derived from the nature of the agent's position and is inferred from their actions, allowing them to perform functions essential to their duties even if not explicitly stated.

<b>D) Residual authority</b>  
Residual authority does not represent a recognized category of authority in the context of insurance agents. It implies a vague concept of leftover powers after other authorities are assigned, which lacks the clarity and applicability of the established types of authority relevant to an agent's professional responsibilities.

<b>Conclusion</b>  
The overall authority of an insurance agent is defined by three key types: apparent, express, and implied authority, which are essential for effective client interactions and operational success. Residual authority, however, does not fit within the conventional framework, making it the exception in this context. Understanding the distinctions between these forms of authority is crucial for both agents and clients in navigating the insurance landscape effectively.",,Regular,
Insurance Exams,Life Insurance Producer,Virginia Insurance Exams,Virginia Insurance Test Prep,,"In Virginia, when existing health insurance is being replaced:",The existing coverage must first be cancelled,The premium rate for the new coverage is permanently guaranteed,Underwriting approval is automatic,A replacement disclosure must appear in the application for new coverage,,,,D,"<h2>A replacement disclosure must appear in the application for new coverage.</h2>  
In Virginia, when existing health insurance is replaced, it is required that a replacement disclosure be included in the application for the new coverage. This is to ensure transparency and inform the policyholder about the implications of replacing their existing health insurance.

<b>A) The existing coverage must first be cancelled</b>  
This statement is incorrect because existing coverage does not necessarily have to be cancelled before obtaining new coverage. Individuals may choose to keep their existing policy until the new one is active, depending on the terms and conditions of their specific insurance plans.

<b>B) The premium rate for the new coverage is permanently guaranteed</b>  
This choice is misleading as premium rates can change over time based on various factors, including the insurer's policies or changes in the insured's circumstances. Therefore, new coverage does not guarantee a permanent premium rate.

<b>C) Underwriting approval is automatic</b>  
This choice is false because underwriting approval is not automatic; it typically requires a review process where the insurer assesses the risk of insuring the individual based on their health status and other factors. There is no guarantee of automatic approval when applying for new coverage.

<b>Conclusion</b>  
The requirement for a replacement disclosure in the application for new coverage is a crucial regulatory measure in Virginia that helps consumers understand the consequences of replacing their health insurance. While options A, B, and C may misrepresent the processes involved in changing health insurance plans, choice D correctly identifies the necessity for transparency in the replacement process, ensuring that policyholders are fully informed before making a decision.",,Regular,
Insurance Exams,Life Insurance Producer,Virginia Insurance Exams,Virginia Insurance License Practice Exam,,An insured with a long-term care (LTC) policy knowingly and intentionally misrepresented relevant facts relating to the insured's health. How long does an insurer have to contest the coverage?,Any time up to six months,Any time up to three years,Any time during the duration of the policy,The insurer is prohibited from contesting the coverage,,,,C,"<h2>Any time during the duration of the policy.</h2>  
Insurers have the right to contest coverage for misrepresentations made by the insured at any point throughout the duration of the long-term care policy. This principle is in place to protect insurers from fraudulent claims that could arise from significant misrepresentations regarding health.

<b>A) Any time up to six months</b>  
This option incorrectly limits the insurer's ability to contest coverage to only the first six months of the policy. In reality, insurers can challenge claims for misrepresentations at any time during the policy's existence, not just within a short initial period.

<b>B) Any time up to three years</b>  
While some insurance policies may have provisions for contesting claims for a limited time frame, three years is also not applicable to long-term care policies regarding intentional misrepresentation. The ability to contest extends throughout the entire duration of the policy.

<b>C) Any time during the duration of the policy</b>  
This answer accurately reflects the insurer's rights regarding contesting coverage. If an insured knowingly and intentionally misrepresents information about their health, the insurer can dispute the claim for as long as the policy remains active, thus protecting their interests against potential fraud.

<b>D) The insurer is prohibited from contesting the coverage</b>  
This choice is incorrect as it suggests that insurers cannot contest coverage at all, which is not true. They retain the right to contest claims based on misrepresentations, ensuring that they are not held liable for fraudulent information provided by the insured.

<b>Conclusion</b>  
Insurers have the authority to contest long-term care policy coverage for misrepresentations of health throughout the entire duration of the policy. This ongoing right safeguards insurers against fraudulent claims and emphasizes the importance of accurate disclosures by policyholders. Understanding these terms is crucial for both insurers and insured individuals to navigate the complexities of long-term care insurance effectively.",,Regular,
Insurance Exams,Life Insurance Producer,Virginia Insurance Exams,Virginia Insurance Test Prep,,"Under workers compensation, all of the following are likely to cause temporary disability EXCEPT:",A broken leg,Loss of both eyes,Broken ribs,A sprained back,,,,B,"<h2>Loss of both eyes is not likely to cause temporary disability.</h2>  
The loss of both eyes typically results in permanent disability, as it affects a person's ability to see, which is a critical function. Unlike the other options, which usually allow for recovery and temporary disability claims, the complete loss of vision is generally irreversible.

<b>A) A broken leg</b>  
A broken leg is an injury that can lead to temporary disability as it may require a period of immobilization and rehabilitation for healing. Patients can expect to regain full mobility after treatment, making this a classic example of a temporary disability.

<b>B) Loss of both eyes</b>  
The loss of both eyes results in permanent disability rather than temporary disability. This condition severely impacts an individual's ability to perform daily activities and work, hence not qualifying as a temporary disability.

<b>C) Broken ribs</b>  
Broken ribs can cause significant pain and limit movement, leading to temporary disability. Patients typically recover from rib fractures over time, allowing them to return to their normal activities after the healing process.

<b>D) A sprained back</b>  
A sprained back can also result in temporary disability as it often requires rest and physical therapy for recovery. Most individuals can expect to return to their usual activities after a period of healing, classifying it as a temporary condition.

<b>Conclusion</b>  
In the context of workers' compensation, temporary disabilities are those that allow for eventual recovery and return to work. While a broken leg, broken ribs, and a sprained back are all injuries that can lead to temporary disability, the loss of both eyes represents a permanent condition, disqualifying it from being categorized as temporary. Understanding these distinctions is crucial for appropriate workers' compensation claims.",,Regular,
Insurance Exams,Life Insurance Producer,Virginia Insurance Exams,Virginia Insurance License Practice Exam,,All of the following would be covered by an accidental death and dismemberment insurance policy EXCEPT:,A chemical burn to the eyes resulting in blindness,Death resulting from the crash of a commercial airplane,Suicide while sane by any method or means,Loss of both legs in a motor vehicle collision,,,,C,"<h2>Suicide while sane by any method or means</h2>  
Accidental death and dismemberment insurance policies typically exclude coverage for intentional acts, including suicide, regardless of the mental state of the individual at the time. This exclusion is a standard practice in insurance policies to mitigate risk associated with self-inflicted injuries.

<b>A) A chemical burn to the eyes resulting in blindness</b>  
Chemical burns, while unfortunate, are considered accidental injuries and would typically be covered under an accidental death and dismemberment policy if they lead to significant loss, such as blindness. The key factor is that the injury was not intentional, aligning with the policy's intent to cover unforeseen accidents.

<b>B) Death resulting from the crash of a commercial airplane</b>  
A fatality resulting from an airplane crash is classified as an accidental death and is generally covered by such insurance policies. The unexpected nature of a plane crash fulfills the criteria for coverage, as it does not arise from any intentional act by the insured.

<b>C) Suicide while sane by any method or means</b>  
This choice represents a clear exclusion in accidental death and dismemberment policies. Insurers do not cover deaths resulting from suicide because it is deemed an intentional act, regardless of the individual's mental state, directly contradicting the policy's aim to cover accidental occurrences.

<b>D) Loss of both legs in a motor vehicle collision</b>  
The loss of limbs due to a motor vehicle accident is considered an accidental dismemberment, which is covered by these insurance policies. The unintentional nature of the collision meets the requirements for compensation under the policy.

<b>Conclusion</b>  
Accidental death and dismemberment insurance is designed to provide financial protection against unforeseen accidents. Exclusions, such as suicide while sane, highlight the policy's focus on incidents that are genuinely accidental. Other choices, like chemical burns and accidents resulting in death or dismemberment, are covered as they align with the policy's intent to safeguard against unintended injuries and fatalities.",,Regular,
Insurance Exams,Life Insurance Producer,Virginia Insurance Exams,Virginia Insurance Test Prep,,The required 'entire contract' uniform provision of a health policy states that:,"The policy, endorsements and the attached papers constitute the entire contract",The policy must contain a coordination of benefits provision in order to be an entire contract,The payment of claims for the entire contract may be waived by the insured,The nonpayment of premium by the due date revokes the entire contract,,,,A,"<h2>The policy, endorsements and the attached papers constitute the entire contract.</h2>  
In health insurance, the 'entire contract' provision ensures that the policy document, along with any endorsements and attachments, forms the complete agreement between the insurer and the insured. This provision highlights that no other statements or documents outside of this specified content can alter the terms of the contract.

<b>A) The policy, endorsements and the attached papers constitute the entire contract</b>  
This statement accurately defines the 'entire contract' provision, emphasizing that the health policy, any endorsements, and related documents collectively represent the full agreement. It protects both parties by ensuring that all terms and conditions are explicitly stated within these documents.

<b>B) The policy must contain a coordination of benefits provision in order to be an entire contract</b>  
While a coordination of benefits provision can be an important feature of health policies, it is not a requirement for the contract to be considered 'entire.' The 'entire contract' provision focuses on the completeness and exclusivity of the documents themselves rather than specific clauses that may or may not be included.

<b>C) The payment of claims for the entire contract may be waived by the insured</b>  
This statement misinterprets the nature of the contract. The insured cannot simply waive the payment of claims; doing so would contradict the obligations outlined in the policy. The 'entire contract' provision does not grant the insured the ability to alter financial responsibilities unilaterally.

<b>D) The nonpayment of premium by the due date revokes the entire contract</b>  
While nonpayment of premiums can lead to cancellation of the policy, this statement does not accurately describe the 'entire contract' provision. Instead, it addresses a separate condition that could affect the validity of the contract but does not relate to the definition of what constitutes the entire agreement.

<b>Conclusion</b>  
The 'entire contract' provision in health policies is crucial for establishing the complete understanding between the insurer and the insured, ensuring that all aspects of the agreement are documented. Choice A correctly articulates this principle, while the other options either introduce unrelated concepts or misconstrue the contractual obligations. Understanding this provision is vital for both parties to navigate their rights and responsibilities effectively.",,Regular,
Insurance Exams,Life Insurance Producer,Virginia Insurance Exams,Virginia Insurance License Practice Exam,,The period of time during which a new employee is ineligible for group health insurance coverage is called a:,Participation period,Grace period,Probationary period,Contributory period,,,,C,"<h2>Probationary period refers to the time during which a new employee is ineligible for group health insurance coverage.</h2>  
During the probationary period, new employees typically do not have access to group health insurance benefits, allowing employers to assess their fit within the organization before offering full benefits.

<b>A) Participation period</b>  
The participation period generally refers to the timeframe employees must wait to be eligible to participate in a benefit plan after meeting specific criteria. It does not denote a phase of ineligibility but rather a requirement for inclusion in the insurance plan.

<b>B) Grace period</b>  
A grace period is a set time following a payment due date during which a policyholder can make a payment without losing coverage. This term is unrelated to employee eligibility for health insurance and does not describe the initial waiting phase for new hires.

<b>C) Probationary period</b>  
New employees are typically subject to a probationary period, during which they are evaluated and are often ineligible for certain benefits, including group health insurance. This period allows employers to determine employee suitability before granting full access to health benefits.

<b>D) Contributory period</b>  
The contributory period refers to the time during which employees must contribute to a benefits plan to receive coverage. This term is not applicable to the initial period of ineligibility for new employees regarding health insurance coverage.

<b>Conclusion</b>  
The probationary period is a critical phase for new employees, signifying the time before they become eligible for group health insurance coverage. Understanding this term helps clarify the distinction between various timeframes related to employee benefits, such as participation and contributory periods, which serve different purposes in the context of employee insurance eligibility.",,Regular,
Insurance Exams,Life Insurance Producer,Virginia Insurance Exams,Virginia Insurance Test Prep,,All of the following are elements of an insurable risk EXCEPT:,Speculative risk,Accidental loss,A large number of similar units,An ability to measure the loss,,,,A,"<h2>Speculative risk is not an element of an insurable risk.</h2>  
Insurable risks are characterized by their potential for predictable and measurable losses, typically involving events that are accidental and not speculative in nature. Speculative risks, on the other hand, involve chances of gain or loss and do not meet the criteria for insurability because they cannot be accurately predicted or quantified.

<b>A) Speculative risk</b>  
Speculative risks involve uncertain outcomes where there is the possibility of both gain and loss, such as investing in the stock market or gambling. Since insurable risks must be predictable and involve only potential losses, speculative risks do not qualify as insurable, making this the correct answer to the question.

<b>B) Accidental loss</b>  
Accidental loss refers to unexpected events that result in financial loss, such as accidents or natural disasters. This characteristic is fundamental to insurable risks, as it ensures that the losses can be unforeseen and thus eligible for insurance coverage.

<b>C) A large number of similar units</b>  
Having a large number of similar units allows insurers to spread risk across many policyholders, enhancing the predictability of losses. This principle of large numbers is critical for establishing stable premiums and ensuring that the insurance pool can absorb the losses effectively.

<b>D) An ability to measure the loss</b>  
The ability to measure loss is essential for insurable risks, as it ensures that potential losses can be quantified accurately. This measurement allows for the calculation of premiums and the assessment of claims, making it a vital element of any insurable risk.

<b>Conclusion</b>  
Insurable risks must be predictable, measurable, and involve accidental losses. Speculative risks, which encompass both potential gains and losses, do not meet these criteria and thus are excluded from consideration as insurable. Understanding the distinction between these types of risks is crucial for effective risk management and insurance practices.",,Regular,
Insurance Exams,Life Insurance Producer,Virginia Insurance Exams,Virginia Insurance License Practice Exam,,A licensee must maintain records of insurance transactions for a minimum of how many previous calendar years?,1 year,2 years,3 years,4 years,,,,C,"<h2>A licensee must maintain records of insurance transactions for a minimum of 3 previous calendar years.</h2>  
Insurance regulations typically require licensees to retain transaction records for a specified period to ensure compliance and facilitate audits. The three-year requirement helps maintain a balance between regulatory oversight and the practicalities of record-keeping for businesses.

<b>A) 1 year</b>  
Maintaining records for only one year is insufficient to meet regulatory standards. Such a short retention period would not allow for adequate review or investigation of transactions, potentially compromising accountability and transparency in the insurance industry.

<b>B) 2 years</b>  
While a two-year retention period is better than one, it still falls short of the mandated minimum. This time frame would limit the ability to address issues arising from transactions that may only surface after a longer period, thus not fulfilling regulatory expectations.

<b>C) 3 years</b>  
The requirement to maintain records for a minimum of three years is designed to ensure that there is enough time to review and investigate any potential discrepancies or claims related to insurance transactions. This period aligns with best practices in the insurance industry for accountability and compliance.

<b>D) 4 years</b>  
Although maintaining records for four years may seem prudent, it exceeds the regulatory minimum and could create unnecessary burdens on licensees. Regulations specify a three-year requirement, so retaining records for longer than necessary is not mandated and does not provide additional compliance benefits.

<b>Conclusion</b>  
The three-year record retention requirement for insurance transactions is crucial for maintaining industry standards and regulatory compliance. It allows for thorough oversight and the ability to address any issues that may arise after transactions occur. Shorter periods would undermine accountability, while longer retention is not mandated. Therefore, understanding this requirement is essential for all licensees in the insurance field.",,Regular,
Insurance Exams,Life Insurance Producer,Virginia Insurance Exams,Virginia Insurance Test Prep,,"If an insurance license applicant's character or competency are in question, the State Corporation Commission may do all of the following EXCEPT:",Decline to issue a license,Place licensee on probation,Investigate and request additional information,Require a performance bond be posted,,,,B,"<h2>Place licensee on probation.</h2>  
The State Corporation Commission can take various actions when an applicant's character or competency is in question, but placing a licensee on probation is not one of those options available to them under such circumstances. Probation is a disciplinary action typically applied after a license has already been issued, rather than a preliminary step in the licensing process.

<b>A) Decline to issue a license</b>  
If an applicant's character or competency raises concerns, the State Corporation Commission has the authority to decline the issuance of a license as a precautionary measure. This action is within their regulatory powers to protect the public and ensure that only qualified individuals are granted licenses.

<b>C) Investigate and request additional information</b>  
The Commission can investigate applicants and request further information to assess their character or competency. This investigative process is crucial for gathering the necessary evidence to make informed decisions regarding the issuance of licenses.

<b>D) Require a performance bond be posted</b>  
Requiring a performance bond can be a measure taken by the Commission to ensure the financial responsibility of the licensee. This action can be implemented as a condition for obtaining a license, particularly if there are concerns about the applicant's ability to fulfill their obligations.

<b>Conclusion</b>  
In summary, while the State Corporation Commission has the authority to decline a license, investigate applicants, and require performance bonds based on character or competency concerns, placing a licensee on probation is not a permissible action prior to license issuance. This distinction underscores the regulatory framework designed to ensure that only qualified individuals receive licenses, thereby maintaining the integrity of the insurance industry.",,Regular,
Insurance Exams,Life Insurance Producer,Virginia Insurance Exams,Virginia Insurance License Practice Exam,,Which service is NOT considered an essential health benefit in affordable care act (ACA) plans?,Adult routine vision,Hospice services,Maternity care,Transplant surgery,,,,A,"<h2>Adult routine vision is NOT considered an essential health benefit in affordable care act (ACA) plans.</h2>  
While the Affordable Care Act outlines ten essential health benefits, routine adult vision care is not included among these mandated services. Essential health benefits focus on comprehensive coverage that addresses critical health needs, while routine vision care is often categorized as non-essential and may vary by plan.

<b>A) Adult routine vision</b>  
Adult routine vision care, including eye exams and corrective lenses, is generally not classified as an essential health benefit under the ACA. This service is often viewed as a supplementary benefit that can be offered by separate vision insurance or included as an optional add-on in some health plans, rather than an essential component required by federal law.

<b>B) Hospice services</b>  
Hospice services are classified as an essential health benefit under the ACA, providing care for individuals with terminal illnesses. This benefit focuses on palliative care and support for patients and families, ensuring that those facing end-of-life issues receive compassionate and comprehensive services.

<b>C) Maternity care</b>  
Maternity care is an essential health benefit mandated by the ACA, ensuring that all health plans cover prenatal, delivery, and postnatal care. This coverage is critical for promoting maternal and infant health, making it a fundamental requirement for all ACA-compliant plans.

<b>D) Transplant surgery</b>  
Transplant surgery is also considered an essential health benefit under the ACA as it involves critical medical procedures for patients with severe health conditions. Coverage for transplants is vital for ensuring access to life-saving treatments and aligns with the ACA's goal of comprehensive health care coverage.

<b>Conclusion</b>  
The Affordable Care Act specifies ten essential health benefits that aim to provide essential coverage for various health needs. Among the choices, adult routine vision is not included, distinguishing it as a non-essential benefit. In contrast, hospice services, maternity care, and transplant surgery are recognized as essential, underscoring the ACA's focus on critical health care provisions for all individuals.",,Regular,
Insurance Exams,Life Insurance Producer,Virginia Insurance Exams,Virginia Insurance Test Prep,,"In long-term care insurance, ADLs normally include:","Age, sex, income, and occupation","Physicians, surgeons, dentists, and optometrists","Spouse, children, parents, and siblings","Dressing, eating, bathing, and mobility",,,,D,"<h2>Dressing, eating, bathing, and mobility.</h2>  
Activities of Daily Living (ADLs) are essential self-care tasks that individuals must perform daily, and they typically include dressing, eating, bathing, and mobility. These activities are critical for assessing an individual's ability to live independently and are fundamental components of long-term care insurance policies.

<b>A) Age, sex, income, and occupation</b>  
These factors relate to demographic and economic information, which are not considered activities of daily living. Instead, they may influence insurance rates or eligibility but do not pertain to the functional abilities that ADLs assess.

<b>B) Physicians, surgeons, dentists, and optometrists</b>  
This choice lists various healthcare professionals who provide medical services and treatment rather than activities that an individual must perform daily. ADLs focus on personal care tasks rather than medical interactions or treatments offered by these professionals.

<b>C) Spouse, children, parents, and siblings</b>  
This option identifies family relationships and does not describe activities performed by individuals. ADLs are about personal care tasks that an individual must manage themselves, while this choice refers to social relationships and support systems.

<b>D) Dressing, eating, bathing, and mobility</b>  
This choice accurately reflects the core activities of daily living that long-term care insurance typically covers. These activities are vital for assessing an individual's self-sufficiency and needs for assistance in daily life.

<b>Conclusion</b>  
In long-term care insurance, the focus is on an individual's ability to perform essential self-care tasks known as Activities of Daily Living (ADLs). Among the provided options, dressing, eating, bathing, and mobility directly represent these critical functions that are evaluated to determine the level of care required. The other options, while relevant in different contexts, do not pertain to the fundamental requirements for assessing daily living capabilities.",,Regular,
Insurance Exams,Life Insurance Producer,Virginia Insurance Exams,Virginia Insurance License Practice Exam,,An individual covered under a disability income policy is injured while engaged in an occupation that is more hazardous than the occupation stated in the policy. What is the effect of the policy's change of occupation provision?,The premium rate is increased,The benefit level is reduced,The policy limits are increased,The policy is cancelled,,,,B,"<h2>The benefit level is reduced.</h2>  
When an individual is injured while engaged in a more hazardous occupation than that specified in their disability income policy, the change of occupation provision typically results in a reduction of benefits. This adjustment reflects the increased risk associated with the new occupation, which may not align with the policy's original terms.

<b>A) The premium rate is increased</b>  
While it's possible that the premium rate could be reevaluated based on the new occupation, the change of occupation provision primarily addresses the benefits rather than altering the premium directly. In most cases, the policy does not automatically increase premiums due to the change in occupation, focusing instead on benefit adjustments.

<b>B) The benefit level is reduced</b>  
This is the correct answer because the change of occupation provision in disability policies is designed to adjust benefits according to the risk profile of the insured's current occupation. When the insured engages in a more hazardous occupation, the insurer may reduce the benefit level to reflect the increased risk of disability associated with that occupation.

<b>C) The policy limits are increased</b>  
Increasing policy limits in response to a more hazardous occupation is counterintuitive and unlikely. Insurers typically lower benefits to mitigate their risk rather than increase them, as elevated risk would not justify higher coverage limits under the same terms.

<b>D) The policy is cancelled</b>  
Cancellation of the policy is not a standard outcome of a change of occupation provision. Instead, the policy remains in force with adjusted benefits due to the increased risk associated with the new occupation. Cancellation would typically require more severe circumstances or breaches of policy terms.

<b>Conclusion</b>  
The change of occupation provision in disability income policies serves to adjust benefits based on the risk associated with an insured's occupation. When an individual takes on a more hazardous role, the policy typically reduces the benefit level to reflect this increased risk, ensuring that the insurer can manage potential liabilities effectively. This mechanism provides a balanced approach to maintaining coverage while addressing changing risk factors.",,Regular,
Insurance Exams,Life Insurance Producer,Virginia Insurance Exams,Virginia Insurance Test Prep,,An agent or insurer who unknowingly violates insurance laws may be charged a maximum penalty of:,"$500 per occurrence, with a cap of $10000","$750 per occurrence, with a cap of $10000","$1000 per occurrence, with a cap of $10000","$1500 per occurrence, with a cap of $10000",,,,C,"<h2>$1,000 per occurrence, with a cap of $10,000.</h2>  
In cases where an agent or insurer unknowingly violates insurance laws, the maximum penalty imposed is set at $1,000 for each occurrence, with an overall cap of $10,000. This regulation aims to ensure compliance while recognizing the potential unawareness of the violators.

<b>A) $500 per occurrence, with a cap of $10,000</b>  
This option presents a penalty that is significantly lower than the established maximum for unknowingly violating insurance laws. While it does have the correct cap, the per occurrence fine does not align with the actual penalty structure, which is higher.

<b>B) $750 per occurrence, with a cap of $10,000</b>  
Similar to option A, this choice also underestimates the per occurrence penalty. The specified amount of $750 fails to meet the regulatory framework, which stipulates a higher fine for each occurrence of violation.

<b>C) $1,000 per occurrence, with a cap of $10,000</b>  
This is the correct choice, accurately reflecting the law regarding penalties for agents or insurers who unknowingly violate insurance regulations. It establishes a clear framework for accountability while providing a reasonable cap on total penalties.

<b>D) $1,500 per occurrence, with a cap of $10,000</b>  
While this option correctly indicates the cap, it overstates the per occurrence penalty. The fine of $1,500 exceeds the established maximum for unknowingly violating insurance laws, making it an incorrect choice.

<b>Conclusion</b>  
Understanding the penalties associated with violations of insurance laws is crucial for agents and insurers. The correct maximum penalty of $1,000 per occurrence, capped at $10,000, serves to balance the need for compliance with the recognition of unintentional infractions. By clarifying these penalties, the law aims to promote ethical practices within the insurance industry while allowing for some leniency in cases of genuine unawareness.",,Regular,
Insurance Exams,Life Insurance Producer,Virginia Insurance Exams,Virginia Insurance License Practice Exam,,An agent's appointment with an insurer:,Is in effect until terminated,Must be renewed quarterly,Must always be approved by the NAIC,Can only be terminated after a proper hearing,,,,A,"<h2>An agent's appointment with an insurer is in effect until terminated.</h2>  
An agent's appointment with an insurer generally remains active until either party decides to terminate the agreement, allowing for continuity in the agent's ability to represent the insurer.

<b>A) Is in effect until terminated</b>  
This statement accurately reflects the nature of agent appointments, which typically continue indefinitely unless a formal termination is initiated by either the agent or the insurer. This flexibility is essential for maintaining ongoing business relationships.

<b>B) Must be renewed quarterly</b>  
This option is incorrect because agent appointments do not have a standard requirement for quarterly renewal. While some agreements may include renewal terms, it is not a universal rule applicable to all agents or insurers.

<b>C) Must always be approved by the NAIC</b>  
This choice is misleading as the National Association of Insurance Commissioners (NAIC) does not directly approve individual agent appointments. While the NAIC provides a framework for regulations, the actual appointment process is managed by the insurers and varies by state.

<b>D) Can only be terminated after a proper hearing</b>  
This option is false because termination of an agent's appointment does not typically require a formal hearing. Most appointments can be terminated by the insurer or agent with proper notice, as stipulated in their agreement, without the necessity of a legal or formal hearing process.

<b>Conclusion</b>  
Understanding the nature of an agent's appointment with an insurer is crucial. The correct choice highlights that such appointments remain effective until either party decides to terminate them, emphasizing the ongoing relationship between agents and insurers. The other options incorrectly represent the processes and requirements associated with agent appointments, underscoring the importance of clarity in these professional agreements.",,Regular,
Insurance Exams,Life Insurance Producer,Virginia Insurance Exams,Virginia Insurance Test Prep,,Coverage for the Medicare Part B calendar-year deductible is:,A Medicare Supplement core benefit,A Medicare Supplement additional benefit,A Medicare Part A benefit,An example of a limited health policy coverage,,,,A,"<h2>A Medicare Supplement core benefit.</h2>  
The Medicare Part B calendar-year deductible is categorized as a core benefit in Medicare Supplement plans, which are designed to cover costs not fully paid by Medicare, including this deductible.

<b>A) A Medicare Supplement core benefit</b>  
This option accurately describes the Medicare Part B calendar-year deductible, which is covered under Medicare Supplement plans (also known as Medigap). These plans are specifically structured to fill in gaps in Original Medicare, including the deductible for Part B services.

<b>B) A Medicare Supplement additional benefit</b>  
While this choice refers to benefits that may be offered by some Medicare Supplement plans, it does not apply to the Part B deductible, which is classified as a core benefit. Additional benefits typically refer to services or costs not required in all Medigap policies, making this choice incorrect.

<b>C) A Medicare Part A benefit</b>  
This option is incorrect because the Medicare Part B calendar-year deductible pertains specifically to Part B services, which cover outpatient care, rather than Part A, which covers inpatient hospital stays. Thus, the deductible is not associated with any Part A benefits.

<b>D) An example of a limited health policy coverage</b>  
This choice mischaracterizes the nature of Medicare Supplement plans. The coverage for the Part B deductible falls under comprehensive Medigap policies that are designed to provide extensive coverage for costs related to Medicare rather than being limited health policies, which typically offer restricted benefits.

<b>Conclusion</b>  
The Medicare Part B calendar-year deductible is indeed a core benefit of Medicare Supplement plans, aiding beneficiaries in managing their healthcare costs. In contrast, the other options either misidentify the deductible's classification or inaccurately associate it with unrelated benefits or policy types. Understanding this classification is crucial for beneficiaries seeking to maximize their Medicare coverage and minimize out-of-pocket expenses.",,Regular,
Insurance Exams,Life Insurance Producer,Virginia Insurance Exams,Virginia Insurance License Practice Exam,,Medical expense insurance is designed to protect the insured for:,Dental expenses,Loss of income,Hospitalization,Accidental death or dismemberment,,,,C,"<h2>Medical expense insurance is designed to protect the insured for hospitalization.</h2>  
Medical expense insurance primarily covers costs associated with inpatient care, including hospital stays, surgeries, and medical treatments. This type of insurance aims to alleviate the financial burden of healthcare services, ensuring access to necessary medical care without overwhelming out-of-pocket expenses.

<b>A) Dental expenses</b>  
Dental expenses are generally covered under separate dental insurance plans rather than medical expense insurance. While some medical plans may offer limited dental coverage, the primary focus of medical expense insurance is on hospitalization and related medical costs rather than routine or specialized dental care.

<b>B) Loss of income</b>  
Loss of income is typically addressed by disability insurance, which provides financial support when an individual is unable to work due to illness or injury. Medical expense insurance does not cover lost wages; its focus is on reimbursing medical costs incurred during treatment rather than compensating for income loss.

<b>C) Hospitalization</b>  
Hospitalization encompasses the core purpose of medical expense insurance, which is to cover the costs associated with being admitted to a hospital for treatment. This includes room charges, surgical fees, and other related medical expenses, making it the primary area of protection offered by this type of insurance.

<b>D) Accidental death or dismemberment</b>  
Accidental death or dismemberment (AD&D) insurance is a distinct type of coverage that provides benefits in the event of death or severe injury due to accidents. It is not included under medical expense insurance, which specifically focuses on medical care costs rather than benefits related to accidents or injuries.

<b>Conclusion</b>  
Medical expense insurance is fundamentally designed to protect individuals against the high costs of hospitalization and medical treatments. While other types of insurance, such as dental or disability insurance, address different needs, medical expense insurance provides essential coverage for healthcare expenses incurred during hospital stays and medical procedures. Understanding this distinction is crucial for individuals seeking to secure comprehensive health coverage.",,Regular,
Insurance Exams,Life Insurance Producer,Virginia Insurance Exams,Virginia Insurance Test Prep,,"In health insurance, the pre-existing conditions limitation or exclusion:",Applies to a change in occupational class,Does not apply to spousal benefits,Only applies if the insured received medical treatment for a specific illness after the policy's effective date,May limit or exclude coverage for an illness suffered by the insured prior to the policy's inception,,,,D,"<h2>May limit or exclude coverage for an illness suffered by the insured prior to the policy's inception.</h2>  
In health insurance, pre-existing conditions refer to illnesses or health issues that existed before the start of a new policy. Insurers often impose limitations or exclusions for these conditions to manage risk and costs, which can significantly impact the coverage provided to the insured.

<b>A) Applies to a change in occupational class</b>  
This statement is incorrect as the pre-existing conditions limitation is specifically tied to health status and not to changes in occupational class. While certain occupations may affect risk assessments, they do not directly relate to the pre-existing conditions clause concerning prior health issues.

<b>B) Does not apply to spousal benefits</b>  
This option is misleading because pre-existing conditions can affect any benefits, including spousal benefits. If the spouse has a pre-existing condition, insurers may still impose limitations or exclusions regardless of the relationship status, making this choice incorrect.

<b>C) Only applies if the insured received medical treatment for a specific illness after the policy's effective date</b>  
This choice is inaccurate because pre-existing conditions limitations apply to any illness that existed prior to the policy's inception, regardless of whether treatment was received after the policy began. This option misrepresents the nature of pre-existing conditions and their implications on coverage.

<b>Conclusion</b>  
Pre-existing conditions limitations are a critical aspect of health insurance policies, allowing insurers to manage risks associated with previously existing illnesses. The correct understanding is that these limitations may restrict coverage for conditions the insured had before the policy started, regardless of any treatment received after the policy's effective date. This distinction is vital for consumers to understand their coverage options and potential exclusions when obtaining health insurance.",,Regular,
Insurance Exams,Life Insurance Producer,Virginia Insurance Exams,Virginia Insurance License Practice Exam,,Pre-existing conditions include conditions of health that:,Are never insurable under any circumstances or degree of severity,Must exist before an applicant can be accepted by an insurer,Have been medically treated or diagnosed prior to the effective date of coverage,Develop after the effective date of the policy but before the expiration of the time limit on certain defenses,,,,C,"<h2>Have been medically treated or diagnosed prior to the effective date of coverage.</h2>  
Pre-existing conditions refer to health issues that were identified or treated before the start of an insurance policy. This definition is crucial because it outlines the circumstances under which insurers may impose limitations or exclusions on coverage for these conditions.

<b>A) Are never insurable under any circumstances or degree of severity</b>  
This statement is incorrect because not all pre-existing conditions are uninsurable. Insurers may provide coverage for pre-existing conditions, often with certain limitations or waiting periods, depending on the policy and the insurer's guidelines.

<b>B) Must exist before an applicant can be accepted by an insurer</b>  
This choice is misleading as it implies that pre-existing conditions are a requirement for acceptance into an insurance plan. In reality, applicants can be accepted regardless of the presence of pre-existing conditions, although these conditions may affect the terms of coverage.

<b>D) Develop after the effective date of the policy but before the expiration of the time limit on certain defenses</b>  
This choice incorrectly defines pre-existing conditions as those that occur after the policy starts. By definition, pre-existing conditions must be present prior to the effective date of the insurance policy, making this option inaccurate.

<b>Conclusion</b>  
Pre-existing conditions are characterized by health issues that have been treated or diagnosed before the insurance coverage begins. Understanding this definition is essential for both insurers and policyholders, as it governs the terms and limitations surrounding coverage. The other choices either misinterpret the concept or inaccurately describe the timeline related to pre-existing conditions.",,Regular,
Insurance Exams,Life Insurance Producer,Virginia Insurance Exams,Virginia Insurance Test Prep,,"Under federal law, an insurance agent may be sentenced to prison for:",Selling insurance with a nonresident license,Embezzling money from an insurance company,Inducing a client to sign an application for insurance,Suing an insurer over contract violations,,,,B,"<h2>Embezzling money from an insurance company can lead to prison sentencing under federal law.</h2>  
Embezzlement is a serious crime that involves the misappropriation of funds entrusted to an individual's care, and in the case of insurance agents, this typically pertains to client premiums or insurance company assets. Such actions violate both state and federal laws, resulting in significant legal consequences including imprisonment.

<b>A) Selling insurance with a nonresident license</b>  
Selling insurance without a proper license is a regulatory violation, but it generally results in fines or administrative penalties rather than criminal charges. Nonresident licensing requirements aim to ensure compliance with state regulations, but violations typically do not lead to imprisonment under federal law.

<b>B) Embezzling money from an insurance company</b>  
This is a criminal act that directly violates laws against theft and fraud. Insurance agents who embezzle funds can face severe consequences, including substantial prison sentences, as it represents a breach of trust and legality that federal law seeks to combat rigorously.

<b>C) Inducing a client to sign an application for insurance</b>  
Inducing a client to sign an insurance application, assuming it is done ethically and within the law, is a standard practice in the insurance industry. However, if done through fraudulent means, it could lead to legal issues, but it does not automatically imply a federal crime leading to imprisonment.

<b>D) Suing an insurer over contract violations</b>  
Suing an insurer is a legal right for agents and clients alike and is not a criminal act. Legal disputes regarding contracts are handled through civil courts, and while they may involve significant financial stakes, they do not incur prison sentences under federal law.

<b>Conclusion</b>  
Under federal law, the act of embezzling money from an insurance company is a criminal offense that can lead to imprisonment for insurance agents. While other choices present legal issues, they do not constitute federal crimes leading to jail time. Understanding these distinctions is crucial for insurance professionals to navigate their responsibilities and legal boundaries effectively.",,Regular,
Insurance Exams,Life Insurance Producer,Virginia Insurance Exams,Virginia Insurance License Practice Exam,,"If there is a judgment against an insurer due to a health claim, interest must be paid from the date:",The insured received medical treatment to the date the judgment is entered,The insured received medical treatment to the date of the claim payment,The insured received the proof of loss to the date the judgment is entered,The insured's illness or accident occurred to the date of the claim payment,,,,C,"<h2>The insured received the proof of loss to the date the judgment is entered.</h2>  
Interest is required to be paid from the date the insurer receives the proof of loss until the judgment is entered. This ensures that the insured is compensated for the time taken to resolve the claim after the necessary documentation has been submitted, reflecting the financial impact of the claim's delay.

<b>A) The insured received medical treatment to the date the judgment is entered</b>  
This option is incorrect because interest does not begin accruing from the date of medical treatment. The relevant starting point for interest calculation is when the insurer has received the proof of loss, which is a formal declaration of the claim and not merely the date of treatment.

<b>B) The insured received medical treatment to the date of the claim payment</b>  
Interest cannot be calculated from the date of medical treatment to the date of claim payment, as this does not take into account the necessary proof of loss. The insurer's obligation to pay interest is conditional on receiving the proof of loss, making this option misleading and incorrect.

<b>D) The insured's illness or accident occurred to the date of the claim payment</b>  
This choice is incorrect because the date of the insured's illness or accident has no bearing on the calculation of interest. Interest is tied specifically to the proof of loss and the delay in judgment, rather than the timing of the event that led to the claim.

<b>Conclusion</b>  
In cases where a judgment is rendered against an insurer for a health claim, the interest is calculated based on the time elapsed from the receipt of proof of loss until the judgment is entered. This standard ensures that insured parties are fairly compensated for delays in claim processing, emphasizing the importance of proper documentation in the claims process.",,Regular,
Insurance Exams,Life Insurance Producer,Virginia Insurance Exams,Virginia Insurance Test Prep,,What effect does a six-month probationary period applicable to an employee have on the effect of coverage for the employee's dependents?,None. The probationary period applies only to the affected employee,"The probationary period applies to dependents, but only for three months",Dependents are covered when the probationary period expires for the employee,The probationary period applies only to current dependents,,,,C,"<h2>Dependents are covered when the probationary period expires for the employee.</h2>  
The probationary period typically affects the employee's eligibility for benefits, but once this period has ended, dependents become eligible for coverage as well. This ensures that all eligible family members are protected under the employee's benefits once the employee has fulfilled their probationary requirements.

<b>A) None. The probationary period applies only to the affected employee</b>  
This choice incorrectly implies that the probationary period has no impact on dependent coverage. While the employee must complete the probationary period to receive benefits, it is the completion of this period that subsequently allows for dependent coverage to begin.

<b>B) The probationary period applies to dependents, but only for three months</b>  
This option misrepresents the duration and applicability of the probationary period. The probationary period does not selectively apply to dependents for a shortened time frame; instead, it solely pertains to the employee's eligibility. Coverage for dependents only begins after the employee's probationary period is completed.

<b>C) Dependents are covered when the probationary period expires for the employee</b>  
Once the employee successfully completes the six-month probationary period, their dependents become eligible for coverage. This reflects the standard protocol in many organizations where family members can only access benefits once the employee has met all necessary employment conditions.

<b>D) The probationary period applies only to current dependents</b>  
This statement erroneously suggests that the probationary period has a differing impact based on the status of dependents. In reality, any dependents added later would also be eligible for coverage once the employee's probationary period concludes, not just those who are currently recognized.

<b>Conclusion</b>  
The probationary period for an employee serves as a requirement for them to gain access to benefits, after which their dependents also become eligible for coverage. This structure ensures that families can benefit from the employee's completed probationary period, reinforcing the importance of completing this initial employment phase for both the employee and their dependents.",,Regular,
Insurance Exams,Life Insurance Producer,Virginia Insurance Exams,Virginia Insurance License Practice Exam,,"In dental plans, all of the following are considered preventive services EXCEPT:",Teeth cleaning,Fluoride treatment,Oral hygiene instruction,Fillings,,,,D,"<h2>Fillings are not considered preventive services in dental plans.</h2>  
Fillings are classified as restorative services rather than preventive ones, as they are used to treat existing dental issues such as cavities. Preventive services, on the other hand, are aimed at preventing dental problems before they occur.

<b>A) Teeth cleaning</b>  
Teeth cleaning, also known as prophylaxis, is a preventive service designed to remove plaque and tartar buildup, thus helping to prevent cavities and gum disease. Regular teeth cleanings are essential for maintaining oral health and are typically covered by dental insurance plans as preventive care.

<b>B) Fluoride treatment</b>  
Fluoride treatment involves applying a concentrated form of fluoride to the teeth to strengthen enamel and reduce the risk of decay. This service is widely recognized as preventive because it helps protect teeth from cavities, making it a standard part of many dental plans.

<b>C) Oral hygiene instruction</b>  
Oral hygiene instruction provides patients with information and techniques on how to maintain proper dental care at home, which is vital for preventing dental issues. This educational service is considered preventive as it empowers patients to take control of their oral health.

<b>D) Fillings</b>  
Fillings are used to restore teeth that have already been damaged by decay, making them a restorative service. Unlike preventive services, which aim to avoid dental problems, fillings address existing issues and are not classified as preventive care under dental plans.

<b>Conclusion</b>  
In dental plans, preventive services are designed to avert dental problems and promote oral health, while restorative services treat existing conditions. Among the options given, fillings stand out as a restorative procedure, distinguishing them from preventive services such as teeth cleaning, fluoride treatment, and oral hygiene instruction. Understanding this difference is crucial for navigating dental care and insurance coverage effectively.",,Regular,
Insurance Exams,Life Insurance Producer,Virginia Insurance Exams,Virginia Insurance Test Prep,,"If an agent or insurer willfully violates Virginia insurance laws, what is the maximum penalty for each violation?","$1,500","$5,000","$7,500","$10,000",,,,B,"<h2>$5,000</h2>  
In Virginia, the maximum penalty for willfully violating insurance laws is set at $5,000 for each violation. This regulatory measure is designed to enforce compliance and uphold the integrity of the insurance industry.

<b>A) $1,500</b>  
This amount is significantly lower than the actual maximum penalty. While lesser violations may incur fines that are smaller, the established maximum for willful violations is higher, thus making this choice incorrect.

<b>B) $5,000</b>  
This is the correct answer, as Virginia law stipulates that the maximum penalty for willfully violating insurance laws is $5,000 per violation. This amount reflects the seriousness of the infraction and serves as a deterrent against non-compliance.

<b>C) $7,500</b>  
While this figure might be considered for certain regulatory infractions, it does not represent the maximum penalty for willful violations of insurance laws in Virginia. This amount exceeds the actual limit set by law, making it an inaccurate choice.

<b>D) $10,000</b>  
This choice also exceeds the maximum penalty established by Virginia law for willful violations. Such a high penalty is not applicable in this context, therefore rendering this option incorrect.

<b>Conclusion</b>  
Understanding the penalties associated with violations of insurance laws is crucial for agents and insurers operating in Virginia. The maximum penalty of $5,000 per willful violation reinforces the importance of compliance and accountability within the insurance sector. Knowledge of these regulations helps ensure that all participants in the industry operate within legal guidelines.",,Regular,
Insurance Exams,Life Insurance Producer,Virginia Insurance Exams,Virginia Insurance License Practice Exam,,"To determine whether unfair trade practices have been violated, who has the power to examine a licensee's books and records?",The Bureau of Insurance,The National Association of Insurance Commissioners,The Federal Deposit Insurance Corporation,The Virginia Insurance Guaranty Association,,,,A,"<h2>The Bureau of Insurance has the power to examine a licensee's books and records.</h2>  
The Bureau of Insurance is the regulatory authority responsible for overseeing insurance practices within a state, including the examination of licensees to ensure compliance with fair trade practices and other regulations.

<b>A) The Bureau of Insurance</b>  
As the primary regulatory body for the insurance industry within a specific jurisdiction, the Bureau of Insurance is empowered to examine the financial records of licensees. This authority allows them to investigate potential unfair trade practices and ensure that licensees adhere to legal and ethical standards in their operations.

<b>B) The National Association of Insurance Commissioners</b>  
The National Association of Insurance Commissioners (NAIC) is a collective of state insurance regulators that develops model laws and regulations but does not have direct authority to examine the books of individual licensees. Instead, it serves more as a coordinating body to promote uniformity among state regulations rather than exercising regulatory power over licensees.

<b>C) The Federal Deposit Insurance Corporation</b>  
The Federal Deposit Insurance Corporation (FDIC) primarily oversees and insures deposits at banks and savings institutions, not insurance companies. Its role does not extend to examining the records of insurance licensees; thus, it lacks the authority in matters pertaining to unfair trade practices within the insurance sector.

<b>D) The Virginia Insurance Guaranty Association</b>  
The Virginia Insurance Guaranty Association is an organization that protects policyholders in the event of an insurance company's insolvency. While it plays a vital role in ensuring consumer protection, it does not have the regulatory authority to examine the books and records of licensees for unfair trade practices.

<b>Conclusion</b>  
The authority to examine a licensee's books and records in relation to unfair trade practices lies with the Bureau of Insurance. This regulatory body ensures that licensees operate fairly and comply with industry standards, while other entities like the NAIC, FDIC, and the Virginia Insurance Guaranty Association serve different roles within the broader financial and insurance landscape. Understanding these distinctions is crucial for navigating regulatory frameworks effectively.",,Regular,
Insurance Exams,Life Insurance Producer,Virginia Insurance Exams,Virginia Insurance Test Prep,,"As of the date of delivery of a Medicare Supplement policy, the applicant has a right to return the policy for a refund within:",10 days,20 days,30 days,60 days,,,,C,"<h2>As of the date of delivery of a Medicare Supplement policy, the applicant has a right to return the policy for a refund within 30 days.</h2>  
This 30-day period allows policyholders to review their Medicare Supplement plan and ensures they have the opportunity to make informed decisions about their coverage.

<b>A) 10 days</b>  
A 10-day return period is not sufficient for policyholders to evaluate their Medicare Supplement policy. While some insurance products may offer shorter review periods, Medicare Supplement policies specifically provide a longer duration to ensure that consumers can thoroughly assess their options.

<b>B) 20 days</b>  
A 20-day return period also falls short of the standard allowed duration for returning Medicare Supplement policies. This time frame does not align with the regulations designed to protect consumers, who are entitled to a minimum of 30 days to reconsider their policy choice.

<b>C) 30 days</b>  
The 30-day return period is the correct answer, as it is the legally mandated timeframe during which applicants can review their Medicare Supplement policy and return it for a full refund if they choose. This policy is in place to ensure consumer protection and satisfaction.

<b>D) 60 days</b>  
A 60-day return period exceeds the established timeframe for returning a Medicare Supplement policy. While longer review periods may seem favorable, the standard for such policies is capped at 30 days, ensuring that consumers are not left in limbo for an extended duration unnecessarily.

<b>Conclusion</b>  
The return policy for Medicare Supplement insurance is specifically set at 30 days, allowing applicants a reasonable timeframe to assess their coverage and make informed choices. This standard is rooted in consumer protection laws that aim to ensure individuals are satisfied with their insurance decisions without feeling rushed or pressured. Understanding this right is crucial for potential policyholders when navigating their healthcare options.",,Regular,
Insurance Exams,Life Insurance Producer,Arizona Insurance Exams,Arizona Insurance Practice Test,,What is the tax penalty for an early withdrawal of a qualified plan?,10%,15%,20%,25%,,,,A,"<h2>The tax penalty for an early withdrawal of a qualified plan is 10%.</h2>  
The Internal Revenue Service (IRS) imposes a penalty of 10% on early withdrawals from qualified retirement plans, such as 401(k) and IRA accounts, to discourage individuals from accessing their retirement savings before the age of 59½.

<b>A) 10%</b>  
This is the correct answer as it reflects the IRS's established penalty for early distributions from qualified plans. This penalty serves as a deterrent to ensure that individuals save for retirement rather than deplete their funds prematurely.

<b>B) 15%</b>  
A 15% penalty does not align with IRS regulations regarding early withdrawals from qualified plans. The tax code specifies a flat 10% penalty, making this option incorrect as it overstates the actual penalty amount.

<b>C) 20%</b>  
The 20% figure is also inaccurate as it exceeds the IRS's established penalty for early withdrawals. While there are situations that may involve higher taxes or penalties based on other factors, such as additional income tax, the standard penalty for early withdrawal remains at 10%.

<b>D) 25%</b>  
This option is incorrect as well because a 25% penalty does not exist under IRS guidelines for early withdrawals from qualified plans. The penalty remains fixed at 10%, making this choice misleading and inaccurate.

<b>Conclusion</b>  
The tax penalty for early withdrawals from qualified plans is firmly set at 10%, ensuring that individuals are encouraged to preserve their retirement savings. Other percentages, such as 15%, 20%, or 25%, do not reflect IRS policy and misrepresent the consequences of early withdrawal. Understanding this penalty is crucial for individuals managing their retirement funds effectively.",,Regular,
Insurance Exams,Life Insurance Producer,Arizona Insurance Exams,Arizona Insurance Exam Questions,,Disability benefits pay with what frequency?,daily,bi-weekly,monthly,lump sum,,,,C,"<h2>Disability benefits pay with what frequency?</h2>
Disability benefits are typically paid on a monthly basis to eligible recipients. This frequency ensures a regular and predictable income stream to assist individuals with disabilities in meeting their financial needs.

<b>A) daily</b>
Disability benefits are not paid daily. The administrative burden of processing and disbursing payments daily would be impractical for organizations managing disability benefit programs, making monthly payments a more feasible and efficient option.

<b>B) bi-weekly</b>
Disability benefits are not usually paid bi-weekly. While some employment wages are paid on a bi-weekly schedule, disability benefits are designed to provide ongoing support on a longer-term and more stable monthly basis.

<b>C) monthly</b>
Correct! Disability benefits are commonly paid on a monthly basis. This timeframe allows recipients to plan their finances and expenses effectively, ensuring a consistent flow of income to support their needs.

<b>D) lump sum</b>
Disability benefits are not typically provided as a lump sum payment. Instead, monthly payments are structured to provide continuous assistance over an extended period, offering financial stability and security for individuals with disabilities.

<b>Conclusion</b>
In the realm of disability benefits, the standard payment frequency is monthly, offering recipients a predictable income source to address their ongoing financial requirements. This regular monthly schedule aims to support individuals with disabilities by ensuring a steady stream of financial assistance to help cover their essential expenses and maintain their quality of life.",,Regular,
Insurance Exams,Life Insurance Producer,Arizona Insurance Exams,Arizona Insurance Practice Test,,A variable annuity provides a,fully guaranteed contract to the owner and the annuitant.,variable rate of growth and a fixed benefit payable to the annuitant.,fixed rate of growth and a variable benefit payable to the annuitant.,variable rate of growth and a variable benefit payable to the annuitant.,,,,D,"<h2>Variable annuity provides a variable rate of growth and a variable benefit payable to the annuitant.</h2>
Variable annuities offer investment options that can fluctuate in value, leading to varying rates of growth for the funds within the annuity. The benefit payments to the annuitant are also not fixed but depend on the performance of the chosen investments.

<b>A) Fully guaranteed contract to the owner and the annuitant</b>
This choice is incorrect because variable annuities do not guarantee returns or benefits. The values associated with variable annuities are subject to market fluctuations and investment performance, meaning there is inherent risk involved.

<b>B) Variable rate of growth and a fixed benefit payable to the annuitant</b>
This option is incorrect as variable annuities do not typically offer a fixed benefit payable to the annuitant. The growth rate is variable based on the performance of the underlying investments, leading to fluctuating benefit amounts.

<b>C) Fixed rate of growth and a variable benefit payable to the annuitant</b>
This choice is inaccurate as variable annuities do not provide a fixed rate of growth. The growth is tied to the performance of the investment options chosen by the annuitant, resulting in variable growth rates and benefit amounts.

<b>D) Variable rate of growth and a variable benefit payable to the annuitant</b>
This is the correct answer. Variable annuities offer both a variable rate of growth based on investment performance and a variable benefit payable to the annuitant. The fluctuation in both growth and benefits is a key feature of variable annuities, distinguishing them from other types of annuities.

<b>Conclusion</b>
In summary, a variable annuity provides flexibility and the potential for growth through variable investment options, leading to fluctuating rates of growth and benefit payments for the annuitant. This structure allows for both risk and reward based on market performance, making variable annuities suitable for individuals seeking investment opportunities within their annuity contracts.",,Regular,
Insurance Exams,Life Insurance Producer,Arizona Insurance Exams,Arizona Insurance Exam Questions,,Dividends paid on personal life Insurance are not taxable because they are considered,premium benefits.,a return of unearned premium.,ordinary income.,as earned interest.,,,,B,"<h2>Dividends paid on personal life insurance are not taxable because they are considered a return of unearned premium.</h2>
Dividends on personal life insurance policies are not classified as taxable income since they represent a portion of the premium that was not utilized for coverage during the policy period. This return of unearned premium is a refund of excess payments made by the policyholder, rather than income earned through investment or labor.

<b>A) Premium benefits</b>
Premium benefits refer to additional advantages or services provided to policyholders by insurance companies beyond the basic coverage included in the policy. These benefits are not directly related to dividends paid out on life insurance policies, which primarily represent a return of unearned premium rather than additional perks associated with premium payments.

<b>B) A return of unearned premium</b>
Correct. Dividends on personal life insurance policies are considered a return of unearned premium, reflecting excess payments made by the policyholder that were not utilized for coverage during the policy term. This return of unearned premium is not classified as taxable income, as it essentially represents a refund of overpaid premiums rather than earnings.

<b>C) Ordinary income</b>
Ordinary income encompasses wages, salaries, bonuses, and other types of earnings derived from employment or business activities. Dividends on personal life insurance policies, however, are not categorized as ordinary income since they are specifically designated as a return of unearned premium rather than income generated through regular work or investments.

<b>D) As earned interest</b>
Earnings from interest typically result from investments or savings accounts where funds are deposited and accumulate interest over time. Dividends paid on personal life insurance policies, on the other hand, are not treated as earned interest but are recognized as a return of unearned premium, representing a refund of excess premium payments.

<b>Conclusion</b>
Dividends on personal life insurance policies are non-taxable because they are considered a return of unearned premium, reflecting excess payments made by the policyholder that were not utilized for coverage during the policy period. This distinction ensures that these dividends are not treated as ordinary income, earned interest, or premium benefits, but rather as a reimbursement of overpaid premiums.",,Regular,
Insurance Exams,Life Insurance Producer,Arizona Insurance Exams,Arizona Insurance Practice Test,,"When applying for a license in the State of Arizona, all of the following are acceptable documentation of citizenship EXCEPT",an Arizona driver license issued after 1996.,a driver license issued by a state that verified lawful presence in the US.,a foreign passport without a US visa.,a birth certificate issued in any US state.,,,,C,"<h2>A foreign passport without a US visa is not an acceptable documentation of citizenship in Arizona.</h2>  
In Arizona, acceptable documentation of citizenship requires proof of lawful presence in the United States. A foreign passport without a US visa does not demonstrate lawful presence or citizenship, making it unacceptable for licensing purposes.

<b>A) an Arizona driver license issued after 1996.</b>  
An Arizona driver license issued after 1996 is an acceptable form of identification as it indicates that the individual has provided proof of lawful presence and citizenship in the United States. This license is issued by a state authority and confirms the holder's identity and legal status.

<b>B) a driver license issued by a state that verified lawful presence in the US.</b>  
A driver license from any state that has verified the individual's lawful presence in the US is also acceptable documentation. This means the issuing state has confirmed the individual's eligibility to reside in the country, thereby serving as valid proof of citizenship for licensing in Arizona.

<b>C) a foreign passport without a US visa.</b>  
A foreign passport without a US visa cannot be used as documentation of citizenship because it does not establish lawful presence in the United States. Without the appropriate visa, this document fails to prove that the individual is authorized to remain in the country, rendering it unacceptable for Arizona licensing.

<b>D) a birth certificate issued in any US state.</b>  
A birth certificate issued in any US state is an acceptable form of documentation as it serves as proof of citizenship. It establishes that the individual was born in the United States, thus confirming their legal status as a citizen.

<b>Conclusion</b>  
When applying for a license in Arizona, documentation must demonstrate lawful presence and citizenship. While several forms of identification, such as state-issued driver licenses and birth certificates, are acceptable, a foreign passport without a US visa fails to meet these requirements. Therefore, it is critical to provide valid documentation to ensure compliance with state licensing regulations.",,Regular,
Insurance Exams,Life Insurance Producer,Arizona Insurance Exams,Arizona Insurance Exam Questions,,What is the purpose of a grace period in life insurance policies?,To relnstate the policy after it has been surrendered,To guarantee the insured's right for a premium refund,To prevent unintentional policy lapse,To allow the insurer to waive the premium,,,,C,"<h2>To prevent unintentional policy lapse</h2>
The grace period in life insurance policies serves the crucial function of preventing unintentional policy lapse due to missed premium payments. It provides a buffer of time after the due date during which the policy remains active, offering policyholders an opportunity to make late payments without negative consequences.

<b>A) To reinstate the policy after it has been surrendered</b>
The purpose of the grace period is not to reinstate a policy after it has been surrendered. Surrendering a policy typically involves voluntarily terminating the contract and cashing out its value, which is a separate process from utilizing the grace period for missed premium payments.

<b>B) To guarantee the insured's right for a premium refund</b>
The grace period does not guarantee the insured's right to a premium refund. Instead, it allows for a temporary extension of coverage beyond the premium due date to prevent policy lapse, offering a window for late payments without incurring penalties.

<b>C) To prevent unintentional policy lapse</b>
Correct. The primary purpose of the grace period is to prevent unintentional policy lapse by providing a specified period after the premium due date for policyholders to make late payments without losing coverage. This feature helps maintain the continuity of coverage and protects the insured from immediate termination of the policy.

<b>D) To allow the insurer to waive the premium</b>
The grace period does not grant the insurer the authority to waive the premium altogether. It is designed to offer a brief leniency period for policyholders to make late payments without facing adverse consequences such as immediate policy termination.

<b>Conclusion</b>
In the realm of life insurance policies, the grace period serves a vital role in safeguarding policyholders from unintentional policy lapses due to missed premium payments. By providing a brief window of time beyond the due date, the grace period allows for late payments to be made without jeopardizing the continuity of coverage, ensuring that policyholders maintain their insurance protection.",,Regular,
Insurance Exams,Life Insurance Producer,Arizona Insurance Exams,Arizona Insurance Practice Test,,The 'your duties if injury occurs' section of the workers' compensation policy does NOT require the insured to:,report the injury to the state,provide medical services for injured party,report the injury to the insurer,cooperate with the insurer's investigation,,,,B,"The â€˜your duties if injury occurs' section of a workers' compensation policy requires the insured to report the injury to the insurer (C), cooperate with the investigation (D), and sometimes report to the state (A), depending on regulations. Providing medical services (B) is the insurer's responsibility, not the insured's.",,Regular,
Insurance Exams,Life Insurance Producer,Arizona Insurance Exams,Arizona Insurance Exam Questions,,"A lumber yard includes an endorsement in its policy that the establishment will maintain 24-hour security service. The scheduled overnight security guard becomes ill and leaves the property one hour before his shift ends in order to seek medical care. The next guard arrives on time, finds that a storage section of the property is on fire, immediately calls 911, and the fire is extinguished. The storage section sustains losses that exceed the deductible by $1500. What is the status of the coverage for losses resulting from this fire?",The coverage is in effect because the interruption in security was unavoidable,"The coverage is void because security was interrupted, and the policy is permanently canceled","The coverage is void because security was interrupted, but reinstated when 24-hour security is restored",The coverage is in effect because the guard who discovered the fire reported it promptly,,,,A,"Coverage remains in effect because the interruption in security was unavoidable (A) due to the guard's illness, a circumstance beyond the insured's control, and the policy typically allows for such exceptions. Permanent cancellation (B) is unlikely for a brief, unavoidable lapse. Reinstatement after restoration (C) is not typically automatic without insurer approval. Prompt reporting (D) is a duty but not the reason coverage applies.",,Regular,
Insurance Exams,Life Insurance Producer,Arizona Insurance Exams,Arizona Insurance Practice Test,,Which of the following types of plans may subject an individual to federal tax penalties under the ACA and the Internal Revenue Code?,POS,critical illness,PPO,HMO,,,,B,"<h2>Critical illness</h2>
Certain types of plans, such as critical illness plans, may not meet the minimum essential coverage requirements under the Affordable Care Act (ACA) and the Internal Revenue Code. Individuals enrolled in plans that do not qualify as minimum essential coverage may face federal tax penalties.

<b>A) POS</b>
A Point of Service (POS) plan is a type of health insurance plan that combines features of both Health Maintenance Organization (HMO) and Preferred Provider Organization (PPO) plans. While POS plans vary in coverage and provider networks, they generally do qualify as minimum essential coverage under the ACA. Therefore, individuals with POS plans are less likely to be subject to federal tax penalties.

<b>B) Critical illness</b>
Critical illness plans typically provide a lump-sum payment upon the diagnosis of a serious medical condition specified in the policy. These plans are not designed to function as comprehensive health insurance coverage and may not meet the minimum essential coverage requirements mandated by the ACA. Consequently, individuals solely relying on critical illness plans for health coverage could be at risk of federal tax penalties.

<b>C) PPO</b>
A Preferred Provider Organization (PPO) plan offers a network of healthcare providers, allowing individuals to choose their doctors and hospitals. PPO plans generally meet the minimum essential coverage standards under the ACA, reducing the likelihood of individuals enrolled in PPO plans facing federal tax penalties.

<b>D) HMO</b>
Health Maintenance Organization (HMO) plans emphasize preventive care and typically require individuals to select a primary care physician. HMO plans are structured to provide comprehensive health coverage and usually qualify as minimum essential coverage under the ACA, minimizing the chances of individuals with HMO plans incurring federal tax penalties.

<b>Conclusion</b>
In the context of the Affordable Care Act (ACA) and the Internal Revenue Code, individuals may be subject to federal tax penalties if they are enrolled in health plans that do not meet the minimum essential coverage requirements. Critical illness plans, due to their specific nature of providing lump-sum payments for specified medical conditions rather than comprehensive health coverage, fall into this category and can potentially expose individuals to such penalties. It is crucial for individuals to ensure that their health insurance plans comply with the ACA guidelines to avoid any tax implications.",,Regular,
Insurance Exams,Life Insurance Producer,Arizona Insurance Exams,Arizona Insurance Exam Questions,,Applicants for insurance must be given advance written notice of an insurer's practices regarding the collection and use of personal information related to insurance transactions. This is known as,health disclosure.,suitability considerations.,disclosure authorization.,financial suitability.,,,,C,"<h2>Applicants for insurance must be given advance written notice of an insurer's practices regarding the collection and use of personal information related to insurance transactions. This is known as disclosure authorization.</h2>  
Disclosure authorization refers to the process of informing applicants about how their personal information will be collected and utilized by insurers, ensuring transparency and compliance with privacy regulations.

<b>A) health disclosure.</b>  
Health disclosure specifically refers to the communication of health-related information, typically concerning an individual's medical history or condition. While it is an important aspect of insurance, it does not encompass the broader context of how personal information is collected and used for insurance transactions.

<b>B) suitability considerations.</b>  
Suitability considerations pertain to the evaluation of whether a particular insurance product is appropriate for an applicant based on their financial situation and needs. This concept does not address the obligation to inform applicants about the collection and use of their personal information, which is a different regulatory requirement.

<b>C) disclosure authorization.</b>  
Disclosure authorization is the correct term that describes the requirement for insurers to provide written notice to applicants regarding their practices in handling personal information. This process ensures that applicants are aware of their privacy rights and the ways in which their data may be used.

<b>D) financial suitability.</b>  
Financial suitability focuses on assessing whether an insurance product meets the financial needs and goals of the applicant. Similar to suitability considerations, this term does not relate to the notification process about the collection and use of personal information, making it an incorrect choice.

<b>Conclusion</b>  
Disclosure authorization is a critical practice that protects applicants by ensuring they are informed about how their personal information will be managed by insurers. This requirement fosters trust and transparency in insurance transactions, distinguishing it from other concepts like health disclosure or suitability considerations, which do not address the information practices directly.",,Regular,
Insurance Exams,Life Insurance Producer,Arizona Insurance Exams,Arizona Insurance Practice Test,,"Which type of group has a constitution and bylaws, is organized and maintained in good faith for purposes other than obtaining insurance, and has insurance for the purpose of covering members and their employees?",Multiple employer group.,Employee or Individual employer group.,Credit Insurance group.,Association or labor group.,,,,D,"<h2>Association or labor group.</h2>
Association or labor groups are characterized by having a constitution and bylaws, being established for non-insurance purposes, and providing insurance coverage for their members and employees. These groups typically serve common interests, such as professional organizations or labor unions, and offer insurance benefits as part of their membership advantages.

<b>A) Multiple employer group.</b>
Multiple employer groups refer to arrangements where multiple employers participate in a shared benefits plan, often for insurance purposes. While they may have insurance coverage, these groups are primarily formed for the collective administration of benefits and cost-sharing, rather than being organized for non-insurance purposes like associations or labor groups.

<b>B) Employee or Individual employer group.</b>
Employee or individual employer groups consist of employees or individual employers seeking insurance coverage either collectively or individually. These groups do not necessarily have constitutions and bylaws, nor are they typically organized for purposes unrelated to insurance like association or labor groups.

<b>C) Credit Insurance group.</b>
Credit insurance groups are entities providing insurance coverage for credit-related risks, such as loan default or credit card balances. These groups are focused on financial protection in credit transactions and do not align with the characteristics of having constitutions and bylaws for non-insurance purposes, which are typical of association or labor groups.

<b>D) Association or labor group.</b>
Association or labor groups are structured with constitutions and bylaws, operate for purposes beyond obtaining insurance, and offer insurance coverage for members and employees. These groups represent collective interests, whether professional, industrial, or trade-related, and their insurance benefits are part of the overall services provided to their constituents.

<b>Conclusion</b>
Among the options provided, the association or labor group best fits the description of an organized entity with a constitution and bylaws, functioning for non-insurance objectives, and offering insurance coverage to members and their employees. This distinction highlights the unique nature of these groups in providing both organizational structure and insurance benefits within a unified framework.",,Regular,
Insurance Exams,Life Insurance Producer,Arizona Insurance Exams,Arizona Insurance Exam Questions,,Which provides for the continuation of a business If the owner dies prematurely?,Deferred compensation,Executive bonuses,Key employee life insurance,Buy-sell funding,,,,D,"<h2>Buy-sell funding</h2>
In the event of the premature death of a business owner, buy-sell funding mechanisms ensure the smooth continuation of the business by facilitating the transfer of ownership interests according to predetermined agreements. This arrangement helps maintain business stability and continuity during challenging transitions.

<b>A) Deferred compensation</b>
Deferred compensation refers to a portion of an employee's pay that is set aside to be paid out at a later date, typically after retirement. While this can be a beneficial tool for retirement planning, it does not directly address the issue of business continuation in the event of the owner's premature death.

<b>B) Executive bonuses</b>
Executive bonuses are financial rewards given to executives based on their performance or other predetermined criteria. While bonuses can incentivize key personnel and contribute to business success, they do not inherently provide for the continuation of the business if the owner dies prematurely.

<b>C) Key employee life insurance</b>
Key employee life insurance policies are designed to protect a business from financial loss in the event of the death of a key employee, often providing funds to help cover expenses or losses associated with such an event. While important for risk management, key employee life insurance does not directly address the issue of business continuation after the owner's premature death.

<b>Conclusion</b>
Buy-sell funding stands out as the most suitable option for ensuring the continuation of a business if the owner dies prematurely. This mechanism allows for a seamless transition of ownership and helps mitigate potential disruptions to the business operations. By establishing clear agreements and funding mechanisms in advance, buy-sell arrangements provide financial stability and continuity in the face of unexpected events like the death of a business owner.",,Regular,
Insurance Exams,Life Insurance Producer,Arizona Insurance Exams,Arizona Insurance Practice Test,,Which of the following describes the cause of a loss?,Peril,Hazard,Risk,Insurance,,,,A,"A peril (A) is the cause of a loss, such as fire or theft. A hazard (B) is a condition that increases the likelihood of a loss. Risk (C) is the potential for loss. Insurance (D) is the mechanism to transfer risk, not the cause of loss.",,Regular,
Insurance Exams,Life Insurance Producer,Arizona Insurance Exams,Arizona Insurance Exam Questions,,"While driving a company truck that is covered by a commercial auto policy, an individual had a collision with a deer that shattered the windshield. How would this loss be covered?",This loss would be covered by the policy's collision coverage subject to a deductible,This loss would be covered by the policy's comprehensive coverage subject to any deductible,A collision with an animal is excluded and any resulting loss would not be covered,This loss would be covered by both the policy's collision and comprehensive coverages subject to the applicable deductibles,,,,B,"A collision with a deer is covered under comprehensive coverage (B) in a commercial auto policy, as it includes losses from animal collisions, subject to a deductible. Collision coverage (A) applies to vehicle-to-vehicle or object collisions, not animals. Animal collisions are not excluded (C). Only one coverage applies, so both collision and comprehensive (D) is incorrect.",,Regular,
Insurance Exams,Life Insurance Producer,Arizona Insurance Exams,Arizona Insurance Practice Test,,A decreasing term policy is issued with a decreasing death benefit and,flexible premiums.,decreasing premiums.,level premiums.,increasing premiums.,,,,C,"<h2>Level premiums.</h2>
A decreasing term policy features a death benefit that decreases over time, typically to align with a decreasing financial liability like a mortgage. While the payout decreases, the premiums remain constant throughout the policy's term, ensuring predictable and steady payments for the policyholder.

<b>A) flexible premiums</b>
Flexible premiums allow policyholders to adjust their premium payments within certain limits, offering variability based on financial circumstances or coverage needs. In a decreasing term policy, the premiums are typically fixed rather than flexible, providing stability in payments despite the decreasing death benefit.

<b>B) decreasing premiums</b>
Contrary to decreasing term policies with decreasing death benefits, decreasing premiums would imply a reduction in premium payments over time. However, in the context of a decreasing term policy, the premiums are usually level—remaining constant throughout the policy duration—regardless of the decreasing death benefit.

<b>C) level premiums</b>
In a decreasing term policy with a decreasing death benefit, the premiums are level, meaning they do not change over the life of the policy. This consistent premium structure offers policyholders predictability in their financial planning, as they can rely on fixed premium amounts despite the decreasing payout.

<b>D) increasing premiums</b>
Increasing premiums would involve a rise in premium payments over time, which is not characteristic of a decreasing term policy. The concept of increasing premiums does not align with the design of a policy where the death benefit decreases while premiums remain constant.

<b>Conclusion</b>
For a decreasing term policy with a decreasing death benefit, the most suitable premium structure is level premiums. This ensures that policyholders pay a consistent premium amount throughout the policy term, providing financial stability and predictability despite the decreasing payout value. By maintaining level premiums, policyholders can effectively manage their budgeting and financial obligations without experiencing fluctuations in insurance costs.",,Regular,
Insurance Exams,Life Insurance Producer,Arizona Insurance Exams,Arizona Insurance Exam Questions,,"Which type of group has a constitution and bylaws, is organized and maintained in good faith for purposes other than obtaining insurance, and has insurance for the purpose of covering members and their employees?",Multiple employer group,Employee or individual employer group,Credit Insurance group,Association or labor group,,,,D,"<h2>Association or labor group</h2>  
An association or labor group is characterized by its constitution and bylaws, being organized for purposes other than obtaining insurance, and maintaining insurance to cover its members and employees. This structure allows such groups to operate effectively while providing necessary protections for their constituents.

<br>

<b>A) Multiple employer group</b>  
A multiple employer group typically consists of various employers who join together to provide insurance benefits to their employees. While these groups may have some organizational structure, they primarily focus on providing insurance rather than operating under a constitution and bylaws for broader purposes. 

<br>

<b>B) Employee or individual employer group</b>  
An employee or individual employer group is generally formed by a single employer or a collection of employees for insurance purposes. These groups do not necessarily have a constitution and bylaws nor are they focused on broader organizational goals beyond providing insurance benefits. Their primary aim is to offer coverage, which lacks the foundational structure of an association or labor group.

<br>

<b>C) Credit Insurance group</b>  
Credit insurance groups are designed specifically to provide insurance coverage for credit risks, often focusing on financial protection rather than organizational governance. They do not typically include a constitution or bylaws governing their operation and are not maintained for purposes other than insurance, which distinguishes them from association or labor groups.

<br>

<b>Conclusion</b>  
The defining characteristics of an association or labor group include having a constitution and bylaws and maintaining insurance for its members and employees without the primary aim of obtaining insurance itself. This distinguishes it from other group types like multiple employer groups, employee groups, and credit insurance groups, which focus primarily on insurance provision rather than broader organizational goals.",,Regular,
Insurance Exams,Life Insurance Producer,Arizona Insurance Exams,Arizona Insurance Practice Test,,"A group major medical policy is written with a $1,000 deductible, 80/20 coinsurance, and an out-of-pocket maximum of $3,000. The total cost of the procedure is $5,000. How much does the subscriber have to pay towards the $5,000 total?","$5,000","$3,000","$1,800","$1,000",,,,C,"<h2>The subscriber has to pay $1,800 towards the $5,000 total.</h2>  
To determine the subscriber's payment, we first apply the deductible of $1,000. After this, the remaining amount of $4,000 is subject to the 80/20 coinsurance, where the subscriber pays 20% of that amount. This results in an additional payment of $800, leading to a total out-of-pocket cost of $1,800.

<b>A) $5,000</b>  
This choice implies that the subscriber would pay the entire cost of the procedure, which is incorrect. The plan includes a deductible, coinsurance, and an out-of-pocket maximum, all of which reduce the subscriber's total payment.

<b>B) $3,000</b>  
While this option suggests a payment amount close to the out-of-pocket maximum, it does not account for the deductible and the subsequent coinsurance properly. The calculation reveals a lower total payment than the maximum due to the structure of the insurance plan.

<b>D) $1,000</b>  
This choice only reflects the deductible amount and fails to include the coinsurance payment that follows. After the deductible is met, additional costs remain, which must be factored into the total subscriber payment.

<b>Conclusion</b>  
In summary, the correct total amount the subscriber must pay towards the $5,000 procedure cost is $1,800, which includes the $1,000 deductible and the $800 from the 20% coinsurance on the remaining amount. This calculation underscores the importance of understanding how deductibles and coinsurance interact within a health insurance policy.",,Regular,
Insurance Exams,Life Insurance Producer,Arizona Insurance Exams,Arizona Insurance Exam Questions,,"An Insured's home is built on a flood plain, therefore the home is susceptible to flood damage. This is an example of",exposure,damage,risk sharing,strict liability,,,,A,"A home on a flood plain is an exposure (A), as it represents a situation increasing the likelihood of loss due to flooding. Damage (B) is the result of a loss, not the condition. Risk sharing (C) involves pooling risks. Strict liability (D) is a legal doctrine, not a risk condition.",,Regular,
Insurance Exams,Life Insurance Producer,Arizona Insurance Exams,Arizona Insurance Practice Test,,"Which of the following benefits enables an employee to defer current receipt of income and have it paid at a later date, when presumably the employee will be in a lower income tax bracket?",A Section 303 stock redemption.,A deferred compensation option.,An annuity.,A key person life insurance policy.,,,,B,"<h2>A deferred compensation option.</h2>
Deferred compensation options allow employees to delay receiving income, typically until retirement, when they may be in a lower tax bracket. This deferral strategy can provide tax advantages by reducing the immediate tax burden on earnings and potentially resulting in tax savings later.

<b>A) A Section 303 stock redemption</b>
Section 303 of the Internal Revenue Code pertains to a specific type of stock redemption used for estate tax planning purposes. It allows a corporation to redeem stock from a deceased shareholder's estate to pay estate taxes without the redemption being treated as a dividend to the estate. This provision is unrelated to deferring income for tax purposes.

<b>B) A deferred compensation option</b>
Correct. Deferred compensation options enable employees to postpone receiving income, potentially leading to tax advantages by deferring tax obligations to a later time when tax rates may be lower. This strategy can be advantageous for long-term financial planning and tax management.

<b>C) An annuity</b>
An annuity is a financial product that provides a series of payments over a specified period, often used as a source of income during retirement. While annuities can offer tax-deferred growth on earnings, they do not inherently allow employees to defer current income to a lower tax bracket in the same manner as deferred compensation options.

<b>D) A key person life insurance policy</b>
Key person life insurance is a policy a business takes out on the life of a key employee to protect against financial loss due to that individual's death. This type of insurance is not directly related to deferring income for tax purposes and does not offer the same tax benefits associated with deferred compensation options.

<b>Conclusion</b>
Among the options provided, a deferred compensation option stands out as the choice that enables employees to defer current receipt of income and have it paid at a later date, potentially when they are in a lower income tax bracket. This strategic financial planning tool can help individuals manage their tax liabilities and optimize their financial situation over the long term.",,Regular,
Insurance Exams,Life Insurance Producer,Arizona Insurance Exams,Arizona Insurance Exam Questions,,An insured has a policy with a 75%/25% coinsurance and a $100 deductible. This means that the total amount that the insured will have to pay equals,25% of all covered losses.,75% of all covered losses.,"$100, and the insurer will pay all further covered losses.","$100, plus 25% of all further covered losses.",,,,D,"<h2>$100, plus 25% of all further covered losses.</h2>
In this scenario, the insured must first cover the $100 deductible out of pocket. Following this initial payment, the coinsurance arrangement stipulates that the insured will be responsible for 25% of all subsequent covered losses, with the insurer covering the remaining 75%.

<b>A) 25% of all covered losses.</b>
This option is incorrect because the insured is only responsible for 25% of covered losses after fulfilling the $100 deductible. It does not apply to the entire amount of covered losses.

<b>B) 75% of all covered losses.</b>
This choice is inaccurate as the insured's coinsurance responsibility is set at 25%, not 75%. The insurer covers 75% of all covered losses after the deductible is met.

<b>C) $100, and the insurer will pay all further covered losses.</b>
This option is incorrect because the insured's responsibility extends beyond the $100 deductible. After paying the deductible, the insured will still need to contribute 25% of all subsequent covered losses.

<b>D) $100, plus 25% of all further covered losses.</b>
Correct! The insured must first pay the $100 deductible and then cover 25% of all additional covered losses. This correct choice accurately reflects the coinsurance terms outlined in the policy.

<b>Conclusion</b>
In this coinsurance arrangement with a $100 deductible and a 75%/25% split, the insured incurs an initial out-of-pocket expense of $100. Following this payment, the insured is responsible for 25% of all further covered losses, while the insurer covers the remaining 75%. This structure ensures shared financial responsibility between the insured and the insurer while providing clarity on the cost-sharing arrangements in the policy.",,Regular,
Insurance Exams,Life Insurance Producer,Arizona Insurance Exams,Arizona Insurance Practice Test,,What is the advantage of a children's term rider added to the primary Insured's coverage?,No premium payments until the minor reaches the limiting age,Conversion to permanent insurance without evidence of insurability,Additional benefits for the primary insured while the rider is in effect,Unique benefits and coverages for each insured child,,,,B,"<h2>Conversion to permanent insurance without evidence of insurability.</h2>  
A children's term rider allows the insured's children to convert to a permanent insurance policy at a later date without needing to provide evidence of insurability, making it easier for them to obtain coverage as they grow older.

<b>A) No premium payments until the minor reaches the limiting age</b>  
This statement is misleading because while the rider may provide coverage for minors without immediate premiums, it does not imply that premiums are waived until the limiting age. Instead, the rider allows for coverage under the primary insured's policy, which typically requires premiums to be paid for the entire policy duration.

<b>B) Conversion to permanent insurance without evidence of insurability</b>  
This is the primary advantage of a children's term rider. It provides the insured's children the option to convert their term insurance to a permanent policy without undergoing medical underwriting, ensuring they can secure coverage regardless of their health status at the time of conversion.

<b>C) Additional benefits for the primary insured while the rider is in effect</b>  
The rider primarily benefits the children and does not provide additional benefits directly to the primary insured. Its function is to ensure the children have coverage and the option for future conversion, rather than offering enhanced benefits to the primary insured during the rider's term.

<b>D) Unique benefits and coverages for each insured child</b>  
While the rider covers each child, it does not provide unique benefits for each one. The coverage is standardized under the terms of the rider and does not differentiate between individual children in terms of benefits and coverages.

<b>Conclusion</b>  
A children's term rider is a valuable addition to the primary insured's coverage, primarily enabling the conversion to permanent insurance without the need for evidence of insurability. This feature provides significant long-term security for the insured's children, while the other options fail to encapsulate the true benefits of such a rider. By understanding the advantages of this rider, policyholders can make informed decisions about their coverage options for their children.",,Regular,
Insurance Exams,Life Insurance Producer,Arizona Insurance Exams,Arizona Insurance Exam Questions,,What does Medicare Part B cover?,Hospital expenses,Prescription drugs,Doctor's charges,Custodial care,,,,C,"<h2>Doctor's charges</h2>
Medicare Part B primarily covers outpatient services, including visits to doctors, specialists, and other healthcare providers. This coverage extends to services deemed medically necessary, such as preventive care, diagnostic tests, and treatment consultations.

<b>A) Hospital expenses</b>
Hospital expenses fall under Medicare Part A coverage, which includes inpatient hospital stays, skilled nursing facility care, hospice care, and some home healthcare services. Medicare Part B focuses on outpatient medical services and does not typically cover hospital expenses.

<b>B) Prescription drugs</b>
Prescription drug coverage is offered through Medicare Part D or Medicare Advantage plans that include prescription drug benefits. Medicare Part B does not generally cover prescription medications obtained at a pharmacy or administered in an outpatient setting.

<b>C) Doctor's charges</b>
Correct. Medicare Part B covers doctor's charges, including physician visits, outpatient services, preventive care, and medically necessary treatments. This coverage extends to a wide range of healthcare providers offering services outside of inpatient hospital settings.

<b>D) Custodial care</b>
Custodial care, which involves assistance with activities of daily living like bathing, dressing, and eating, is not covered by Medicare Part B. Long-term care services, including custodial care in nursing homes or at home, typically require separate coverage options or private insurance plans.

<b>Conclusion</b>
Medicare Part B primarily covers outpatient medical services, including doctor's charges, diagnostic tests, preventive care, and other medically necessary treatments. Understanding the specific coverage provided by each part of Medicare is crucial for beneficiaries to maximize their healthcare benefits and access appropriate care based on their individual needs.",,Regular,
Insurance Exams,Life Insurance Producer,Arizona Insurance Exams,Arizona Insurance Practice Test,,"The director may deny, suspend, revoke, or refuse to renew a license for all of the following EXCEPT",driving under the influence of drugs.,misappropriating or converting any monies received in doing insurance business.,intentionally misrepresenting the terms of a proposed insurance contract.,having been convicted of a felony.,,,,A,"<h2>Driving under the influence of drugs is not a specific reason for the director to deny, suspend, revoke, or refuse to renew a license.</h2>  
While driving under the influence is a serious offense, it does not directly relate to the qualifications or conduct necessary for maintaining a license in the insurance industry. The other options are directly related to unethical practices that compromise the integrity of insurance operations.

<b>A) Driving under the influence of drugs</b>  
Driving under the influence is primarily a criminal offense related to road safety and does not pertain to the professional conduct expected of licensed insurance agents. While such behavior may reflect poorly on an individual's character, it is not a direct cause for action by the insurance director regarding licensing.

<b>B) Misappropriating or converting any monies received in doing insurance business</b>  
This action involves the unethical handling of clients' funds and directly violates the trust and legal standards required in the insurance industry. Such misconduct can lead to severe penalties, including license revocation, as it undermines the financial integrity of the business.

<b>C) Intentionally misrepresenting the terms of a proposed insurance contract</b>  
Misrepresentation of contract terms is a form of fraud that can mislead clients and result in significant financial harm. This behavior is explicitly prohibited in insurance practices, and the director has the authority to take action against such unethical behavior.

<b>D) Having been convicted of a felony</b>  
A felony conviction can indicate a lack of moral character and responsibility, which are essential traits for someone in the insurance profession. Such convictions can lead to license denial or revocation, as they may pose a risk to the public and the industry.

<b>Conclusion</b>  
The director's authority to deny, suspend, revoke, or refuse to renew a license is grounded in maintaining ethical standards within the insurance industry. While driving under the influence is a serious legal issue, it does not fall under the direct purview of licensing concerns that relate to professional conduct in insurance. In contrast, the other options represent actions that could severely compromise public trust and the integrity of insurance operations.",,Regular,
Insurance Exams,Life Insurance Producer,Arizona Insurance Exams,Arizona Insurance Exam Questions,,An insurer may NOT issue which type of contract?,A disability income contract.,A dental insurance contract.,A major medical insurance contract.,An HMO contract.,,,,D,"<h2>An insurer may NOT issue an HMO contract.</h2>  
Health Maintenance Organization (HMO) contracts have specific regulatory and operational requirements that differ from standard insurance policies. Unlike traditional insurance contracts, HMOs operate on a managed care model and often require a different licensing structure, making them distinct from the other types of contracts listed.

<b>A) A disability income contract.</b>  
Disability income contracts are designed to provide financial support when an individual is unable to work due to illness or injury. Insurers are fully authorized to issue these contracts, as they fall within conventional insurance offerings that comply with state regulations.

<b>B) A dental insurance contract.</b>  
Dental insurance contracts cover preventive, basic, and sometimes major dental services. Insurers can issue these contracts as they are considered standard insurance products, and many companies specialize in dental coverage, making it a widely accepted form of insurance.

<b>C) A major medical insurance contract.</b>  
Major medical insurance contracts are comprehensive plans that cover a wide range of healthcare services and are commonly issued by insurers. These contracts are regulated and widely available in the insurance market, allowing insurers to provide essential health coverage.

<b>D) An HMO contract.</b>  
HMO contracts require insurers to provide a specific network of healthcare providers and are subject to different regulatory requirements than standard insurance contracts. As such, not all insurers are able to issue HMO contracts due to the need for specialized licensing and compliance with managed care regulations.

<b>Conclusion</b>  
In summary, while insurers can issue disability income, dental, and major medical insurance contracts, HMO contracts require adherence to a distinct regulatory framework that not all insurers may meet. This delineation is crucial for understanding the types of health coverage available and the operational limits of various insurance providers.",,Regular,
Insurance Exams,Life Insurance Producer,Arizona Insurance Exams,Arizona Insurance Practice Test,,"According to HIPAA regulations, health coverage for eligible individuals must be offered on what basis?",Non-renewable,Conditionally renewable,Guaranteed issue,Creditable coverage,,,,C,"<h2>Health coverage for eligible individuals must be offered on a guaranteed issue basis according to HIPAA regulations.</h2>
HIPAA mandates that health insurance providers must offer coverage to eligible individuals without regard to health status, ensuring that these individuals cannot be denied coverage or charged higher premiums based on pre-existing conditions.

<b>A) Non-renewable</b>  
Non-renewable health coverage refers to plans that do not allow for extension beyond a certain period. HIPAA regulations do not support non-renewable provisions as they aim to provide continuous access to coverage for eligible individuals, thus contrasting with the non-renewable concept.

<b>B) Conditionally renewable</b>  
Conditionally renewable plans allow insurers to renew coverage as long as certain conditions are met, often relating to health status or other factors. This does not align with HIPAA's guaranteed issue requirement, which ensures that coverage cannot be denied based on health conditions, making this choice incorrect.

<b>C) Guaranteed issue</b>  
Under the guaranteed issue requirement of HIPAA, health insurance providers must offer coverage to all eligible individuals regardless of their health status. This provision is crucial for protecting individuals with pre-existing conditions, ensuring equitable access to health coverage.

<b>D) Creditable coverage</b>  
Creditable coverage refers to prior health insurance that counts toward an individual's waiting period for coverage under new plans. While it is an important concept for determining eligibility and benefits, it does not pertain to the basis on which health coverage must be offered under HIPAA regulations.

<b>Conclusion</b>  
HIPAA's guaranteed issue requirement ensures that eligible individuals receive health coverage without discrimination based on health status or pre-existing conditions. This fundamental principle is crucial for protecting the rights of individuals seeking health insurance, while the other options fail to meet the regulatory standards set forth by HIPAA, emphasizing the importance of equitable access to healthcare.",,Regular,
Insurance Exams,Life Insurance Producer,Arizona Insurance Exams,Arizona Insurance Exam Questions,,The type of annuity in which all payments cease upon the death of an annuitant is referred to as a,equity annuity,life annuity,terminal annuity,variable annuity,,,,B,"<h2>Life annuity</h2>
A life annuity is a financial product that guarantees regular payments for the lifetime of the annuitant. Once the annuitant passes away, the payments cease, distinguishing it from other types of annuities.

<b>A) equity annuity</b>
Equity annuities are investment products tied to the performance of an underlying index, such as the stock market. They do not necessarily cease payments upon the death of the annuitant and are not specifically linked to their lifespan.

<b>B) life annuity</b>
This is the correct answer. A life annuity provides payments for the duration of the annuitant's life and stops upon their death, ensuring financial support during their lifetime.

<b>C) terminal annuity</b>
A terminal annuity refers to an annuity that is paid for a specific term or period, rather than for the annuitant's entire life. Payments do not necessarily end with the annuitant's death but are limited by the predetermined term.

<b>D) variable annuity</b>
Variable annuities allow the annuitant to invest in various sub-accounts, typically mutual funds, with returns tied to market performance. The payments may vary based on investment performance and other factors but do not necessarily cease upon the annuitant's death.

<b>Conclusion</b>
In the realm of annuities, the term ""life annuity"" specifically denotes a financial contract that guarantees periodic payments throughout the annuitant's lifetime, discontinuing upon their death. This unique characteristic sets it apart from equity, terminal, and variable annuities, which may have different payment structures and termination conditions. By understanding the distinctions between these annuity types, individuals can make informed decisions about their financial planning and retirement income strategies.",,Regular,
Insurance Exams,Life Insurance Producer,Arizona Insurance Exams,Arizona Insurance Practice Test,,Which of the following watercraft could the insured purchase and be assured it is automatically covered for liability under their homeowners policy?,A 30 foot sailboat,A 50 foot sailboat,An outboard boat with a 15 horsepower engine,An outboard boat with a 50 horsepower engine,,,,C,"Homeowners policies typically cover small watercraft with low horsepower for liability, such as an outboard boat with a 15 horsepower engine (C), as these are considered low-risk. A 30-foot sailboat (A) and a 50-foot sailboat (B) are too large and typically excluded or require separate marine insurance. An outboard boat with a 50 horsepower engine (D) exceeds the typical horsepower limit (often 25 hp) for automatic coverage under a homeowners policy.",,Regular,
Insurance Exams,Life Insurance Producer,Arizona Insurance Exams,Arizona Insurance Exam Questions,,John is in an accident driving home from work. John submits his disability claim and his medical records have been obtained. Medical records reveal John was under the influence of an illegal substance. What will the insurer pay under the policy?,Return of premium,50% of premiums,50% of the benefits,No benefits will be paid,60% of the benefits,,,D,"<h2>No benefits will be paid.</h2>  
Insurance policies often contain exclusions for claims arising from illegal activities, including driving under the influence of illegal substances. In John's case, the discovery of illegal substance use during the incident likely triggers such an exclusion, resulting in the denial of his disability claim.

<b>A) Return of premium</b>  
The return of premium is typically a feature of certain insurance policies where premiums are refunded if no claims are made. However, this option does not apply in John's case since he has made a disability claim; thus, there will not be a refund of premiums but rather a denial of benefits due to the circumstances surrounding the claim.

<b>B) 50% of premiums</b>  
Offering 50% of premiums as a payout does not align with standard insurance practices in cases involving illegal activities. Since John was under the influence of an illegal substance during the accident, the insurer would not pay out any benefits, including a percentage of the premiums, rendering this option irrelevant.

<b>C) 50% of the benefits</b>  
Similar to the previous options, providing 50% of benefits does not reflect the reality of the situation. Given the findings in the medical records about illegal substance use, the insurer is likely to deny the entire claim rather than provide a partial benefit.

<b>D) No benefits will be paid</b>  
This choice accurately reflects the outcome of John's claim. Due to the illegal activity involved at the time of the accident, the insurer is justified in denying all benefits under the policy provisions.

<b>E) 60% of the benefits</b>  
Offering 60% of the benefits would suggest that the insurer acknowledges some level of valid claim, which contradicts the legal implications of driving under the influence of an illegal substance. Given the circumstances, the insurer would not pay any benefits, making this choice incorrect.

<b>Conclusion</b>  
In this scenario, the insurer will not pay any benefits due to John's illegal substance use at the time of the accident, which violates the terms of his disability policy. The other options fail to consider the legal exclusions that come into play when an insured individual is involved in illegal activities, reinforcing the principle that such actions nullify benefits under the insurance coverage.",,Regular,
Insurance Exams,Life Insurance Producer,Arizona Insurance Exams,Arizona Insurance Practice Test,,A member who is enrolled in a Preferred Provider Organization (PPO) decides to utilize a physician outside the network. How would this affect the member?,The primary care physician has to authorize the treatment.,PPO is a closed plan,no benefit would be available.,There is no effect on the member.,The member will pay more of the treatment cost.,,,D,"<h2>There is no effect on the member.</h2>  
Members of a Preferred Provider Organization (PPO) have the flexibility to seek care from any physician, including those outside their network, without requiring a primary care physician's authorization. This means that while costs may vary, their decision to use an out-of-network provider does not impact their ability to receive care.  

<b>A) The primary care physician has to authorize the treatment.</b>  
In a PPO, members are not required to obtain prior authorization from a primary care physician to see a specialist or an out-of-network provider. This characteristic distinguishes PPOs from Health Maintenance Organizations (HMOs), where such authorization is typically necessary for coverage.  

<b>B) PPO is a closed plan</b>  
This statement is inaccurate as PPOs are considered open plans that offer members the freedom to choose healthcare providers without restrictions. Unlike closed plans, which limit access to a defined network, PPOs allow for both in-network and out-of-network care, albeit with different cost-sharing structures.  

<b>C) No benefit would be available.</b>  
While utilizing an out-of-network provider may lead to higher costs, it does not mean that no benefits are available. PPO members retain the option to receive care from out-of-network providers, although they may face higher out-of-pocket expenses compared to in-network services.  

<b>D) The member will pay more of the treatment cost.</b>  
While this statement is true regarding potential costs, it does not negate the member's access to care. Members can still obtain treatment from out-of-network providers, but they should be aware that their share of the costs will be higher than if they chose an in-network physician.  

<b>Conclusion</b>  
In a PPO, members have the flexibility to seek care from any physician, regardless of network status, without prior authorization. This means there is no effect on their ability to receive care, although they may incur higher costs when choosing out-of-network providers. Understanding this flexibility is essential for members to make informed healthcare decisions while managing their expenses effectively.",,Regular,
Insurance Exams,Life Insurance Producer,Arizona Insurance Exams,Arizona Insurance Exam Questions,,"On a Homeowners policy, which of the following valuation methods is used for personal property reimbursement?",Actual cash value,Agreed value,Stated value,Replacement cost,,,,A,"Personal property under a homeowners policy is typically reimbursed at actual cash value (A), which accounts for depreciation, unless a replacement cost endorsement is added. Agreed value (B) is used for specific items like fine arts. Stated value (C) is less common in homeowners policies. Replacement cost (D) applies to dwellings under Coverage A or with an endorsement for personal property.",,Regular,
Insurance Exams,Life Insurance Producer,Institutition-based Insurace Exams,Insurance Certification Practice Test,,Rodney knowingly purchases a stolen diamond ring and uses a fraudulent appraisal to add this item to the personal articles endorsement on his tenants policy. Rodney submits a claim for the loss of the ring to his insurer. The insurer discovers the appraisal was fraudulent and denies the claim. Which term describes the reason for the denial?,Salvage,Forfeiture,Prescription,Contribution,,,,B,"<h2>Forfeiture describes the reason for the denial of Rodney's claim.</h2>  
Forfeiture occurs when an insured party loses their rights to coverage due to a breach of the insurance policy terms, which in this case, involves the fraudulent appraisal of the stolen diamond ring. This violation of policy conditions justifies the insurer's denial of the claim.

<b>A) Salvage</b>  
Salvage refers to the process of recovering and selling damaged property to minimize loss after an insurance claim. It does not apply to Rodney's situation, as his claim was denied due to fraud rather than any recovery of property or damages.

<b>B) Forfeiture</b>  
Forfeiture is the correct term as it pertains to the loss of rights or benefits due to the insured's actions that violate policy conditions. Rodney's submission of a fraudulent appraisal constitutes a breach of trust and policy integrity, leading to the rightful denial of his claim.

<b>C) Prescription</b>  
Prescription relates to the expiration of the time limit within which a legal claim or action can be initiated. In this scenario, the issue is not about time limits but rather about the fraudulent nature of the appraisal, making this term irrelevant to the claim denial.

<b>D) Contribution</b>  
Contribution involves the principle that multiple insurers share the loss when a risk is covered by more than one policy. This does not apply here, as the denial of Rodney's claim is solely based on his fraudulent actions rather than issues related to multiple coverages.

<b>Conclusion</b>  
Rodney's claim was denied due to forfeiture, as his fraudulent appraisal directly violated the terms of his insurance policy. This principle underscores the importance of honesty in insurance dealings, where any attempt at deceit leads to the loss of coverage rights. Understanding these terms helps clarify the consequences of insurance fraud and reinforces the integrity of the insurance process.",,Regular,
Insurance Exams,Life Insurance Producer,Institutition-based Insurace Exams,Insurance Licensing Study Guide,,Who is considered an insured person under British Columbia's enhanced accident benefits coverage?,"A pedestrian who is visiting British Columbia, who is struck by an uninsured motorist","A resident of British Columbia, who does not have a vehicle or driver's licence, who is injured in a hit-and-run accident","The driver of a vehicle owned by the Royal Canadian Mounted Police, if the driver holds a British Columbia driver's licence","An occupant of a vehicle owned by the Government of Canada, if the vehicle is driven by a person with a British Columbia driver's licence",,,,B,"<h2>A resident of British Columbia, who does not have a vehicle or driver's licence, who is injured in a hit-and-run accident.</h2>  
In British Columbia, enhanced accident benefits coverage extends to residents regardless of their vehicle ownership or licensing status, particularly in the case of injuries from hit-and-run incidents. This inclusion ensures that all residents have access to necessary benefits when involved in accidents, enhancing their protection under the law.

<b>A) A pedestrian who is visiting British Columbia, who is struck by an uninsured motorist</b>  
This choice refers to a visitor rather than a resident, which disqualifies them from the enhanced accident benefits coverage specific to British Columbia residents. Coverage typically requires residency for eligibility, particularly in cases involving uninsured motorists.

<b>C) The driver of a vehicle owned by the Royal Canadian Mounted Police, if the driver holds a British Columbia driver's licence</b>  
While having a British Columbia driver's licence is important, the context of the vehicle ownership is crucial. The enhanced accident benefits coverage does not extend to individuals driving government vehicles, such as those owned by the Royal Canadian Mounted Police, under the standard accident benefits provisions.

<b>D) An occupant of a vehicle owned by the Government of Canada, if the vehicle is driven by a person with a British Columbia driver's licence</b>  
Similar to choice C, occupants of government-owned vehicles do not qualify for enhanced accident benefits. The nature of the vehicle's ownership—being government-operated—excludes these individuals from the protections afforded to residents in personal vehicles under the accident benefits scheme.

<b>Conclusion</b>  
In summary, the enhanced accident benefits coverage in British Columbia is designed to protect residents, even if they do not own a vehicle or possess a driver's licence, particularly in hit-and-run situations. This provision ensures that all residents have equitable access to benefits when injured, regardless of their direct involvement with vehicles, unlike the options presented in A, C, and D, which do not fulfill the residency requirement or involve government vehicles.",,Regular,
Insurance Exams,Life Insurance Producer,Institutition-based Insurace Exams,Insurance Certification Practice Test,,A homeowner experiences damage caused by water coming up through the sink and shower drains and the toilets. There is NO heavy rainfall or other water entering the home. Which endorsement would cover this type of loss?,Flood coverage,Ground water coverage,Sewer backup coverage,Overland water coverage,,,,C,"<h2>Sewer backup coverage would cover this type of loss.</h2>  
This endorsement specifically addresses damage caused by the backup of water from sewer systems, which aligns with the homeowner's experience of water rising through drains without any external rainfall influencing the situation.

<b>A) Flood coverage</b>  
Flood coverage is designed to protect against damage resulting from rising water due to heavy rainfall or storm surges, typically affecting homes from outside sources. In this scenario, there is no heavy rainfall or external flooding occurring, making this coverage unsuitable for the described water damage originating from within the home's plumbing system.

<b>B) Ground water coverage</b>  
Ground water coverage would apply to damage caused by water that seeps into the home from the ground, often due to saturation of soil or underground water sources. However, the issue described involves water specifically coming up through plumbing fixtures, which does not fall under the category of ground water intrusion, thus making this endorsement inadequate.

<b>C) Sewer backup coverage</b>  
Sewer backup coverage is specifically tailored to cover damages resulting from the backflow of sewage and wastewater through drains, which directly correlates with the homeowner's situation of experiencing water rising through sinks, showers, and toilets. This makes it the appropriate endorsement to address the type of loss incurred.

<b>D) Overland water coverage</b>  
Overland water coverage is intended for damages caused by water flowing over land, typically in scenarios of flooding from heavy rain or melting snow. Since the homeowner's issue is not related to water entering the home from outside sources but is instead due to plumbing failures, this endorsement does not apply.

<b>Conclusion</b>  
In summary, sewer backup coverage is the endorsement that appropriately addresses the damage experienced by the homeowner, as it specifically covers losses from sewage and wastewater backflow. Other options such as flood, ground water, and overland water coverage do not apply to the internal plumbing issue described, emphasizing the importance of selecting the correct type of insurance coverage for specific water damage scenarios.",,Regular,
Insurance Exams,Life Insurance Producer,Institutition-based Insurace Exams,Insurance Licensing Study Guide,,Which type of rental property would likely be placed in the high-risk insurance market?,Condominium used for short-term rentals,Single-family dwelling rented to long-term tenants,Small apartment building with multiple single-family units,Single-family dwelling rented to someone who works from home,,,,A,"<h2>Condominium used for short-term rentals would likely be placed in the high-risk insurance market.</h2>  
Short-term rentals often attract higher risk due to increased tenant turnover, potential property damage, and liability concerns. Insurance companies tend to classify these properties as higher risk because they may not be as easily monitored or maintained as long-term rentals.

<b>A) Condominium used for short-term rentals</b>  
Short-term rentals typically face unique risks such as frequent guest turnover and varied tenant behavior. These factors can lead to higher chances of property damage and liability claims, prompting insurance providers to categorize such properties within the high-risk insurance market.

<b>B) Single-family dwelling rented to long-term tenants</b>  
Properties rented to long-term tenants generally present lower risk profiles as they have stable occupancy and established tenant relationships. This stability allows for better maintenance and less likelihood of property damage, making them less likely to be classified as high-risk.

<b>C) Small apartment building with multiple single-family units</b>  
While this type of property could present some risks due to multiple tenants, the long-term nature of their rental agreements typically leads to a more consistent and manageable risk profile. Insurance providers usually favor these properties compared to short-term rentals, which can fluctuate significantly in risk.

<b>D) Single-family dwelling rented to someone who works from home</b>  
A single-family dwelling rented to a long-term tenant working from home tends to be less risky because the tenant's stability and routine can lead to better property care. Home-based tenants are generally more invested in maintaining their living environment, thus reducing potential insurance claims.

<b>Conclusion</b>  
In summary, the nature of short-term rentals, such as those found in condominiums, leads to their classification in the high-risk insurance market due to increased turnover and associated risks. In contrast, long-term rental properties and stable tenant arrangements are viewed as lower risk, making them more favorable for insurance providers. Understanding these classifications is crucial for landlords and investors when considering insurance options.",,Regular,
Insurance Exams,Life Insurance Producer,Institutition-based Insurace Exams,Insurance Certification Practice Test,,Which two sections are generally included under farm liability coverage?,Personal liability and premises liability,Machinery liability and products liability,Commercial liability and livestock liability,Operations liability and automobile liability,,,,A,"<h2>Personal liability and premises liability are generally included under farm liability coverage.</h2>  
Farm liability coverage typically encompasses protections against legal claims arising from personal injuries and property damage occurring on the farm premises, which are classified under personal liability and premises liability.

<b>A) Personal liability and premises liability</b>  
This choice accurately reflects the two primary components of farm liability coverage. Personal liability protects the insured against claims of bodily injury or property damage to third parties, while premises liability covers incidents occurring on the farm property itself. Together, they provide essential coverage for various risks associated with farm operations.

<b>B) Machinery liability and products liability</b>  
While machinery liability may cover damage or accidents involving farm equipment, it is not a standard component of farm liability coverage. Products liability, on the other hand, pertains to claims arising from products sold or produced by the farm, which, although important, do not encompass the general liability concerns typically included in farm insurance.

<b>C) Commercial liability and livestock liability</b>  
Commercial liability coverage is broader and not specifically tailored to farm operations, while livestock liability, although relevant, focuses solely on issues related to the animals and does not address the broader personal and premises liabilities that are critical for comprehensive farm coverage.

<b>D) Operations liability and automobile liability</b>  
Operations liability pertains to risks associated with business operations, which may not fully capture the essence of farm-related liabilities. Automobile liability specifically covers vehicles used in farm operations but does not encompass the general liabilities related to personal injuries or incidents on the premises.

<b>Conclusion</b>  
Farm liability coverage is designed to protect against various claims that may arise from farm activities, with personal liability and premises liability being the key components. These categories ensure comprehensive protection for farmers against legal issues stemming from injuries and damages associated with their operations. Understanding these coverage types is crucial for effective risk management in agricultural settings.",,Regular,
Insurance Exams,Life Insurance Producer,Institutition-based Insurace Exams,Insurance Licensing Study Guide,,Which items are covered under the dwelling building section of a comprehensive homeowners policy?,Furniture inside the home,Garden tools stored in the shed,Window shutters and awnings on the home,Motorized vehicles parked in an attached garage,,,,C,"<h2>Window shutters and awnings on the home are covered under the dwelling building section of a comprehensive homeowners policy.</h2>  
The dwelling building section of a homeowners policy typically covers the physical structure of the home and attached structures, which includes window shutters and awnings that are affixed to the property.

<b>A) Furniture inside the home</b>  
Furniture is generally categorized as personal property rather than part of the dwelling itself. While homeowners insurance covers personal property, it is not included under the dwelling building section, which focuses on the structure and fixtures attached to the home.

<b>B) Garden tools stored in the shed</b>  
Garden tools, although they may be stored in an attached structure like a shed, are also considered personal property. The dwelling building section does not cover personal items, even if they are stored on the property, as it primarily pertains to the physical structure and its integral components.

<b>C) Window shutters and awnings on the home</b>  
These items are considered fixtures directly attached to the dwelling, making them eligible for coverage under the dwelling building section of a homeowners policy. They are integral to the structure and are included in the policy's coverage for the home itself.

<b>D) Motorized vehicles parked in an attached garage</b>  
Motorized vehicles are typically excluded from dwelling coverage as they are classified as personal property. Homeowners policies usually have specific exclusions for vehicles, which means they would not be covered under the dwelling building section, regardless of their location.

<b>Conclusion</b>  
The dwelling building section of a comprehensive homeowners policy is designed to protect the structural components and fixtures of a home. Among the options presented, window shutters and awnings are the only items that qualify for coverage under this section, as they are permanently attached to the dwelling. Other items, such as furniture, garden tools, and vehicles, fall under personal property or have specific exclusions, demonstrating the importance of understanding the distinctions in coverage types within homeowners insurance.",,Regular,
Insurance Exams,Life Insurance Producer,Institutition-based Insurace Exams,Insurance Certification Practice Test,,Which section of the policy states the rights and duties of the insured or insurer?,Subscriptions,Policy conditions,Signatures clause,Summary of coverage,,,,B,"<h2>Policy conditions state the rights and duties of the insured or insurer.</h2>  
The policy conditions section outlines the specific rights and responsibilities that both the insured and the insurer must adhere to during the term of the insurance contract. It serves as a critical framework for understanding the obligations each party has, thus ensuring that all parties are aware of their duties.

<b>A) Subscriptions</b>  
Subscriptions refer to the agreement of the insurer to provide coverage and the insured's acceptance of that coverage. This section typically includes details about the insurance premium and payment terms, but it does not specifically address the rights and duties of the parties involved, making it an inadequate choice for this question.

<b>B) Policy conditions</b>  
Policy conditions explicitly define the rights and duties of both the insured and the insurer. This section delineates essential responsibilities, such as the requirement for the insured to report claims promptly, and the insurer's obligation to process those claims fairly. Therefore, this section is integral to understanding the contractual relationship established by the insurance policy.

<b>C) Signatures clause</b>  
The signatures clause is primarily a formal acknowledgment indicating that the parties have agreed to the terms laid out in the policy. While it signifies the acceptance of the policy, it does not provide any information regarding the rights and duties of the insured or insurer, rendering it irrelevant to the question.

<b>D) Summary of coverage</b>  
The summary of coverage provides a brief overview of what the policy includes, such as types of coverage, limits, and exclusions. However, it does not detail the specific rights and duties of the insured or insurer, thus failing to address the contractual obligations that are crucial for both parties.

<b>Conclusion</b>  
The rights and duties of the insured and insurer are comprehensively outlined in the policy conditions section. This section is essential for clarifying the expectations and responsibilities of both parties throughout the duration of the insurance contract, distinguishing it from other sections that do not fulfill this purpose. Understanding these conditions is critical for both parties to ensure compliance and protect their interests within the policy framework.",,Regular,
Insurance Exams,Life Insurance Producer,Institutition-based Insurace Exams,Insurance Licensing Study Guide,,What is the main reason an intermediary should avoid using the policy replacement technique for a new client?,The intermediary may be in violation of non-compete legislation,The prior intermediary may not have identified all of the client's risk exposures,The client would not be changing intermediaries if they wanted the same coverage,The intermediary is legally obligated to provide full risk management services to all clients,,,,B,"<h2>The prior intermediary may not have identified all of the client's risk exposures.</h2>  
The primary concern with using the policy replacement technique is that the previous intermediary may not have fully assessed the client's risk exposures. This oversight can lead to gaps in coverage, potentially leaving the client vulnerable to unforeseen risks.

<b>A) The intermediary may be in violation of non-compete legislation</b>  
While legal restrictions are an important consideration, they are not the main reason to avoid policy replacement. Non-compete legislation primarily addresses the relationship between intermediaries and their former clients, but does not directly relate to the adequacy of the client's coverage or risk management.

<b>C) The client would not be changing intermediaries if they wanted the same coverage</b>  
This statement misunderstands the purpose of replacing a policy. Clients may seek new coverage for better terms, additional services, or improved risk management, rather than simply desiring the same coverage under a different intermediary. Therefore, this does not address the potential risks associated with inadequate assessments from the previous intermediary.

<b>D) The intermediary is legally obligated to provide full risk management services to all clients</b>  
Although intermediaries have a responsibility to their clients, this obligation pertains to the services they provide, rather than the decision to replace a policy. The focus should be on ensuring that the client's risks are comprehensively managed, which is compromised if prior exposures are overlooked.

<b>Conclusion</b>  
In conclusion, the foremost reason an intermediary should refrain from using the policy replacement technique is the possibility that the previous intermediary failed to identify all of the client's risk exposures. This lack of comprehensive assessment can lead to critical vulnerabilities in the client's insurance coverage, making it essential for new intermediaries to conduct a thorough evaluation before implementing any changes.",,Regular,
Insurance Exams,Life Insurance Producer,Institutition-based Insurace Exams,Insurance Certification Practice Test,,Which condition typically applies to a personal articles endorsement covered on a blanket basis?,100 percent coinsurance applies,Coverage only applies in Canada,Coverage is for named perils,Each item has a separate limit of insurance,,,,A,"<h2>100 percent coinsurance applies.</h2>  
In a personal articles endorsement covered on a blanket basis, it is common for insurers to require 100 percent coinsurance to ensure that the insured amount reflects the full value of the covered items. This condition helps protect both the insurer and the insured by preventing underinsurance.

<b>A) 100 percent coinsurance applies</b>  
This choice accurately describes a typical condition of a personal articles endorsement on a blanket basis. By requiring 100 percent coinsurance, the insurance policy mandates that the total coverage amount is equal to the total value of the personal items listed, ensuring full protection.

<b>B) Coverage only applies in Canada</b>  
This statement is incorrect because personal articles endorsements typically provide coverage wherever the insured items are, not limited to Canada. Such policies are designed to protect personal belongings regardless of location, which is essential for items that may travel internationally.

<b>C) Coverage is for named perils</b>  
This choice is misleading as personal articles endorsements, especially on a blanket basis, generally provide open-perils coverage rather than named perils. Open-perils coverage protects against a broader range of risks, covering losses unless specifically excluded, unlike named perils which cover only the risks listed in the policy.

<b>D) Each item has a separate limit of insurance</b>  
This choice is incorrect because a blanket policy does not assign separate limits to each item. Instead, it provides a single limit of insurance for all covered items combined, allowing for more flexibility and ease of management compared to policies that assign individual limits.

<b>Conclusion</b>  
In summary, a personal articles endorsement covered on a blanket basis typically includes a requirement for 100 percent coinsurance to ensure sufficient coverage. This condition protects against underinsurance and ensures that the total value of insured items is adequately reflected. Other options, such as limited geographic coverage, named perils, or separate limits, do not align with the standard practices of blanket endorsements, making them incorrect.",,Regular,
Insurance Exams,Life Insurance Producer,Institutition-based Insurace Exams,Insurance Licensing Study Guide,,Which types of losses are addressed by the priorities of payment system if the insured's automobile liability coverage limit is insufficient to cover all of the third-party claims?,Collision and property damage,Comprehensive and bodily injury,Collision and direct compensation,Bodily injury and property damage,,,,D,"<h2>Bodily injury and property damage are addressed by the priorities of the payment system when the insured's automobile liability coverage limit is insufficient.</h2>  
In the context of automobile liability coverage, when the coverage limit is inadequate to satisfy all third-party claims, the payment system prioritizes bodily injury and property damage claims to ensure that victims receive compensation for their losses.

<b>A) Collision and property damage</b>  
Collision coverage pertains to the insured's own vehicle damage from accidents, rather than third-party claims. While property damage can be a part of third-party claims, collision coverage does not directly address the liabilities owed to others, making this option incorrect.

<b>B) Comprehensive and bodily injury</b>  
Comprehensive coverage protects against non-collision-related damage to the insured's vehicle, such as theft or vandalism. While bodily injury is relevant to third-party claims, the inclusion of comprehensive coverage does not pertain to the liabilities owed to third parties, rendering this option incorrect.

<b>C) Collision and direct compensation</b>  
Direct compensation typically refers to a system where the insured can claim damages from their own insurer, irrespective of fault. Collision coverage, again, focuses on the insured's vehicle. Neither aspect addresses third-party liability claims effectively, making this choice incorrect.

<b>D) Bodily injury and property damage</b>  
Bodily injury refers to claims for physical injuries sustained by third parties due to the insured's actions, while property damage refers to damage caused to another party's property. These two types of claims are prioritized in the payment system to ensure that victims are duly compensated when the insured's coverage limits fall short.

<b>Conclusion</b>  
When an insured's automobile liability coverage is insufficient, the payment system focuses on prioritizing bodily injury and property damage claims. This approach ensures that the victims of the insured's actions receive the necessary compensation for their losses, while other types of coverage, such as collision and comprehensive, do not apply to third-party liabilities. Understanding this prioritization is crucial for effective insurance management and fulfilling legal obligations.",,Regular,
Insurance Exams,Life Insurance Producer,Institutition-based Insurace Exams,Insurance Certification Practice Test,,"An insured carries comprehensive coverage on their vehicle. During a storm, a branch breaks the windshield and rainwater enters the vehicle. The interior of the vehicle suffers extensive water damage, including damage to some of the dashboard electronics, upholstery, and the insured's schoolbooks. Which of the damaged items will NOT be covered under the insured's comprehensive claim?",Books,Windshield,Upholstery,Dashboard electronics,,,,A,"<h2>Books will NOT be covered under the insured's comprehensive claim.</h2>  
Comprehensive coverage typically applies to damages resulting from non-collision events, such as natural disasters. However, personal belongings inside the vehicle, like books, are not covered under this type of auto insurance policy.

<b>A) Books</b>  
Personal belongings, including schoolbooks, are generally not covered by comprehensive auto insurance policies. This coverage is designed to protect the vehicle and its components, rather than the personal items inside it. Therefore, any damage incurred to these items during the storm would not be eligible for reimbursement.

<b>B) Windshield</b>  
The windshield is considered a part of the vehicle itself and is covered under comprehensive insurance. Damage to the windshield from falling branches during the storm qualifies for coverage, allowing the insured to repair or replace it without incurring out-of-pocket expenses.

<b>C) Upholstery</b>  
Upholstery is part of the vehicle's interior and is also covered under comprehensive insurance. Damage to the upholstery from rainwater entering the vehicle would be eligible for coverage, as it directly relates to the vehicle rather than personal belongings.

<b>D) Dashboard electronics</b>  
Like upholstery, dashboard electronics are integral components of the vehicle. Damage to these electronics from water intrusion would be covered under the comprehensive policy, as it pertains to the vehicle's operational systems and not personal items.

<b>Conclusion</b>  
Comprehensive insurance protects against damages to the vehicle itself caused by various non-collision incidents, including natural disasters. While the windshield, upholstery, and dashboard electronics are all covered under this policy, personal belongings such as books are excluded. Understanding these distinctions helps policyholders navigate coverage limits and make informed decisions during claims processes.",,Regular,
Insurance Exams,Life Insurance Producer,Institutition-based Insurace Exams,Insurance Licensing Study Guide,,"The window of Connie's home is broken when a tree branch falls through it. To protect the interior of the home from damage due to rain or wind, she boards the window up until her insurer can inspect the window damage. Which condition of her homeowners policy has Connie complied with?",Parts,Proof of loss,Sue and labour,Basis of settlement,,,,C,"<h2>Connie has complied with the ""Sue and labour"" condition of her homeowners policy.</h2>  
This condition requires policyholders to take reasonable steps to protect their property from further damage following a loss. By boarding up the broken window, Connie is actively minimizing potential damage from rain or wind, thereby adhering to this requirement of her policy.

<b>A) Parts</b>  
The ""Parts"" condition typically pertains to the specific components covered by the insurance policy, such as the dwelling, personal property, and other structures. This choice does not address the actions required after a loss, making it irrelevant to Connie's situation of protecting her home from additional damage.

<b>B) Proof of loss</b>  
""Proof of loss"" refers to the documentation that the policyholder must submit to the insurer to substantiate their claim for damages. While important, this condition does not involve immediate actions taken to prevent further damage, which is what Connie is doing by boarding up the window.

<b>C) Sue and labour</b>  
This condition obligates policyholders to take necessary actions to mitigate further losses after an incident, such as boarding up a broken window. By doing so, Connie is fulfilling her duty under this part of her homeowners policy, demonstrating her commitment to protecting her property.

<b>D) Basis of settlement</b>  
The ""Basis of settlement"" condition outlines how the insurer will compensate the policyholder for a covered loss, detailing the methods of valuation and payment. This choice does not relate to the immediate protective measures taken by Connie, making it not applicable in this context.

<b>Conclusion</b>  
Connie's action of boarding up her broken window aligns with the ""Sue and labour"" condition of her homeowners policy, which mandates that she take reasonable precautions to prevent further damage. The other options focus on different aspects of the insurance process, none of which are directly related to the immediate protective measures taken after a loss. Understanding these terms helps homeowners navigate their responsibilities and ensure they are adequately covered in the event of damage.",,Regular,
Insurance Exams,Life Insurance Producer,Institutition-based Insurace Exams,Insurance Certification Practice Test,,"Water from a heavy rainstorm enters a basement window well, causing extensive damage to the finished basement of a house. Which endorsement would provide coverage?",Flood,Ground water,Sewer backup,Overland water,,,,D,"<h2>Overland water coverage would provide protection for the damage caused by rainwater entering a basement window well.</h2>  
This type of coverage typically protects against damage from water that flows over the ground, such as heavy rainstorms, which can lead to flooding in areas like basements.

<b>A) Flood</b>  
Flood coverage generally applies to rising water from sources such as rivers or lakes, rather than the direct impact of rainfall entering through a window well. Since the damage in this scenario is due to rainwater entering the basement rather than water overflowing from a water body, this endorsement would not apply.

<b>B) Ground water</b>  
Ground water coverage addresses damage caused by water that seeps through the ground, such as from a high water table or underground springs. The damage described in the question is due to rainfall entering through a window well, not the seepage of groundwater, making this option unsuitable for coverage.

<b>C) Sewer backup</b>  
Sewer backup coverage protects against damage caused by sewage overflow or backup within plumbing systems. The situation described involves rainwater entering a basement, which is unrelated to sewer systems or their failures, thus this endorsement would not apply.

<b>D) Overland water</b>  
Overland water coverage applies specifically to damage caused by water that moves across the ground, such as that from heavy rainstorms. In this case, the extensive damage to the basement results from rainwater entering through the window well, making this the appropriate coverage option.

<b>Conclusion</b>  
In scenarios where rainwater causes damage by entering through a window well, overland water coverage is the suitable endorsement, as it specifically accounts for damage from surface water flow. Other options such as flood, ground water, or sewer backup do not adequately address the nature of the water intrusion and would leave the homeowner without proper coverage for the damages incurred from the heavy rainstorm.",,Regular,
Insurance Exams,Life Insurance Producer,Institutition-based Insurace Exams,Insurance Licensing Study Guide,,What is a hostile fire?,One that escapes its designated place,One resulting from the fraudulent action of the insured,One that is unintentionally kindled in a place provided for fires,One that causes an inevitable loss rather than a fortuitous one,,,,A,"<h2>One that escapes its designated place.</h2>  
A hostile fire refers to a fire that has moved beyond its intended location, posing a danger to people, property, or the environment. Such fires can occur when a controlled fire, like a campfire or a fireplace, spreads uncontrollably, leading to potential harm and damage.

<b>A) One that escapes its designated place</b>  
This choice accurately defines a hostile fire. It emphasizes the danger posed when a fire spreads beyond its controlled environment, which is the key characteristic that differentiates hostile fires from those that are contained and managed.

<b>B) One resulting from the fraudulent action of the insured</b>  
This choice describes a fire that is part of an insurance fraud scheme, not a hostile fire. While such fires may be dangerous and illegal, they do not fit the definition of a hostile fire, which is focused on the fire's uncontrollable nature rather than the intentions behind it.

<b>C) One that is unintentionally kindled in a place provided for fires</b>  
This choice incorrectly suggests that a fire that starts unintentionally in a designated area can be classified as a hostile fire. However, a hostile fire specifically refers to one that escapes containment, making this option contradictory to the definition.

<b>D) One that causes an inevitable loss rather than a fortuitous one</b>  
This choice implies a financial perspective focused on loss types rather than the nature of the fire itself. A hostile fire may cause anticipated damage, but it is defined by its uncontrolled spread rather than the inevitability of loss.

<b>Conclusion</b>  
A hostile fire is characterized by its escape from a controlled environment, leading to potential threats to safety and property. Understanding this definition is crucial in fire safety and prevention strategies, as it highlights the importance of maintaining control over fire sources to prevent them from becoming hostile and dangerous.",,Regular,
Insurance Exams,Life Insurance Producer,Institutition-based Insurace Exams,Insurance Certification Practice Test,,"When an insurance agent has contracts with multiple insurers, how should high-risk business be spread among the companies?",High-risk business should be spread fairly among all of the companies represented by the agent.,"High-risk business should be self-insured by the agency, not passed on to the companies it represents.",The majority of the high-risk business should be directed to the insurer that writes the largest annual premium volume.,The majority of the high-risk business should be directed to the insurer that offers the most restrictive pricing and commission terms.,,,,A,"<h2>High-risk business should be spread fairly among all of the companies represented by the agent.</h2>  
Spreading high-risk business fairly among all insurers allows for a balanced distribution of risk, ensuring that no single company is overwhelmed by the potential liabilities associated with high-risk clients. This practice fosters healthy competition and stability within the insurance market.

<b>A) High-risk business should be spread fairly among all of the companies represented by the agent.</b>  
This approach ensures that risk is evenly distributed, preventing any one insurer from bearing an excessive burden. By sharing high-risk accounts, the agent promotes fairness and supports the financial stability of the insurers, while also catering to the needs of high-risk clients.

<b>B) High-risk business should be self-insured by the agency, not passed on to the companies it represents.</b>  
Self-insuring high-risk business is impractical for an agency since it may not have the financial resources to cover potential losses. This practice would expose the agency to significant financial risk and could jeopardize its ability to operate, as claims arising from high-risk clients could be overwhelming.

<b>C) The majority of the high-risk business should be directed to the insurer that writes the largest annual premium volume.</b>  
Directing high-risk business solely to the insurer with the largest premium volume does not account for the insurer's capacity to handle such risks. This could lead to financial strain on that insurer, particularly if it is not adequately equipped to manage high-risk accounts.

<b>D) The majority of the high-risk business should be directed to the insurer that offers the most restrictive pricing and commission terms.</b>  
Choosing an insurer based on restrictive pricing and commission terms may not serve the best interests of the clients or the agent. Such practices could limit access to necessary coverage for high-risk clients and may discourage insurers from accepting high-risk accounts due to unfavorable financial terms.

<b>Conclusion</b>  
Effectively managing high-risk business involves distributing it fairly among multiple insurers, which mitigates the potential financial burden on any single company. This balanced approach not only supports the sustainability of the insurance market but also ensures that high-risk clients receive adequate coverage without compromising the financial health of the insurers involved.",,Regular,
Insurance Exams,Life Insurance Producer,Institutition-based Insurace Exams,Insurance Licensing Study Guide,,"A chef accidentally drops a kitchen towel onto a lit stove in a restaurant. The towel catches fire, and the fire spreads through the kitchen. The restaurant's sprinkler system is activated, and the fire department arrives to extinguish the fire. The kitchen equipment sustains fire, smoke, and water damage. What is the peril in this scenario?",Fire,Negligence,Water,Smoke,,,,A,"<h2>Fire is the peril in this scenario.</h2>  
The incident begins with a kitchen towel catching fire, leading to the spread of flames and resulting damage to the kitchen equipment. Fire, as the initial cause of the incident, exemplifies the primary peril that poses immediate danger to both property and safety in this scenario.

<b>A) Fire</b>  
Fire is the central peril here, originating from the dropped towel and causing significant harm and damage in the kitchen. It is the direct threat that necessitates the activation of the sprinkler system and the intervention of the fire department, highlighting its role as the primary hazard in this situation.

<b>B) Negligence</b>  
While negligence may have contributed to the incident by the chef's actions of dropping the towel, it is not classified as a peril in the context of immediate physical danger or damage. Negligence relates more to the lack of care that led to the fire rather than being a direct threat like fire itself.

<b>C) Water</b>  
Water is a consequence of the sprinkler system activating to combat the fire and is not a peril in this context. Although it causes additional damage to kitchen equipment, it serves as a method of controlling the fire rather than posing an immediate danger.

<b>D) Smoke</b>  
Smoke is a byproduct of fire and can pose health risks, but it is secondary to the fire itself. While it complicates the situation and causes further damage, it does not represent the primary peril, which is the active fire endangering life and property.

<b>Conclusion</b>  
In this scenario, fire stands out as the principal peril that initiates the chain of events leading to damage and danger in the restaurant. While negligence, water, and smoke are related factors, they do not embody the immediate threat posed by fire, which requires urgent response and intervention to mitigate harm. Understanding the nature of the peril helps in developing effective safety protocols in restaurant environments.",,Regular,
Insurance Exams,Life Insurance Producer,Institutition-based Insurace Exams,Insurance Certification Practice Test,,"Within the context of an insurance contract, what is consideration?",Amount of a claim payable in the event of an insured loss,Amount of premium an insurer charges and the insured agrees to pay,Judgment an underwriter uses in deciding whether or not to accept a risk,Statement made by a broker regarding an applicant when speaking to an insurer,,,,B,"<h2>Consideration in an insurance contract refers to the amount of premium an insurer charges and the insured agrees to pay.</h2>  
In the context of insurance, consideration is a fundamental element of a contract that involves the exchange of something of value, typically the premium payment made by the insured in return for coverage by the insurer.

<b>A) Amount of a claim payable in the event of an insured loss</b>  
This choice refers to the benefits that an insured can receive upon a claim, but it does not represent the consideration exchanged at the formation of the contract. Consideration is specifically about the premium payment made for the policy, not the potential payout from a claim.

<b>B) Amount of premium an insurer charges and the insured agrees to pay</b>  
This is the correct choice as it clearly defines consideration in an insurance context. Consideration involves the monetary value exchanged between the insurer and the insured, where the insured pays a premium in exchange for the promise of coverage.

<b>C) Judgment an underwriter uses in deciding whether or not to accept a risk</b>  
This option describes the underwriting process rather than consideration. Underwriters evaluate risks to determine appropriate coverage terms and premium amounts, but this process does not constitute the exchange of value that defines consideration in a contract.

<b>D) Statement made by a broker regarding an applicant when speaking to an insurer</b>  
While brokers may provide information about applicants to insurers, these statements do not represent consideration. Consideration strictly refers to the payment or exchange involved in the insurance contract, not the communication or representations made by intermediaries.

<b>Conclusion</b>  
In summary, consideration within an insurance contract is fundamentally about the premium payment that the insured agrees to pay in exchange for coverage. This exchange of value is essential for the contract's validity, differentiating it from other elements of the insurance process, such as claims, underwriting, and broker communications. Understanding consideration emphasizes the contractual nature of insurance agreements, where both parties commit to their respective obligations.",,Regular,
Insurance Exams,Life Insurance Producer,Institutition-based Insurace Exams,Insurance Licensing Study Guide,,Which type of loss is EXCLUDED under a basic homeowners policy?,Flooding,Explosion,Impact by aircraft,Transportation of personal property,,,,A,"<h2>Flooding is excluded under a basic homeowners policy.</h2>  
Homeowners insurance typically does not cover flood damage, making it a significant exclusion in basic policies. Homeowners must often purchase separate flood insurance to protect against water damage from flooding events.

<b>A) Flooding</b>  
Flooding is explicitly excluded from standard homeowners insurance policies. This exclusion reflects the understanding that flood risks are often broad and catastrophic, necessitating specialized coverage through separate flood insurance policies rather than traditional homeowners insurance.

<b>B) Explosion</b>  
An explosion is generally covered under a basic homeowners policy as it is considered a peril that can cause significant property damage. Homeowners policies typically include coverage for sudden and accidental explosions, protecting the insured from loss or damage due to this event.

<b>C) Impact by aircraft</b>  
Impact by aircraft is also covered under a basic homeowners policy. This type of loss falls under the category of external impacts, which homeowners policies are designed to protect against, ensuring coverage for damages caused by aircraft accidents or collisions.

<b>D) Transportation of personal property</b>  
The transportation of personal property is included in a basic homeowners policy, as coverage typically extends to personal belongings that are temporarily away from the insured premises. This ensures that items remain protected during transit, whether in a vehicle or while moving to a new location.

<b>Conclusion</b>  
In summary, flooding is the only type of loss explicitly excluded from a basic homeowners policy, necessitating additional coverage for those living in flood-prone areas. Other perils, such as explosions, aircraft impacts, and personal property in transit, are generally covered, highlighting the importance of understanding specific policy exclusions and the need for supplemental insurance options when necessary.",,Regular,
Insurance Exams,Life Insurance Producer,Institutition-based Insurace Exams,Insurance Certification Practice Test,,"When a person dies as a result of injuries sustained in a motor vehicle accident, which benefit, under British Columbia's enhanced accident benefits system, will be paid to the person's estate?",Funeral benefit,Retirement benefit,Catastrophic injury benefit,Permanent impairment benefit,,,,A,"<h2>Funeral benefit</h2>  
The funeral benefit is a payment made to cover the costs associated with a person's funeral expenses when they die due to injuries from a motor vehicle accident. This benefit is designed to assist the deceased person's estate in managing the financial burden of funeral services.

<b>A) Funeral benefit</b>  
This benefit is specifically allocated to assist the deceased's estate with funeral expenses following a fatality resulting from a motor vehicle accident. It acknowledges the financial impact of such an event and ensures that families can afford proper funeral services without undue financial strain.

<b>B) Retirement benefit</b>  
Retirement benefits are not applicable in the context of a fatal motor vehicle accident. These benefits are designed for individuals who are retiring and do not offer any compensation or support to an estate following a death. Therefore, this option does not relate to the circumstances of the question.

<b>C) Catastrophic injury benefit</b>  
The catastrophic injury benefit is intended for individuals who sustain severe injuries that significantly impair their ability to function. This benefit is not applicable when a person dies, as it focuses on living individuals who have survived a catastrophic injury, making it irrelevant to the estate of a deceased person.

<b>D) Permanent impairment benefit</b>  
Similar to the catastrophic injury benefit, the permanent impairment benefit is for individuals who suffer long-term impairments due to injuries. This benefit is not available to the estate of a deceased individual, as it is intended for living claimants who experience permanent disabilities.

<b>Conclusion</b>  
In British Columbia's enhanced accident benefits system, the funeral benefit is the only option available to a deceased person's estate following a fatal motor vehicle accident. Other benefits, such as retirement, catastrophic injury, and permanent impairment, do not apply in this context as they cater to living individuals or different circumstances. The funeral benefit serves a critical role in addressing the financial needs associated with funeral arrangements.",,Regular,
Insurance Exams,Life Insurance Producer,Institutition-based Insurace Exams,Insurance Licensing Study Guide,,"When an insured purchases the new vehicle replacement plus (NVR+) endorsement, at what point is the vehicle written off?",When any amount of insured damage is sustained to the vehicle,When the amount of insured damage exceeds the vehicle's fair market value,When the insured would prefer to have the vehicle replaced instead of repaired,When the amount of insured damage exceeds half of the vehicle's market value,,,,B,"<h2>When the amount of insured damage exceeds the vehicle's fair market value.</h2>  
The New Vehicle Replacement Plus (NVR+) endorsement allows for a vehicle to be deemed a total loss when the damage exceeds its fair market value, ensuring that the insured can receive a replacement vehicle rather than a repair when the costs are too high.

<b>A) When any amount of insured damage is sustained to the vehicle</b>  
This choice implies that any damage, no matter how minor, would result in the vehicle being written off, which is inaccurate. The NVR+ endorsement specifically addresses significant damage, not minor repairs. Thus, a vehicle can sustain minor damage without being considered a total loss.

<b>C) When the insured would prefer to have the vehicle replaced instead of repaired</b>  
Preference for replacement over repair does not dictate when a vehicle is written off. The decision to replace the vehicle is based on the cost of damage compared to its fair market value, rather than the insured's personal preference. This choice overlooks the financial criteria established by the endorsement.

<b>D) When the amount of insured damage exceeds half of the vehicle's market value</b>  
This option suggests a threshold based on half of the market value, which is not aligned with the provisions of the NVR+ endorsement. The endorsement specifies that the vehicle is written off only when the damage exceeds the full fair market value, making this threshold insufficient for determining a total loss.

<b>Conclusion</b>  
The NVR+ endorsement clearly states that a vehicle is considered written off when the damage surpasses its fair market value. This ensures that the insured receives a replacement vehicle in situations where repair costs are impractical or exceed the vehicle's worth. Other options incorrectly interpret the conditions under which a vehicle is deemed a total loss, highlighting the importance of understanding insurance policies accurately.",,Regular,
Insurance Exams,Life Insurance Producer,Institutition-based Insurace Exams,Insurance Certification Practice Test,,"Under a fine arts floater, what is the usual requirement for moving insured property?",The property must not be moved more than once per policy term.,The insured must supervise the packing and unpacking of the property.,Consent must be obtained from the insurer before the property is moved.,Packing and unpacking of the property must be done by professional packers.,,,,C,"<h2>Consent must be obtained from the insurer before the property is moved.</h2>  
Under a fine arts floater, it is typically required that the insured obtains prior consent from the insurer before moving insured property to ensure that coverage remains valid and any potential risks are managed appropriately.

<b>A) The property must not be moved more than once per policy term.</b>  
This statement is incorrect because there is generally no restriction on the number of times the property can be moved within a policy term. The key requirement is obtaining consent from the insurer before moving the property, not limiting the frequency of moves.

<b>B) The insured must supervise the packing and unpacking of the property.</b>  
While supervision of packing and unpacking may be advisable to ensure care, it is not a standard requirement under a fine arts floater. The primary concern is to have the insurer's consent before any movement of the property occurs.

<b>D) Packing and unpacking of the property must be done by professional packers.</b>  
This choice is incorrect as it is not a universal requirement for fine arts floaters. Although using professional packers might be recommended for valuable items, the essential requirement remains obtaining consent from the insurer, rather than mandating the use of professionals.

<b>Conclusion</b>  
In summary, the critical requirement under a fine arts floater for moving insured property is obtaining the insurer's consent prior to any movement. This ensures that the coverage remains intact and that the risks associated with relocating valuable items are appropriately addressed. Other choices regarding supervision or the use of professional packers do not reflect standard policy requirements.",,Regular,
Insurance Exams,Life Insurance Producer,Institutition-based Insurace Exams,Insurance Licensing Study Guide,,Which insurance principle is preserved with the use of the pair and set clause?,Indemnity,Subrogation,Utmost good faith,Insurable interest,,,,A,"<h2>Indemnity is preserved with the use of the pair and set clause.</h2>  
The pair and set clause in insurance ensures that the principle of indemnity is maintained by preventing the insured from profiting from a loss. This clause operates by stating that the insurer will not pay more than the insured's insurable interest, thereby preserving the original financial position before the loss occurred.

<b>A) Indemnity</b>  
Indemnity is the principle that aims to restore the insured to their original financial state before a loss, preventing any profit from insurance payouts. The pair and set clause explicitly reinforces this principle by limiting compensation to the actual value of the insured items, thus ensuring that the insured does not receive more than what they have lost.

<b>B) Subrogation</b>  
Subrogation is the right of an insurer to pursue a third party that caused a loss to the insured, recovering amounts paid in claims. While important, this principle relates to the insurer's ability to reclaim losses rather than the preservation of the insured's financial position, which is the focus of the pair and set clause.

<b>C) Utmost good faith</b>  
Utmost good faith, or ""uberrima fides,"" requires both parties in an insurance contract to act honestly and disclose all relevant facts. While this principle is essential for the contract's validity, it does not directly relate to the pair and set clause's role in ensuring that the insured does not profit from their claim.

<b>D) Insurable interest</b>  
Insurable interest is the requirement that the insured must have a legitimate interest in the subject matter of the insurance. Although critical for the validity of an insurance contract, the pair and set clause specifically addresses the indemnity aspect, making it distinct from the concept of insurable interest.

<b>Conclusion</b>  
The pair and set clause is a crucial component of insurance that upholds the principle of indemnity, ensuring that the insured is compensated adequately without profiting from their loss. By limiting payouts to the actual loss experienced, this clause reinforces the fundamental insurance principles, distinguishing it from other concepts like subrogation, utmost good faith, and insurable interest, which serve different functions within the insurance framework.",,Regular,
Insurance Exams,Life Insurance Producer,Institutition-based Insurace Exams,Insurance Certification Practice Test,,"Generally, the statutory conditions must be printed as part of which automobile insurance document?",Policy,Binder,Cover note,Application,,,,A,"<h2>Generally, the statutory conditions must be printed as part of the policy.</h2>  
Statutory conditions are essential components of automobile insurance policies that outline the rights and responsibilities of both the insurer and the insured. These conditions ensure that policyholders understand the terms under which their coverage operates and are a standard requirement in the documentation of an insurance policy.

<b>A) Policy</b>  
The policy is the official document that contains the complete terms and conditions of the insurance agreement, including statutory conditions. These conditions are legally required to be included in the policy to inform the insured of their obligations and rights, making this option the correct choice.

<b>B) Binder</b>  
A binder is a temporary insurance agreement that provides coverage until a formal policy is issued. While it outlines some terms of coverage, it does not include the full statutory conditions, as these are reserved for the finalized policy document. Thus, a binder is not the correct answer.

<b>C) Cover note</b>  
A cover note serves as preliminary evidence of insurance coverage and is usually issued for a short period until the policy is finalized. It may summarize key details about the coverage but typically lacks the comprehensive statutory conditions found in the actual policy, making it an incorrect choice.

<b>D) Application</b>  
An application is the document completed by the applicant to request insurance coverage but does not serve as a contract or include formal terms and conditions. Since statutory conditions are not part of the application process, this choice is also incorrect.

<b>Conclusion</b>  
Statutory conditions are integral to the automobile insurance policy, ensuring that all parties are aware of their rights and obligations. While binders, cover notes, and applications serve important roles in the insurance process, they do not encompass the full statutory conditions required by law. Therefore, the policy remains the correct document wherein these essential provisions must be printed.",,Regular,
Insurance Exams,Life Insurance Producer,Institutition-based Insurace Exams,Insurance Licensing Study Guide,,"When a private insurer issues an automobile insurance policy that differs from what was requested on the application, what action MUST be taken?",The insurer must rewrite the policy to match what was requested on the application.,The broker must submit the application to another insurer to have the policy issued as requested.,The insured must sign and submit a new application to match the coverages as issued on the policy.,"The insurer must point out to the insured, in writing, in what ways the policy differs from the application.",,,,D,"<h2>The insurer must point out to the insured, in writing, in what ways the policy differs from the application.</h2>  
When an automobile insurance policy issued by a private insurer differs from what was requested on the application, it is mandatory for the insurer to provide a written explanation to the insured detailing the discrepancies. This ensures transparency and allows the insured to understand the coverage they are receiving versus what they originally applied for.

<b>A) The insurer must rewrite the policy to match what was requested on the application.</b>  
This choice is incorrect because the insurer is not obligated to rewrite the policy to match the application. Instead, the insurer can issue the policy as per its terms, provided that they inform the insured of the differences.

<b>B) The broker must submit the application to another insurer to have the policy issued as requested.</b>  
This option is not necessary or mandated. The broker may assist in finding another insurer, but it is not a requirement for the initial insurer to take such action regarding the discrepancies in the policy issued.

<b>C) The insured must sign and submit a new application to match the coverages as issued on the policy.</b>  
The insured is not required to submit a new application. The focus is on the insurer's responsibility to notify the insured of the differences in coverage, rather than requiring the insured to take further action.

<b>Conclusion</b>  
In summary, when there is a difference between the issued automobile insurance policy and the application, the insurer must provide a written explanation to the insured detailing these differences. This requirement protects the insured's rights and ensures they are fully informed about their coverage, fostering clear communication and understanding.",,Regular,
Insurance Exams,Life Insurance Producer,Institutition-based Insurace Exams,Insurance Certification Practice Test,,How does an insurance company BEST achieve a good spread of risk?,Write a small and restricted number of risks,Insure a small number of risks in multiple locations,Insure a large number of risks within a single location,Write insurance in as many different locations as practicable,,,,D,"<h2>Write insurance in as many different locations as practicable.</h2>  
Insuring a wide variety of risks across multiple locations allows an insurance company to diversify its portfolio, which helps mitigate the impact of adverse events occurring in any single area. This approach reduces the likelihood that a catastrophic event will significantly affect the company's overall financial stability.  

<b>A) Write a small and restricted number of risks</b>  
Limiting the number of risks written restricts the insurer's ability to diversify its portfolio. A small number of risks increases exposure to loss from any single event, which can lead to significant financial strain if multiple claims arise simultaneously. This strategy does not effectively spread risk.

<b>B) Insure a small number of risks in multiple locations</b>  
While insuring in multiple locations can help mitigate risk, the overall impact is still limited if the number of risks remains small. Fewer risks mean that even with geographic diversity, the potential for loss is high if any single event affects those limited policies. Thus, this approach does not provide the best risk spread.

<b>C) Insure a large number of risks within a single location</b>  
Concentrating a large number of risks in one location increases vulnerability to localized events, such as natural disasters or economic downturns. This concentration can lead to significant losses if an adverse event affects that area, counteracting the goal of achieving a good spread of risk.

<b>Conclusion</b>  
To effectively spread risk, an insurance company should aim to write policies across a broad range of locations. By diversifying its portfolio in this manner, the company minimizes the potential impact of localized events, thereby enhancing overall financial stability and reducing exposure to catastrophic losses. This strategy is essential for maintaining a healthy balance in the insurance market.",,Regular,
Insurance Exams,Life Insurance Producer,Institutition-based Insurace Exams,Insurance Licensing Study Guide,,"To ensure there is sufficient premium to pay policyholder losses, what relationship should exist between the cost of insurance and the risk?",Higher rates should be paid for risks that purchase higher coverage limits.,Higher premiums should be paid for risks that are more likely to experience a loss.,"All risks should be subject to the same premium, regardless of the likelihood of loss.","All risks should be subject to the same rate, regardless of the type of coverage purchased.",,,,B,"<h2>Higher premiums should be paid for risks that are more likely to experience a loss.</h2>  
In insurance, the premium charged reflects the underlying risk associated with the policyholder. Therefore, a direct relationship exists where higher risk corresponds to higher premiums, ensuring that the insurer can cover potential losses.

<b>A) Higher rates should be paid for risks that purchase higher coverage limits.</b>  
While coverage limits do impact premium rates, they do not directly correlate with the likelihood of experiencing a loss. A risk may have a high coverage limit but still be low risk, which would not necessitate a higher premium based solely on coverage amount.

<b>B) Higher premiums should be paid for risks that are more likely to experience a loss.</b>  
This statement correctly identifies the fundamental principle of insurance pricing. Insurers assess the likelihood of loss and charge higher premiums for higher-risk individuals or entities to ensure that they can adequately cover potential claims.

<b>C) All risks should be subject to the same premium, regardless of the likelihood of loss.</b>  
Uniform premium rates for all risks ignore the variability in loss likelihood, leading to inadequate funds to cover claims for higher-risk policyholders. This approach would be financially unsustainable for insurers, as it fails to account for the differing levels of risk.

<b>D) All risks should be subject to the same rate, regardless of the type of coverage purchased.</b>  
Similar to choice C, this statement overlooks the importance of risk assessment in premium pricing. Different types of coverage entail varying levels of risk, and applying the same rate across all types would not accurately reflect the potential for loss, leading to financial imbalances for insurers.

<b>Conclusion</b>  
The relationship between insurance costs and risk is crucial for ensuring that insurers can meet policyholder claims. Higher premiums for higher-risk individuals or situations are essential for maintaining financial viability and providing adequate coverage. Understanding this principle can help policyholders assess their own risk levels and the corresponding costs of insurance.",,Regular,
Insurance Exams,Life Insurance Producer,Institutition-based Insurace Exams,Insurance Certification Practice Test,,"An insurance company hires its own producers as employees. The producers are paid a salary, plus a sales-based commission. Which method of insurance distribution does this insurer use?",Direct writing,General agency,Exclusive agency,Independent brokerage,,,,A,"<h2>Direct writing is the method of insurance distribution used by the insurer.</h2>  
In direct writing, insurance companies employ their own agents or producers who are salaried employees, often supplemented by sales commissions. This model allows insurers to maintain control over the sales process and the training of their producers, fostering a direct relationship with policyholders.

<b>A) Direct writing</b>  
Direct writing refers to an insurance distribution method where the insurer employs agents as direct employees, receiving both a salary and commissions based on sales. This approach allows for a streamlined sales process since the producers are directly accountable to the insurance company and can be trained to align with the company's strategies and objectives.

<b>B) General agency</b>  
General agency involves independent agents who have the authority to represent multiple insurance companies. These agents operate more autonomously, often receiving commissions based on sales. They are not salaried employees of any single insurer, which distinguishes this model from direct writing.

<b>C) Exclusive agency</b>  
Exclusive agency refers to agents who work solely for one insurance company but are not employees. They typically earn commissions from the sales they generate. Unlike direct writers, exclusive agents do not receive a salary, which means their income relies entirely on their sales performance rather than a fixed salary structure.

<b>D) Independent brokerage</b>  
Independent brokerage involves agents who represent multiple insurance companies and operate independently. They earn commissions for the policies they sell, but they do not have an employer-employee relationship with any single insurer. This independence allows them to offer a variety of products from different insurers, contrasting with the direct employment model of direct writing.

<b>Conclusion</b>  
Direct writing is characterized by the insurer hiring its own producers as employees, who receive both a salary and commissions. This structure ensures that the company retains control over its sales force and fosters a unified approach to selling its insurance products. Other distribution methods, such as general agency, exclusive agency, and independent brokerage, do not involve salaried employees tied directly to a single insurance firm.",,Regular,
Insurance Exams,Life Insurance Producer,Institutition-based Insurace Exams,Insurance Licensing Study Guide,,"With respect to proof of automobile liability insurance, which detail appears on private insurer certificates but NOT on the ICBC certificate of insurance?",Name and address of the broker,Description of the insured vehicle,Conditional factors of vehicle operation,Name and address of the vehicle owner,,,,A,"<h2>Name and address of the broker.</h2>  
Private insurer certificates often include the name and address of the broker who facilitated the insurance policy, a detail that is typically absent from the ICBC certificate of insurance. This distinction highlights the procedural differences between private insurers and the Insurance Corporation of British Columbia (ICBC).

<b>A) Name and address of the broker</b>  
This detail is specific to private insurers as it identifies the broker involved in the insurance transaction. The ICBC certificate does not list this information, focusing instead on the essential details of the policyholder and the insured vehicle. Thus, the presence of the broker's name and address is unique to private insurance certificates.

<b>B) Description of the insured vehicle</b>  
Both private insurer certificates and ICBC certificates include a description of the insured vehicle. This detail is crucial for identifying the specific vehicle covered under the policy, ensuring clarity and preventing any potential disputes regarding coverage. Therefore, this information is not exclusive to private insurers.

<b>C) Conditional factors of vehicle operation</b>  
Conditional factors, such as usage restrictions or coverage conditions, are typically outlined in both types of certificates. These conditions are vital for understanding the limitations and obligations of the insurance policy, making them a common feature across both private and ICBC insurance documents.

<b>D) Name and address of the vehicle owner</b>  
The name and address of the vehicle owner are standard components included in both private insurer certificates and ICBC certificates. This information is essential for establishing ownership and ensuring that the insurance coverage is appropriately assigned, thereby not differentiating between the two types of certificates.

<b>Conclusion</b>  
The name and address of the broker stand out as the unique detail on private insurer certificates that does not appear on ICBC certificates. While both types of certificates share critical information regarding the vehicle and its owner, the broker's identification is specific to private insurance policies. This understanding is essential for comprehending the nuances in insurance documentation and the entities involved in providing coverage.",,Regular,
Insurance Exams,Life Insurance Producer,Institutition-based Insurace Exams,Insurance Certification Practice Test,,"Mei's vehicle is insured under optional Autoplan with comprehensive coverage. The vehicle is stolen from the driveway of her home in downtown Vancouver, BC. When Mei reports the loss to ICBC, it is discovered that her application for optional Autoplan indicated her vehicle would be kept in Langley, BC. Under what condition is ICBC NOT liable to pay Mei's theft claim?",The premium she paid for the Langley address exceeds the premium she would have paid for the Vancouver address.,The premium she would have paid for the Vancouver address exceeds the premium she paid for the Langley address.,The comprehensive deductible applied based on the Langley address is higher than the deductible that would have been applied based on the Vancouver address.,The comprehensive deductible that would have been applied based on the Vancouver address is higher than the deductible applied based on the Langley address.,,,,B,"<h2>The premium she would have paid for the Vancouver address exceeds the premium she paid for the Langley address.</h2>  
In this scenario, ICBC is not liable for Mei's theft claim because she provided incorrect information regarding where her vehicle would be kept. If the premium for the Vancouver address is higher, this indicates a misrepresentation that could lead to a denial of the claim.

<b>A) The premium she paid for the Langley address exceeds the premium she would have paid for the Vancouver address.</b>  
This option is incorrect because if the premium for Langley is higher, it means Mei is paying more for coverage that does not align with her actual circumstances. ICBC would have a basis to deny the claim, but this is not the specific condition stated in the question.

<b>C) The comprehensive deductible applied based on the Langley address is higher than the deductible that would have been applied based on the Vancouver address.</b>  
This choice does not accurately reflect a condition that would absolve ICBC of liability. A higher deductible for Langley could imply that Mei agreed to a different risk level, but it does not directly relate to the fact that her claim was based on incorrect address information.

<b>D) The comprehensive deductible that would have been applied based on the Vancouver address is higher than the deductible applied based on the Langley address.</b>  
This scenario does not indicate a lack of liability for ICBC. A lower deductible for the Langley address does not negate the claim's validity; rather, it highlights an inconsistency in coverage that could lead to a claim dispute.

<b>Conclusion</b>  
In summary, ICBC is not liable to pay Mei's theft claim because the premium for the Vancouver address exceeds what she paid for the Langley address, demonstrating a significant misrepresentation of the vehicle's storage location. Accurate representation of risk is crucial in insurance, and discrepancies in premiums directly affect coverage liability.",,Regular,
Insurance Exams,Life Insurance Producer,Institutition-based Insurace Exams,Insurance Licensing Study Guide,,Which business interruption form recognizes that an interruption of business may continue to affect the business even after it has reopened following a loss?,Profits,Gross income,Stock replacement,Limited business income,,,,A,"<h2>Profits is the business interruption form that recognizes that an interruption of business may continue to affect the business even after it has reopened following a loss.</h2>  
This form considers not only the immediate loss of income during the business interruption but also the potential for ongoing reduced profits once operations resume, acknowledging the lingering effects of a disruption.

<b>A) Profits</b>  
This option correctly identifies the business interruption form that accounts for the extended impact of an interruption. It recognizes that even after reopening, a business may not return to its previous profit levels due to residual effects from the loss, such as customer attrition or reduced operational capacity.

<b>B) Gross income</b>  
Gross income typically covers the revenue generated before any expenses are deducted during the period of interruption. While it addresses income loss during the stoppage, it does not extend to the ongoing impact post-reopening, failing to account for the potential decline in profits that may continue afterward.

<b>C) Stock replacement</b>  
Stock replacement refers specifically to the costs associated with replacing inventory lost during a business interruption. It does not pertain to the income or profits generated by the business and thus does not address the ongoing financial effects following the resumption of operations.

<b>D) Limited business income</b>  
Limited business income forms typically refer to specific types of coverage that may apply to smaller businesses or particular situations. They focus on shorter-term interruptions and do not adequately address the prolonged impact on profits after the business has resumed operations.

<b>Conclusion</b>  
Understanding the various forms of business interruption insurance is crucial for comprehensive coverage. The Profits form stands out by recognizing that interruptions can have lasting effects on a business's financial health, even post-reopening. In contrast, other options like gross income, stock replacement, and limited business income fail to address ongoing impacts, making them less suitable for businesses looking for robust protection against future risks following a loss.",,Regular,
Insurance Exams,Life Insurance Producer,Indiana Insurance Exams,Indiana Insurance Practice Test,,Which of the following conditions is excluded from coverage of a Long-Term Care rider?,A stroke,Alzheimer's disease,An injury while serving in the armed forces,An injury sustained in an automobile accident,,,,C,"<h2>An injury while serving in the armed forces</h2>
Long-Term Care (LTC) insurance riders typically exclude coverage for injuries sustained while serving in the armed forces due to the specific nature of military-related risks and benefits provided through government programs or specialized insurance policies.

<b>A) A stroke</b>
LTC riders commonly cover conditions like strokes, which may result in the insured needing long-term care assistance for activities of daily living due to the lasting impact and rehabilitation requirements associated with stroke recovery.

<b>B) Alzheimer's disease</b>
Alzheimer's disease is a progressive condition often covered by LTC riders as it frequently necessitates long-term care services such as memory care facilities, specialized medical attention, and ongoing support for individuals affected by this neurodegenerative disorder.

<b>C) An injury while serving in the armed forces</b>
Coverage for injuries sustained while serving in the armed forces is typically excluded from LTC rider policies, as military-related injuries fall under separate coverage provisions tailored to the unique risks and requirements of active-duty service members.

<b>D) An injury sustained in an automobile accident</b>
Injuries sustained in automobile accidents are commonly covered by LTC riders, as accidents resulting in long-term disabilities or impairments may necessitate the need for extended care services, rehabilitation, and ongoing support.

<b>Conclusion</b>
While LTC riders provide coverage for a range of health conditions and injuries that may require long-term care services, exclusions often include injuries incurred during military service due to alternative coverage options available through military benefits and specialized insurance programs. This exclusion acknowledges the distinct risks associated with military service and ensures appropriate coverage alignment for individuals with military-related health needs.",,Regular,
Insurance Exams,Life Insurance Producer,Indiana Insurance Exams,Indiana Insurance Exam Prep,,"An insured who is covered by a major medical policy with an 80/20 Coinsurance clause and a $500 deductible is hospitalized after a hiking accident. If the covered medical expenses total $1,500, the insured will pay a MAXIMUM of:",$0,$200,$700,"$1,000",,,,C,"<h2>The insured will pay a MAXIMUM of $700.</h2>
After meeting the $500 deductible, the insured is responsible for 20% of the remaining expenses, up to the policy's out-of-pocket maximum. With medical expenses totaling $1,500, the insured will cover the deductible plus 20% of the remaining $1,000.

<b>A) $0</b>
This choice is incorrect because the insured must pay the $500 deductible before the coinsurance clause applies.

<b>B) $200</b>
This choice is incorrect because it only considers the 20% coinsurance amount without factoring in the $500 deductible that must be paid first.

<b>D) $1,000</b>
This choice is incorrect because it miscalculates the coinsurance amount after the deductible. The insured pays $500 deductible plus 20% of the remaining $1,000 in expenses, totaling $700.

<b>Conclusion</b>
In this scenario, the insured's out-of-pocket costs are determined by the $500 deductible and the 20% coinsurance clause. After meeting the deductible, the insured is responsible for 20% of the remaining covered expenses until reaching the policy's out-of-pocket maximum. In this case, with medical expenses totaling $1,500, the insured will pay a maximum of $700, consisting of the $500 deductible and 20% of the remaining $1,000.",,Regular,
Insurance Exams,Life Insurance Producer,Indiana Insurance Exams,Indiana Insurance Practice Test,,"If an individual annually receives both dividends and interest on dividends from a participating Life policy, the individual should include which of the following items in gross income for federal income tax purposes?",The dividends only,The interest only,Both the interest and the dividends,Neither the interest nor the dividends,,,,B,"<h2>The interest only</h2>
When an individual annually receives both dividends and interest on dividends from a participating Life policy, only the interest component is considered taxable income for federal income tax purposes. Dividends themselves are typically treated as a return of premiums paid and are not subject to taxation in most cases.

<b>A) The dividends only</b>
Dividends received from a participating Life policy are generally considered a return of premiums paid by the policyholder. This return of capital is not typically taxable as income but is rather a distribution of the policy's earnings back to the policyholder.

<b>C) Both the interest and the dividends</b>
While the interest portion of the earnings is typically included in gross income for federal income tax purposes, dividends from a participating Life policy are usually treated differently. Including both the interest and dividends in gross income would result in potentially overestimating the taxable income generated by the policy.

<b>D) Neither the interest nor the dividends</b>
Although dividends are not typically taxable, the interest component earned on dividends from a participating Life policy is considered taxable income for federal income tax purposes. Therefore, neither the interest nor the dividends can be completely excluded from gross income.

<b>Conclusion</b>
In the scenario where an individual annually receives both dividends and interest on dividends from a participating Life policy, only the interest component is required to be included in gross income for federal income tax purposes. Dividends, being considered a return of premiums, are generally not subject to taxation and should not be included in the individual's taxable income calculation.",,Regular,
Insurance Exams,Life Insurance Producer,Indiana Insurance Exams,Indiana Insurance Exam Prep,,The Consideration clause in an Accident & Health policy states that:,the applicant pays the initial premium,insurable interest must exist between the parties involved,any attachments to the policy constitute the entire contract of insurance,certain claims will be excluded under the policy,,,,A,"<h2>The Consideration clause in an Accident & Health policy states that the applicant pays the initial premium.</h2>
The Consideration clause in insurance policies requires a payment, typically the initial premium, to initiate coverage and create a binding contract between the insurer and the insured.

<b>A) the applicant pays the initial premium</b>
The Consideration clause necessitates the payment of the initial premium by the policy applicant to activate the policy and establish the contractual agreement with the insurance company. This payment signifies the insured's commitment to the terms and conditions outlined in the policy.

<b>B) insurable interest must exist between the parties involved</b>
Insurable interest is a separate concept in insurance that requires the insured to have a financial stake in the insured property or individual. While important for the validity of the insurance contract, insurable interest is not specifically addressed in the Consideration clause but is a fundamental principle in insurance law.

<b>C) any attachments to the policy constitute the entire contract of insurance</b>
Attachments to the policy, such as riders or endorsements, modify or supplement the original policy terms but do not constitute the entire contract of insurance. The main policy document, along with any valid attachments, collectively form the complete contract between the parties.

<b>D) certain claims will be excluded under the policy</b>
Exclusions of specific claims fall under the policy's terms and conditions section, outlining situations or events not covered by the insurance policy. While exclusions are crucial for defining the scope of coverage, they are distinct from the Consideration clause, which focuses on the initial premium payment.

<b>Conclusion</b>
The Consideration clause in an Accident & Health policy primarily addresses the requirement for the applicant to pay the initial premium to activate coverage and establish the contractual relationship with the insurer. This clause underscores the mutual obligation of both parties involved in the insurance agreement and serves as a fundamental element in the formation of a valid insurance contract.",,Regular,
Insurance Exams,Life Insurance Producer,Indiana Insurance Exams,Indiana Insurance Practice Test,,"Which option is best for a client wanting permanent life insurance coverage with flexibility to adjust premiums, keep costs lower, and maintain some permanent coverage?",Buy a Flexible Annuity,Buy a Term Rider,Buy a Universal Life policy,Buy a Variable Universal Life policy,,,,C,"<h2>Buy a Universal Life policy</h2>
A Universal Life policy offers the ideal combination of permanent life insurance coverage with the flexibility to adjust premiums, ensuring costs remain manageable while maintaining permanent coverage. This type of policy allows policyholders to modify premium payments and death benefits according to their changing financial circumstances and insurance needs.

<b>A) Buy a Flexible Annuity</b>
A Flexible Annuity is primarily designed to provide a stream of income during retirement, not for life insurance coverage. While it offers flexibility in terms of payouts, it does not cater to the specific needs of a client seeking permanent life insurance with premium adjustment options and cost control.

<b>B) Buy a Term Rider</b>
A Term Rider is an additional feature that can be added to a base life insurance policy to provide temporary coverage for a specific period. It does not offer the permanent coverage and premium adjustment flexibility that a client seeking long-term life insurance protection with cost control would require.

<b>C) Buy a Universal Life policy</b>
A Universal Life policy is tailored to meet the needs of clients seeking permanent life insurance coverage with the ability to adjust premiums, keep costs lower, and maintain coverage for the long term. Its flexibility in premium payments and death benefits makes it an excellent choice for individuals looking for customizable life insurance solutions.

<b>D) Buy a Variable Universal Life policy</b>
A Variable Universal Life policy combines the features of universal life insurance with investment options. While it offers flexibility in premium payments and investment choices, it may not be the best option for a client primarily focused on permanent life insurance coverage with the ability to adjust premiums and control costs.

<b>Conclusion</b>
In this scenario, choosing a Universal Life policy aligns perfectly with the client's requirements for permanent life insurance coverage while offering the flexibility to adjust premiums, keep costs lower, and maintain some permanent coverage. This option ensures that the client's long-term insurance needs are met while providing the desired financial flexibility and control over the policy.",,Regular,
Insurance Exams,Life Insurance Producer,Indiana Insurance Exams,Indiana Insurance Exam Prep,,"If a forty-year-old person has been receiving Social Security Disability benefits for three years, which of the following medical plans is the person's primary payor?",Workers' Compensation,Unemployment Compensation,Medicare,Former employer's group health insurance,,,,C,"<h2>Medicare</h2>
In this scenario, the individual's primary payor for medical expenses would be Medicare. Social Security Disability benefits are different from other forms of compensation, and Medicare is a federal health insurance program primarily for individuals aged 65 and older, as well as for certain younger people with disabilities.

<b>A) Workers' Compensation</b>
Workers' Compensation typically covers medical expenses and lost wages for work-related injuries or illnesses. Since the individual in question is receiving Social Security Disability benefits, which are not related to a work injury, Workers' Compensation would not be the primary payor for medical expenses.

<b>B) Unemployment Compensation</b>
Unemployment Compensation provides financial assistance to individuals who are unemployed through no fault of their own. It does not cover medical expenses and is not relevant to the payment of healthcare costs for a disabled individual receiving Social Security Disability benefits.

<b>D) Former employer's group health insurance</b>
The former employer's group health insurance could potentially cover some medical expenses, but in the case of a person receiving Social Security Disability benefits, Medicare would generally be the primary payor for healthcare services. Employer-based insurance is usually secondary to Medicare in such situations.

<b>Conclusion</b>
Given that the individual in the scenario is a forty-year-old person receiving Social Security Disability benefits for three years, Medicare would be the primary payor for their medical expenses. Medicare is a federal program that provides health coverage for eligible individuals, including those receiving disability benefits, and would typically take precedence over other forms of insurance in this context.",,Regular,
Insurance Exams,Life Insurance Producer,Indiana Insurance Exams,Indiana Insurance Practice Test,,What policy may pay benefits such as cash or medical coverage needed as a result of an unexpected incident?,Life,Accident,Long-Term Care,Disability,,,,B,"<h2>Accident</h2>
An accident policy typically provides benefits in the form of cash or medical coverage to address expenses resulting from unexpected incidents, such as injuries or property damage incurred due to unforeseen events.

<b>A) Life</b>
Life insurance policies are designed to provide financial benefits to beneficiaries in the event of the insured individual's death. They do not typically cover expenses related to unexpected incidents or accidents during the insured's lifetime.

<b>B) Accident</b>
Accident policies specifically cover unexpected incidents resulting in bodily injury or property damage. They offer benefits like cash payments or reimbursement for medical expenses incurred due to accidents, filling the gap where other insurance coverages may fall short.

<b>C) Long-Term Care</b>
Long-term care policies are tailored to cover the costs associated with extended medical and non-medical services for individuals who have difficulty performing daily activities. They are not directly related to providing benefits for unexpected incidents like accidents.

<b>D) Disability</b>
Disability insurance policies offer income replacement in case the insured individual becomes unable to work due to a disabling injury or illness. While disabilities can result from accidents, disability insurance focuses more on income protection rather than immediate benefits for accident-related expenses.

<b>Conclusion</b>
Among the options provided, an accident policy is specifically designed to cover the financial aspects of unexpected incidents, such as injuries or property damage. By offering benefits like cash payments or medical coverage, accident policies aim to alleviate the financial burden resulting from unforeseen accidents, making them a suitable choice for individuals seeking protection against sudden and unexpected events.",,Regular,
Insurance Exams,Life Insurance Producer,Indiana Insurance Exams,Indiana Insurance Exam Prep,,An underwriter would use consumer reports to determine an applicant's:,"height, weight, and blood pressure",likelihood of making premiums payments,history of traffic citations,"use of tobacco, drugs, or alcohol",,,,B,"<h2>Likelihood of making premium payments</h2>
Consumer reports provide valuable insights into an applicant's financial behavior, including their credit history, outstanding debts, and payment patterns. Underwriters leverage this information to assess the applicant's reliability in fulfilling premium obligations and meeting financial commitments.

<b>A) Height, weight, and blood pressure</b>
Physical attributes such as height, weight, and blood pressure are typically not factors considered by underwriters when evaluating insurance applications. While health-related information may influence health insurance premiums, it is not typically part of consumer reports used for underwriting other types of insurance.

<b>B) Likelihood of making premium payments</b>
Consumer reports offer a comprehensive view of an individual's credit history, debt levels, payment history, and financial responsibilities. These factors directly impact the applicant's likelihood of making premium payments on time and in full, making this choice the correct answer for underwriters assessing financial risk.

<b>C) History of traffic citations</b>
A history of traffic citations is more relevant for assessing driving behavior and risk related to auto insurance premiums. While certain personal information may be included in consumer reports, traffic citations are not typically a primary focus for underwriters evaluating premium payment behavior.

<b>D) Use of tobacco, drugs, or alcohol</b>
Information regarding an applicant's use of tobacco, drugs, or alcohol may be relevant for health and life insurance underwriting to assess health risks. However, this specific data is not typically the primary consideration for determining an applicant's likelihood of making premium payments for insurance coverage.

<b>Conclusion</b>
Underwriters rely on consumer reports to evaluate an applicant's financial history and behavior, particularly focusing on factors that indicate their ability to make timely premium payments. By analyzing credit history, debt levels, and payment patterns, underwriters can assess the financial risk associated with insuring an individual and make informed decisions regarding coverage and premiums.",,Regular,
Insurance Exams,Life Insurance Producer,Indiana Insurance Exams,Indiana Insurance Practice Test,,A Business Overhead Expense policy will most likely cover which of the following expenses if a policyowner becomes disabled due to an accident?,Physicians' fees,Outpatient hospital care expenses,Home mortgage payments,Business insurance premiums,,,,D,"<h2>Business insurance premiums</h2>
A Business Overhead Expense policy typically covers essential business expenses incurred in the event of the policyowner's disability, ensuring the continuity of business operations during the owner's absence.

<b>A) Physicians' fees</b>
While crucial for personal health care, physicians' fees are generally not covered under a Business Overhead Expense policy. This insurance is specifically designed to maintain business functions and does not extend to personal medical expenses.

<b>B) Outpatient hospital care expenses</b>
Outpatient hospital care expenses are typically related to personal health care and medical treatments. A Business Overhead Expense policy focuses on covering essential business costs to sustain operations during the owner's disability, making personal medical expenses like outpatient care outside its scope.

<b>C) Home mortgage payments</b>
Home mortgage payments are personal financial obligations and are not directly associated with business operations. Business Overhead Expense policies are tailored to cover specific business-related expenses to ensure the continuity of the business, making coverage for personal mortgage payments unlikely.

<b>D) Business insurance premiums</b>
Business insurance premiums are a critical component of maintaining business operations and are likely to be covered by a Business Overhead Expense policy in the event of the policyowner's disability. These premiums contribute to protecting the business from various risks and liabilities, aligning with the policy's objective of sustaining business activities during the owner's absence.

<b>Conclusion</b>
A Business Overhead Expense policy primarily focuses on covering essential business expenses to ensure the continuity of operations if the policyowner becomes disabled due to an accident. Among the provided options, business insurance premiums are most likely to be included in the coverage, as they directly contribute to safeguarding the business and maintaining its stability during challenging times.",,Regular,
Insurance Exams,Life Insurance Producer,Indiana Insurance Exams,Indiana Insurance Exam Prep,,Which of the following items requires an insurance company to advise an applicant that the company intends to secure a report which includes details about his income and general reputation?,Fair Credit Reporting Act,Freedom of Information Act,Uniform Provisions Law,USA Patriot Act,,,,A,"<h2>Fair Credit Reporting Act</h2>
The Fair Credit Reporting Act mandates that insurance companies must inform applicants when they plan to secure a report containing information about income and general reputation. This legislation aims to ensure transparency and fairness in the use of consumer credit information.

<b>A) Fair Credit Reporting Act</b>
Correct. The Fair Credit Reporting Act specifically governs the collection and dissemination of consumer credit information, including details on income and reputation. Insurance companies must adhere to the requirements of this act when obtaining such reports.

<b>B) Freedom of Information Act</b>
The Freedom of Information Act grants the public the right to access federal agency records, promoting transparency and accountability in government operations. However, it does not pertain to the disclosure of personal financial or reputation-related information by insurance companies.

<b>C) Uniform Provisions Law</b>
The Uniform Provisions Law typically refers to standardized regulations adopted by states to govern specific areas of law, such as commerce or property. It does not address the disclosure requirements for insurance companies regarding consumer credit information.

<b>D) USA Patriot Act</b>
The USA Patriot Act focuses on enhancing national security measures, particularly in combating terrorism and related activities. While it includes provisions related to financial transactions and information sharing, it does not specifically address the disclosure of income and reputation details by insurance companies.

<b>Conclusion</b>
In this context, the Fair Credit Reporting Act stands out as the correct choice as it directly addresses the obligation of insurance companies to notify applicants when seeking a report that includes information on income and general reputation. This requirement ensures that individuals are informed about the use of their personal data in insurance underwriting decisions, promoting transparency and consumer protection.",,Regular,
Insurance Exams,Life Insurance Producer,Indiana Insurance Exams,Indiana Insurance Practice Test,,A beneficiary who must consent to a change in the beneficiary designation in a life insurance policy is referred to as:,an irrevocable beneficiary,a contingent beneficiary,a secondary beneficiary,a primary beneficiary,,,,A,"<h2>an irrevocable beneficiary</h2>
When a beneficiary must provide consent for a change in the beneficiary designation of a life insurance policy, they are classified as an irrevocable beneficiary. This designation implies that the beneficiary's agreement is necessary and that the change cannot be made unilaterally without their approval.

<b>A) an irrevocable beneficiary</b>
This choice correctly identifies the beneficiary who must provide consent for altering the beneficiary designation. An irrevocable beneficiary holds decision-making power regarding changes to the policy, ensuring their rights are protected.

<b>B) a contingent beneficiary</b>
A contingent beneficiary is one who receives the benefits if the primary beneficiary is deceased or unable to receive the proceeds. Their role is different from that of a beneficiary required to consent to changes in the policy.

<b>C) a secondary beneficiary</b>
A secondary beneficiary is similar to a contingent beneficiary, stepping in to receive benefits if the primary beneficiary is unavailable. However, their role does not involve providing consent for changes to the beneficiary designation.

<b>D) a primary beneficiary</b>
The primary beneficiary is the initial recipient of the life insurance policy benefits. While they hold a crucial role in the policy, they are not necessarily the one required to consent to changes in the beneficiary designation.

<b>Conclusion</b>
In the context of life insurance policies, an irrevocable beneficiary is specifically named as the individual who must provide consent for any alterations to the beneficiary designation. This requirement ensures that the beneficiary's interests are considered and protected, highlighting the significance of their approval in modifying the policy's terms.",,Regular,
Insurance Exams,Life Insurance Producer,Indiana Insurance Exams,Indiana Insurance Exam Prep,,Which of the following statements is CORRECT about a Straight Life policy?,The cash value increases faster in the early policy years than in later years.,The policyowner may choose the schedule and amounts of premium payments.,The insurance company may modify the policy by exercising a Nonforfeiture option.,Premiums are payable for the period of time that insurance protection is provided.,,,,D,"<h2>Premiums are payable for the period of time that insurance protection is provided.</h2>
Premiums in a Straight Life policy are fixed and payable for the entire duration of the policy, providing continuous insurance coverage without the potential for premium adjustments or increases.

<b>A) The cash value increases faster in the early policy years than in later years</b>
This statement is incorrect for a Straight Life policy. In such policies, the cash value typically grows slowly over time due to the steady accumulation of cash reserves that support the policy's guarantees.

<b>B) The policyowner may choose the schedule and amounts of premium payments</b>
In a Straight Life policy, premium payments are predetermined and fixed, offering no flexibility for the policyowner to adjust the schedule or amounts of payments as they would in other types of policies.

<b>C) The insurance company may modify the policy by exercising a Nonforfeiture option</b>
Nonforfeiture options in life insurance policies provide policyholders with alternatives should they choose to surrender their policy for its cash value. However, in a Straight Life policy, the insurance company cannot modify the policy unilaterally through this option.

<b>Conclusion</b>
A Straight Life policy, also known as a Whole Life policy, requires the policyholder to pay fixed premiums for the entire duration of the policy, ensuring continuous insurance coverage until the policy matures or is surrendered. Unlike other types of life insurance policies, Straight Life policies offer stable premiums and a guaranteed death benefit, making them a popular choice for individuals seeking long-term financial protection and cash value accumulation.",,Regular,
Insurance Exams,Life Insurance Producer,Indiana Insurance Exams,Indiana Insurance Practice Test,,Which statement is TRUE about the Indiana Commissioner of Insurance?,The Commissioner of Insurance is elected to a four year term.,The Commissioner of Insurance is appointed by the NAIC.,The Commissioner of Insurance is appointed by and serves at the pleasure of the Governor.,The Commissioner of Insurance is appointed by the legislature.,,,,C,"<h2>The Commissioner of Insurance is appointed by and serves at the pleasure of the Governor.</h2>
The Indiana Commissioner of Insurance is appointed by the Governor and serves at the Governor's discretion, making this statement accurate regarding the appointment process and the official's role within the state government.

<b>A) The Commissioner of Insurance is elected to a four year term.</b>
This statement is incorrect. The Indiana Commissioner of Insurance is not elected but appointed, therefore not subject to a fixed term determined by popular vote.

<b>B) The Commissioner of Insurance is appointed by the NAIC.</b>
This statement is incorrect. The appointment of the Indiana Commissioner of Insurance is made by the Governor, not by the National Association of Insurance Commissioners (NAIC).

<b>D) The Commissioner of Insurance is appointed by the legislature.</b>
This statement is incorrect. The Indiana Commissioner of Insurance is not appointed by the legislature but by the Governor, as per the state's administrative structure.

<b>Conclusion</b>
In Indiana, the Commissioner of Insurance holds a position of significant responsibility in overseeing insurance matters within the state. The appointment process, as stipulated by state regulations, designates the Governor as the authority responsible for selecting and employing the individual to serve as the Commissioner of Insurance. This arrangement establishes a direct link between the Commissioner and the state's executive branch, ensuring alignment with the Governor's policy objectives and administrative priorities.",,Regular,
Insurance Exams,Life Insurance Producer,Indiana Insurance Exams,Indiana Insurance Exam Prep,,The Prelicensing Certificate of Completion expires after what period of time?,3 months,6 months,9 months,12 months,,,,D,"<h2>The Prelicensing Certificate of Completion expires after 12 months.</h2>
The Prelicensing Certificate of Completion remains valid for a period of one year from the date of issuance, after which it expires and requires renewal to maintain its validity for continued use in licensing processes.

<b>A) 3 months</b>
The Prelicensing Certificate of Completion does not expire after 3 months. This short duration would not provide sufficient time for individuals to complete necessary licensing requirements and fulfill regulatory obligations effectively.

<b>B) 6 months</b>
The Prelicensing Certificate of Completion does not expire after 6 months. Six months would be insufficient for individuals to complete the required prelicensing education and proceed with licensing procedures within a reasonable timeframe.

<b>C) 9 months</b>
The Prelicensing Certificate of Completion does not expire after 9 months. A 9-month expiration period would limit the flexibility of individuals in completing additional licensing steps and fulfilling regulatory criteria as necessary.

<b>D) 12 months</b>
The Prelicensing Certificate of Completion expires after 12 months, providing individuals with a full year to complete licensing requirements, submit applications, and proceed through the necessary procedures for obtaining or renewing their licenses. This timeframe allows for adequate preparation and compliance with regulatory standards.

<b>Conclusion</b>
The correct answer is D, as the Prelicensing Certificate of Completion remains valid for 12 months from the date of issuance. This expiration period ensures that individuals have ample time to fulfill all prerequisites and obligations related to licensing processes before requiring renewal to continue their licensing journey.",,Regular,
Insurance Exams,Life Insurance Producer,Indiana Insurance Exams,Indiana Insurance Practice Test,,Which of the following sections of an insurance contract limits coverage?,Waiver of Premium,Conditions,Exclusions,Declarations,,,,C,"<h2>Exclusions</h2>
Exclusions in an insurance contract specify situations or items that are not covered by the policy. These clauses restrict coverage and outline scenarios where the insurance company will not be liable for claims, providing clarity on the scope of protection offered.

<b>A) Waiver of Premium</b>
The Waiver of Premium provision allows the policyholder to stop paying premiums if certain conditions, such as disability, are met. This section does not limit coverage but rather offers a benefit by waiving premium payments under specific circumstances.

<b>B) Conditions</b>
Conditions in an insurance contract outline the responsibilities of both the insured and the insurer. These may include obligations such as providing notice of a claim or maintaining the property in good condition. While important for policy compliance, conditions do not directly limit coverage.

<b>C) Exclusions</b>
Exclusions delineate what the insurance policy does not cover, setting boundaries on the extent of protection. By listing specific situations or risks that are excluded from coverage, this section narrows down the instances where the insurer is not obligated to pay claims.

<b>D) Declarations</b>
Declarations in an insurance contract contain essential information about the policyholder, insured property, coverage limits, and premium details. These details set the foundation for the policy but do not impose any restrictions on coverage.

<b>Conclusion</b>
Among the sections of an insurance contract, Exclusions play a critical role in defining the limits of coverage by specifying what risks or circumstances are not included in the policy's protection. Understanding these exclusions is crucial for policyholders to grasp the full extent of their insurance coverage and potential gaps where claims may not be paid.",,Regular,
Insurance Exams,Life Insurance Producer,Indiana Insurance Exams,Indiana Insurance Exam Prep,,All of the following individuals must sign a life insurance application EXCEPT an:,applicant,18-year-old proposed insured,adult proposed insured,irrevocable beneficiary,,,,D,"<h2>Irrevocable beneficiary</h2>
Life insurance applications typically require signatures from the applicant, the proposed insured if an adult, and any other necessary parties involved in the policy arrangement. However, the irrevocable beneficiary does not need to sign the application as their status as a beneficiary does not affect the initial application process.

<b>A) Applicant</b>
The applicant, who is seeking to purchase the life insurance policy, must sign the application to indicate their agreement to the terms and conditions of the policy. This signature serves as consent and acknowledgment of the information provided in the application.

<b>B) 18-year-old proposed insured</b>
If the proposed insured is 18 years old or above, they are considered legally able to enter into a life insurance contract and must sign the application to indicate their willingness to be insured under the policy.

<b>C) Adult proposed insured</b>
For an adult proposed insured, typically anyone above the age of majority, their signature on the life insurance application is required to signify their understanding and acceptance of the terms outlined in the policy.

<b>Conclusion</b>
In the context of a life insurance application, the requirement for signatures is crucial to establish the consent and agreement of the involved parties. While the applicant, proposed insured (if an adult), and other relevant individuals are expected to sign the application, the irrevocable beneficiary does not participate in this signing process. Their role as a beneficiary is defined by the terms of the policy rather than the application procedure itself.",,Regular,
Insurance Exams,Life Insurance Producer,Indiana Insurance Exams,Indiana Insurance Practice Test,,Which is NOT required of Long Term Care policies sold in Indiana?,A maximum 6 month pre-existing conditions exclusion,Noncancellable or guaranteed renewable basis,Coverage for at least 12 consecutive months,Dependent coverages,,,,D,"<h2>Dependent coverages</h2>
Long Term Care policies sold in Indiana are not required to include dependent coverages, as these policies are primarily designed to provide coverage for the policyholder's own long-term care needs. Dependent coverages typically refer to additional coverage for family members or other individuals related to the policyholder, which is not mandated by Indiana regulations.

<b>A) A maximum 6 month pre-existing conditions exclusion</b>
Long Term Care policies in Indiana must adhere to a maximum 6-month pre-existing conditions exclusion period. This means that the policy cannot exclude coverage for pre-existing conditions for longer than six months after the policy's effective date. This requirement aims to ensure that individuals with pre-existing conditions have access to Long Term Care coverage.

<b>B) Noncancellable or guaranteed renewable basis</b>
Long Term Care policies sold in Indiana must be offered on a noncancellable or guaranteed renewable basis. This ensures that policyholders have the option to renew their policies without the insurance company being able to cancel coverage or increase premiums based on changes in the policyholder's health status.

<b>C) Coverage for at least 12 consecutive months</b>
Indiana regulations mandate that Long Term Care policies must provide coverage for at least 12 consecutive months. This requirement ensures that policyholders have access to long-term care benefits for a minimum period to support their ongoing care needs.

<b>Conclusion</b>
In Indiana, Long Term Care policies are required to meet specific standards to protect policyholders and ensure adequate coverage for long-term care needs. While regulations cover aspects such as pre-existing conditions exclusions, renewability, and minimum coverage duration, the inclusion of dependent coverages is not a mandatory requirement for Long Term Care policies sold in Indiana.",,Regular,
Insurance Exams,Life Insurance Producer,Indiana Insurance Exams,Indiana Insurance Exam Prep,,"Mr. and Mrs. X have a one-month-old infant. They would like a $250,000 life insurance policy on Mr. X with the lowest premium for the next 20 years. The suitable policy recommendation would be:",20-Pay Life,Variable Life funded for 20 years,20-year Increasing Term,20-year Level Term,,,,D,"<h2>20-year Level Term</h2>
A 20-year Level Term life insurance policy would be the most suitable recommendation for Mr. and Mrs. X in this scenario. This policy provides a fixed death benefit for a specific period (in this case, 20 years) and offers consistent premiums throughout the coverage term, making it an ideal choice for budgeting purposes and ensuring financial protection for the family.

<b>A) 20-Pay Life</b>
A 20-Pay Life policy requires the policyholder to pay premiums for only 20 years or until death, whichever comes first. However, this type of policy may have significantly higher premiums compared to a Level Term policy, making it less cost-effective for Mr. and Mrs. X's current financial needs.

<b>B) Variable Life funded for 20 years</b>
Variable Life insurance combines a death benefit with an investment component, allowing policyholders to allocate cash value into various investment options. While it offers potential for cash value growth, the premiums can fluctuate based on market performance, which may not align with the X family's goal of securing a policy with the lowest premium.

<b>C) 20-year Increasing Term</b>
A 20-year Increasing Term policy provides a death benefit that increases over time, typically to keep pace with inflation or changing financial needs. While this policy offers a growing death benefit, it may come with higher premiums compared to a Level Term policy, which could be a concern for Mr. and Mrs. X seeking the lowest premium option.

<b>D) 20-year Level Term</b>
A 20-year Level Term policy stands out as the most suitable recommendation for Mr. and Mrs. X due to its fixed death benefit and premium amounts throughout the 20-year coverage period. This policy structure aligns well with the family's goal of securing a $250,000 life insurance policy with the lowest premium for the next two decades, providing stable financial protection for their infant child.

<b>Conclusion</b>
In this scenario, where Mr. and Mrs. X seek a $250,000 life insurance policy with the lowest premium for the next 20 years to ensure financial security for their one-month-old infant, a 20-year Level Term policy emerges as the most appropriate choice. Its fixed death benefit and consistent premiums make it a reliable option for meeting their specific insurance needs while maintaining financial affordability over the designated coverage period.",,Regular,
Insurance Exams,Life Insurance Producer,Indiana Insurance Exams,Indiana Insurance Practice Test,,"In looking through a life insurance contract, an insured finds a table stating that in the 20th policy year, the cash value is $480 per $1,000 of Death benefit. What type of policy did the insured purchase?",Straight Life,Universal Life,Variable Life,Increasing Term,,,,A,"<h2>Straight Life</h2>
Straight Life policies, also known as whole life insurance, provide coverage for the entire life of the insured. These policies accumulate cash value over time, typically following a set schedule detailed in the policy contract.

<b>A) Straight Life</b>
In a Straight Life policy, the cash value grows steadily over time, with a guaranteed rate of accumulation. The specific table mentioned in the question outlines how the cash value correlates with the Death benefit in the 20th year of the policy. This steady growth aligns with the characteristics of Straight Life insurance.

<b>B) Universal Life</b>
Universal Life policies offer more flexibility in premium payments and death benefits than Straight Life policies. They typically do not have a fixed cash value growth structure tied to the Death benefit, making this choice incorrect in the context of the question.

<b>C) Variable Life</b>
Variable Life policies allow the insured to allocate their premiums among various investment options, impacting the cash value based on the performance of these investments. The fixed cash value per Death benefit ratio described in the question does not align with the variable nature of Variable Life policies.

<b>D) Increasing Term</b>
Increasing Term policies provide a Death benefit that rises over time while keeping the premium constant. The cash value structure mentioned in the question, where it is tied to the Death benefit in a fixed ratio, does not correspond to the characteristics of an Increasing Term policy.

<b>Conclusion</b>
The presence of a specific table indicating the cash value in relation to the Death benefit in the 20th policy year points towards a Straight Life policy. This type of policy guarantees a predetermined cash value accumulation pattern, reinforcing the long-term coverage and savings aspects associated with whole life insurance.",,Regular,
Insurance Exams,Life Insurance Producer,Indiana Insurance Exams,Indiana Insurance Exam Prep,,Which of the following statements is CORRECT about benefits provided by a Basic Hospital and Surgical policy?,They are lower than the actual expenses incurred.,They are subject to large deductibles.,They are higher than those provided by Major Medical policies.,They are unlimited.,,,,A,"<h2>Benefits provided by a Basic Hospital and Surgical policy are lower than the actual expenses incurred.</h2>
Basic Hospital and Surgical policies typically offer coverage for essential medical services such as hospital stays and surgical procedures, but the benefits provided under these policies are usually limited and may not fully cover the total expenses accrued.

<b>A) They are lower than the actual expenses incurred</b>
This statement accurately reflects the nature of Basic Hospital and Surgical policies. While they provide financial assistance for medical treatment, the coverage amount is often capped and may not cover the entirety of the expenses, leaving the policyholder responsible for paying the difference.

<b>B) They are subject to large deductibles</b>
Basic Hospital and Surgical policies may indeed have deductibles, but the size of these deductibles can vary and may not necessarily be large. Deductibles are the initial out-of-pocket amounts that policyholders must pay before the insurance coverage kicks in.

<b>C) They are higher than those provided by Major Medical policies</b>
In contrast to Major Medical policies, Basic Hospital and Surgical policies generally offer more limited coverage and benefits. Major Medical policies are designed to provide comprehensive coverage for a wide range of medical services and expenses.

<b>D) They are unlimited</b>
Basic Hospital and Surgical policies do not typically offer unlimited benefits. These policies have predefined coverage limits and may have restrictions on certain services or treatments that are covered, which means that the benefits are not unlimited.

<b>Conclusion</b>
Basic Hospital and Surgical policies serve as essential insurance coverage for medical services but come with limitations on the benefits provided. While they offer financial assistance, the coverage amount is usually lower than the actual expenses incurred, making it important for policyholders to understand the scope of coverage and potential out-of-pocket costs associated with these policies.",,Regular,
Insurance Exams,Life Insurance Producer,Indiana Insurance Exams,Indiana Insurance Practice Test,,"Which part of Medicare covers a portion of an insured's outpatient (e.g. physician, testing) medical expenses?",Part A,Part B,Part D,Part E,,,,B,"<h2>Part B</h2>
Medicare Part B specifically covers outpatient services, including visits to physicians, diagnostic tests, and preventive care, among other medical expenses incurred outside of a hospital setting.

<b>A) Part A</b>
Medicare Part A primarily covers inpatient hospital care, skilled nursing facilities, hospice care, and some home health care services. It does not encompass outpatient medical expenses like those associated with physician visits or diagnostic tests.

<b>B) Part B</b>
Medicare Part B is designed to cover outpatient services, such as doctor visits, lab tests, preventive care, and durable medical equipment. This part of Medicare helps with medically necessary services that don't require an overnight hospital stay, providing essential coverage for routine healthcare needs.

<b>C) Part D</b>
Medicare Part D is the prescription drug coverage portion of Medicare. It helps beneficiaries pay for prescription medications and is separate from Medicare Parts A and B, which focus on hospital and medical coverage rather than prescription drugs.

<b>D) Part E</b>
There is no Medicare Part E. The Medicare program consists of Parts A, B, C, and D, each serving specific purposes within the overall healthcare coverage framework. Part E does not exist within the official structure of the Medicare program.

<b>Conclusion</b>
Understanding the different parts of Medicare is crucial for beneficiaries to navigate their healthcare coverage effectively. Medicare Part B plays a vital role in covering outpatient medical expenses, offering financial assistance for services like doctor visits and diagnostic tests that are essential for maintaining overall health and well-being. It is important for individuals to enroll in the appropriate parts of Medicare to ensure comprehensive coverage for both inpatient and outpatient healthcare needs.",,Regular,
Insurance Exams,Life Insurance Producer,Indiana Insurance Exams,Indiana Insurance Exam Prep,,"Which of the following policies allows the insured to continue the policy at the end of the policy term with no questions asked, even if the insured's health has deteriorated or the insured has entered a hazardous occupation?",Decreasing Term,Non-Convertible Term,Endowment,Renewable Term,,,,D,"<h2>Renewable Term</h2>
Renewable term policies permit the insured to extend the coverage beyond the initial policy term without providing additional evidence of insurability, regardless of health changes or career shifts. This feature offers flexibility and continuity in coverage for individuals who may face increased risks or health challenges over time.

<b>A) Decreasing Term</b>
Decreasing term policies involve a declining death benefit over the policy term, usually aligning with a decreasing mortgage or debt. These policies do not offer the option to renew or continue coverage beyond the specified term and are not influenced by health status or occupational changes.

<b>B) Non-Convertible Term</b>
Non-convertible term policies cannot be converted into permanent insurance policies like whole life or universal life. While they may offer fixed premiums and coverage for a specific term, they lack the flexibility of conversion or renewal without medical underwriting.

<b>C) Endowment</b>
Endowment policies combine life insurance coverage with a savings component that pays out a lump sum at a predetermined maturity date or upon the insured's death. These policies do not typically provide the option for continued coverage beyond the endowment period, making them distinct from renewable term policies.

<b>D) Renewable Term</b>
Renewable term policies allow the insured to renew the coverage at the end of the policy term without undergoing a new medical evaluation or facing questions about health changes or occupational risks. This feature ensures ongoing protection for individuals even if their circumstances or health status have evolved.

<b>Conclusion</b>
Among the policy options presented, the renewable term policy stands out for its unique benefit of allowing the insured to continue coverage seamlessly at the end of the initial term, irrespective of health deteriorations or changes in occupation. This flexibility provides peace of mind and continuity for policyholders, ensuring uninterrupted protection against unforeseen events or health challenges.",,Regular,
Insurance Exams,Life Insurance Producer,Indiana Insurance Exams,Indiana Insurance Practice Test,,"Which of the following types of coverage provides full benefits for a limited period of time if an insured is unable to perform the duties of the insured's own occupation or the duties of any occupation for which the insured is reasonably suited on the basis of education, training, and experience?",Total Disability,Partial Disability,Residual Disability,Presumptive Disability,,,,A,"<h2>Total Disability</h2>
Total Disability coverage offers full benefits for a specific duration when the insured is incapable of performing either their own occupation or any occupation they are qualified for based on their background.

<b>A) Total Disability</b>
Total Disability coverage encompasses scenarios where the insured is unable to engage in their specific occupation or any alternative occupation due to disability. Benefits are provided for a defined period until the insured can return to work.

<b>B) Partial Disability</b>
Partial Disability coverage usually applies when the insured can work but not at full capacity or in their usual occupation. It offers benefits proportional to the loss of income due to reduced work capacity.

<b>C) Residual Disability</b>
Residual Disability coverage provides benefits when the insured can work but experiences a partial loss of income due to disability. It typically covers situations where the insured can work but not at full capacity.

<b>D) Presumptive Disability</b>
Presumptive Disability coverage offers benefits if the insured suffers from specific severe conditions listed in the policy, regardless of their ability to work. It is not dependent on the insured's occupation or work capacity.

<b>Conclusion</b>
In the context of disability insurance, Total Disability coverage stands out for providing full benefits for a limited period when the insured cannot perform their own occupation or any occupation they are qualified for based on their education, training, and experience. This type of coverage ensures financial protection during periods of complete work incapacity, ensuring the insured's financial stability until they can resume gainful employment.",,Regular,
Insurance Exams,Life Insurance Producer,Indiana Insurance Exams,Indiana Insurance Exam Prep,,Adjustable Life insurance is designed to meet an insured's need for:,flexible Settlement Options,flexible premiums,optimum retirement funds,optimum cash value,,,,B,"<h2>Flexible premiums</h2>
Adjustable Life insurance is specifically structured to provide policyholders with the flexibility to adjust their premium payments over time. This feature allows insured individuals to adapt their coverage to changing financial circumstances, ensuring that the policy remains affordable and sustainable in the long term.

<b>A) flexible Settlement Options</b>
Adjustable Life insurance focuses primarily on the adjustability of premium payments rather than settlement options. Settlement options typically refer to the various ways in which policy proceeds can be paid out to beneficiaries upon the insured's death, offering choices like lump-sum payments or annuities. While settlement options can provide flexibility in how benefits are distributed, they are not the primary focus of Adjustable Life insurance.

<b>B) flexible premiums</b>
This choice accurately reflects the core feature of Adjustable Life insurance, which allows policyholders to modify their premium amounts based on their financial needs and capabilities. By offering this flexibility, individuals can ensure that their coverage remains in force even during fluctuations in income or expenses, making the policy more adaptable to changing circumstances.

<b>C) optimum retirement funds</b>
While life insurance products can have provisions for building cash value that could potentially be used for retirement planning, Adjustable Life insurance is specifically tailored to provide flexibility in premium payments rather than optimizing retirement funds. The primary goal of Adjustable Life insurance is to offer adjustable premiums to meet the insured's changing financial needs, rather than focusing on retirement planning.

<b>D) optimum cash value</b>
While Adjustable Life insurance policies may accumulate cash value over time, the primary emphasis of this type of insurance is not on optimizing cash value. The key feature of Adjustable Life insurance is the ability to adjust premium payments, which provides policyholders with financial flexibility and control over their coverage. While cash value is a component of the policy, it is not the primary purpose of Adjustable Life insurance.

<b>Conclusion</b>
In summary, Adjustable Life insurance is specifically designed to offer policyholders the flexibility to adjust their premium payments according to their financial circumstances. This feature distinguishes Adjustable Life insurance from other types of policies and ensures that individuals can maintain their coverage in a way that aligns with their evolving financial needs and goals.",,Regular,
Insurance Exams,Life Insurance Producer,Indiana Insurance Exams,Indiana Insurance Practice Test,,A life and health licensed producer MUST complete how many hours of continuing education every licensure period?,12 hours of general continuing education only,24 hours of general continuing education only,"12 hours, including 3 hours of ethics","24 hours, including 3 hours of ethics",,,,D,"<h2>24 hours, including 3 hours of ethics</h2>
Life and health licensed producers are required to undertake 24 hours of continuing education during each licensure period. This educational commitment encompasses a broad range of topics relevant to the insurance industry, ensuring that producers stay informed about new regulations, products, and practices. Additionally, 3 of these hours must specifically cover ethics, emphasizing the importance of ethical conduct in the insurance profession and maintaining high standards of integrity.

<b>A) 12 hours of general continuing education only</b>
This option is incorrect as it falls short of the mandated 24 hours of continuing education required for life and health licensed producers. Completing only 12 hours of general education would not fulfill the full educational obligations imposed by regulatory authorities.

<b>B) 24 hours of general continuing education only</b>
While this choice suggests the same total number of hours as the correct answer, it lacks the crucial component of ethics education. Life and health licensed producers must allocate a portion of their continuing education hours specifically to ethics training, making this option incomplete and inaccurate.

<b>C) 12 hours, including 3 hours of ethics</b>
Although this choice includes ethics education, the total number of hours falls short of the mandatory 24 hours required for life and health licensed producers. The licensure period demands a more comprehensive commitment to continuous learning than what is offered in this option.

<b>D) 24 hours, including 3 hours of ethics</b>
Correct! Life and health licensed producers must dedicate 24 hours to continuing education during each licensure period, with 3 of those hours focused on ethics training. This combination ensures that producers not only maintain their knowledge of industry developments but also uphold ethical standards in their professional practices.

<b>Conclusion</b>
The regulatory requirements for life and health licensed producers mandate 24 hours of continuing education per licensure period, with a specific emphasis on ethics training comprising 3 of those hours. This comprehensive educational framework aims to enhance producers' knowledge base while reinforcing ethical conduct within the insurance industry. By adhering to these guidelines, licensed producers can stay current, competent, and ethically responsible in their roles.",,Regular,
Insurance Exams,Life Insurance Producer,Indiana Insurance Exams,Indiana Insurance Exam Prep,,An insured is covered under an employer group Comprehensive Major Medical policy and a spouse's group Health policy. Which of the following policy provisions will provide coverage under the appropriate plan?,Coordination of Benefits,Elimination Period,Occupational Accident and Sickness provision,Probationary Period,,,,A,"<h2>Coordination of Benefits</h2>
When an insured is covered under multiple group health policies, the Coordination of Benefits provision helps determine the primary and secondary plans responsible for coverage. This provision ensures that benefits are coordinated efficiently between the different plans to avoid overpayment and provide comprehensive coverage without duplication.

<b>B) Elimination Period</b>
The Elimination Period refers to the time frame an insured must wait before receiving benefits under a health insurance policy. It is not relevant to determining coverage between multiple group policies but rather establishes a waiting period for benefits to begin.

<b>C) Occupational Accident and Sickness provision</b>
The Occupational Accident and Sickness provision outlines coverage for work-related injuries or illnesses, specifying benefits related to accidents or sickness occurring in the course of employment. This provision is not directly related to coordinating benefits between different group policies.

<b>D) Probationary Period</b>
The Probationary Period is a waiting period at the start of a health insurance policy during which certain conditions may not be covered. It is designed to prevent individuals from purchasing insurance only when they need immediate medical care. This provision does not address the coordination of benefits between multiple policies.

<b>Conclusion</b>
In the scenario where an insured is covered under both an employer group Comprehensive Major Medical policy and a spouse's group Health policy, the Coordination of Benefits provision becomes crucial. It helps determine the primary and secondary coverage, ensuring that the insured receives the maximum benefits available without unnecessary duplication or gaps in coverage. Coordinating benefits effectively between the two policies is essential to navigating complex insurance scenarios and optimizing coverage for the insured and their dependents.",,Regular,
Insurance Exams,Life Insurance Producer,Indiana Insurance Exams,Indiana Insurance Practice Test,,An insured dies during the conversion period of a group life policy. Which amount is payable to the beneficiary?,The face amount minus one month's premium,The face amount,The face amount minus a conversion fee,50 percent of the face amount,,,,B,"<h2>The face amount</h2>
During the conversion period of a group life policy, if the insured individual passes away, the beneficiary is entitled to receive the full face amount as specified in the policy. This amount represents the coverage provided by the insurance policy and is paid out to the designated beneficiary upon the insured's death.

<b>A) The face amount minus one month's premium</b>
This option is incorrect because, in the event of the insured's death during the conversion period, the beneficiary is entitled to receive the full face amount of the policy, not a reduced amount that deducts one month's premium. The face amount is the sum assured that the beneficiary receives upon the insured's death.

<b>C) The face amount minus a conversion fee</b>
This choice is inaccurate as well. The beneficiary is eligible to receive the entire face amount specified in the group life policy when the insured dies during the conversion period. Any conversion fee associated with changing the policy to an individual one does not impact the amount payable to the beneficiary in case of the insured's death.

<b>D) 50 percent of the face amount</b>
This option is incorrect. The beneficiary is entitled to receive the full face amount of the group life policy if the insured passes away during the conversion period. There is no provision for only paying out 50 percent of the face amount in such circumstances.

<b>Conclusion</b>
In the context of a group life policy, if the insured individual dies during the conversion period, the beneficiary is entitled to receive the complete face amount specified in the policy. This amount represents the coverage provided by the insurance policy and ensures that the beneficiary receives the full benefit upon the insured's death.",,Regular,
Insurance Exams,Life Insurance Producer,Indiana Insurance Exams,Indiana Insurance Exam Prep,,A contract for insurance is considered aleatory because it is:,between two parties,approved by the states,conditionally renewable,contingent upon the occurrence of a particular event,,,,D,"<h2>Contingent upon the occurrence of a particular event.</h2>
The aleatory nature of an insurance contract stems from its inherent dependency on unpredictable events or outcomes to determine the extent of coverage or benefits provided. This characteristic contrasts with contracts based solely on mutual obligations or predetermined conditions.

<b>A) Between two parties</b>
The presence of two parties is a common element in most contracts, including insurance agreements. However, the defining feature of an aleatory contract lies not in the number of parties involved but in the uncertain event triggering contractual performance.

<b>B) Approved by the states</b>
Approval by regulatory authorities or states is a legal requirement for insurance contracts to ensure compliance with laws and regulations. While state approval is necessary for validity, it does not define the aleatory nature of the contract.

<b>C) Conditionally renewable</b>
Conditional renewal refers to the ability to extend an existing contract based on specified conditions or terms. While this aspect introduces a degree of uncertainty regarding contract continuation, it does not capture the fundamental essence of aleatory contracts, which hinge on unforeseeable events.

<b>D) Contingent upon the occurrence of a particular event</b>
An aleatory contract is characterized by its dependence on the happening of an uncertain event to determine the contractual obligations and outcomes for the parties involved. This pivotal event may include occurrences like accidents, natural disasters, or other unforeseen circumstances, shaping the coverage and benefits provided by the insurance agreement.

<b>Conclusion</b>
The aleatory nature of insurance contracts emphasizes their reliance on unpredictable events to trigger contractual obligations, distinguishing them from contracts based on predetermined actions or mutual promises. By linking coverage and benefits to specific occurrences, such contracts provide financial protection against unforeseen risks, highlighting the dynamic and contingent nature of insurance agreements.",,Regular,
Insurance Exams,Life Insurance Producer,Indiana Insurance Exams,Indiana Insurance Practice Test,,"Assuming there are no objections, how many days after proof of death does a life insurance company have to pay claims under the Indiana life insurance Payment of Claims provision?",20,30,60,90,,,,C,"<h2>60</h2>
The Indiana life insurance Payment of Claims provision stipulates that, assuming no objections are raised, the life insurance company must pay claims within 60 days following proof of death. This timeframe is legally mandated to ensure timely disbursement of benefits to beneficiaries.

<b>A) 20</b>
This is incorrect. The correct timeframe specified by Indiana law for the payment of life insurance claims after proof of death is 60 days, not 20 days. A 20-day window would not align with the statutory requirements and may lead to non-compliance issues for the insurance company.

<b>B) 30</b>
This is not the correct answer. The Indiana regulation governing the Payment of Claims provision in life insurance policies mandates a 60-day period for the company to pay claims post proof of death. Selecting 30 days would inaccurately shorten the legally mandated timeframe for benefit disbursement.

<b>D) 90</b>
This option is incorrect. Contrary to selecting 90 days, the specific requirement outlined in Indiana's life insurance regulations sets a 60-day deadline for the payment of claims by the insurance company upon receiving proof of death. Opting for 90 days would extend the payment period beyond the statutory limit.

<b>Conclusion</b>
In accordance with the Indiana life insurance Payment of Claims provision, a life insurance company, in the absence of objections, must pay claims within 60 days subsequent to the submission of proof of death. This regulatory guideline ensures that beneficiaries receive their entitled benefits in a timely manner, preventing undue delays in claim settlements.",,Regular,
Insurance Exams,Life Insurance Producer,Indiana Insurance Exams,Indiana Insurance Exam Prep,,"A proposed insured wants to purchase a policy that allows for an increase or decrease in the Premium payment, Premium Mode, and Death benefit. Which of the following policies offers this type of flexibility?",Limited Pay Life,Variable Universal Life,Variable Whole Life,Modified Whole Life,,,,B,"<h2>Variable Universal Life</h2>
Variable Universal Life insurance policies provide the policyholder with the flexibility to adjust premium payments, premium mode (frequency of payments), and death benefits. This type of policy offers the insured the ability to adapt the coverage to their changing financial needs and circumstances, making it a versatile option for those seeking customizable insurance solutions.

<b>A) Limited Pay Life</b>
Limited Pay Life policies require the policyholder to pay premiums for a specified limited period, after which the coverage is fully paid up. While this type of policy offers the benefit of a shorter premium payment period, it does not typically allow for the same level of flexibility in adjusting premium payments, premium mode, and death benefits as Variable Universal Life policies.

<b>C) Variable Whole Life</b>
Variable Whole Life insurance combines permanent life insurance with a cash value component that can be invested in various sub-accounts. While it offers investment options and potential cash value growth tied to market performance, it does not necessarily provide the same level of flexibility in adjusting premium payments, premium mode, and death benefits as Variable Universal Life policies.

<b>D) Modified Whole Life</b>
Modified Whole Life insurance typically offers lower initial premiums for a set period, after which the premiums increase to a higher predetermined amount. While this type of policy may have some flexibility in premium adjustments during the initial period, it does not offer the comprehensive flexibility in premium payment, mode, and death benefit adjustments that are characteristic of Variable Universal Life policies.

<b>Conclusion</b>
In the context of insurance policies that allow for adjustments in premium payments, premium mode, and death benefits, Variable Universal Life stands out as the optimal choice. Its combination of insurance coverage with investment options and flexibility makes it a suitable option for individuals seeking adaptable and customizable life insurance solutions to meet their evolving needs.",,Regular,
Insurance Exams,Life Insurance Producer,Mississippi Insurance Exams,Mississippi Insurance License Practice Test,,Which of the following acts by an insurance company could be considered an unfair claims settlement practice?,Failing to pay all claims submitted to the company,Failing to acknowledge correspondence sent by a policyholder regarding a claim,Requiring policyholders to report losses within a specified period of time,Requiring policyholders to assist the insurance company in investigating claims submitted against the insured,,,,B,"<h2>Failing to acknowledge correspondence sent by a policyholder regarding a claim.</h2>  
Failing to acknowledge correspondence is considered an unfair claims settlement practice because it neglects the insurer's responsibility to communicate with policyholders and address their concerns, potentially delaying the resolution of claims.

<b>A) Failing to pay all claims submitted to the company</b>  
While failing to pay all claims might seem unfair, it is not inherently an unfair claims settlement practice if the claims do not meet the terms of the policy or are fraudulent. Insurers are obligated to pay valid claims, but the refusal to pay cannot be classified as unfair without context.

<b>B) Failing to acknowledge correspondence sent by a policyholder regarding a claim</b>  
This option is indeed an unfair claims settlement practice as it reflects a lack of communication and responsiveness from the insurance company. Policyholders have the right to receive acknowledgment of their inquiries, and failing to do so can lead to frustration and confusion, undermining trust in the insurer.

<b>C) Requiring policyholders to report losses within a specified period of time</b>  
This practice is standard within insurance contracts and is not considered unfair. Insurers often require timely reporting to ensure that claims can be investigated and processed efficiently, and such requirements are typically outlined in the policy terms.

<b>D) Requiring policyholders to assist the insurance company in investigating claims submitted against the insured</b>  
This requirement is also standard practice in the insurance industry. Policyholders are often asked to provide information or cooperate in investigations as part of the claims process, and it is not deemed an unfair practice as it helps ensure claims are handled properly.

<b>Conclusion</b>  
Unfair claims settlement practices involve actions that hinder claim processing and communication between the insurer and policyholders. Among the options presented, the failure to acknowledge correspondence stands out as a clear violation of fair practice standards, as it disrupts the necessary dialogue essential for effective claims management. Other actions, while potentially contentious, are either justified by policy terms or reflect standard operational procedures within the insurance industry.",,Regular,
Insurance Exams,Life Insurance Producer,Mississippi Insurance Exams,Mississippi Insurance Questions,,Which of the following kinds of policies typically contain a limited daily room and board benefit and provides coverage on an in-hospital basis only?,Basic Surgical,Basic Hospital,Major Medical,Supplemental Major Medical,,,,B,"<h2>Basic Hospital policies typically contain a limited daily room and board benefit and provide coverage on an in-hospital basis only.</h2>  
Basic Hospital insurance is designed to cover the essential costs incurred during a hospital stay, including a specified daily room and board amount, but does not extend to outpatient services or extensive medical procedures.

<b>A) Basic Surgical</b>  
Basic Surgical policies focus specifically on covering the costs associated with surgical procedures, including the surgeon's fees and related expenses. They do not include room and board benefits, as their primary aim is to address the surgical aspect of medical care rather than the overall hospital stay.

<b>B) Basic Hospital</b>  
Basic Hospital policies are structured to provide coverage for essential hospital services, including limited daily room and board benefits. This type of policy is specifically focused on in-hospital care, making it suitable for patients who require hospitalization but do not need extensive medical coverage beyond basic services.

<b>C) Major Medical</b>  
Major Medical insurance offers a broader range of health care coverage, including outpatient services, preventive care, and extended hospital stays. Unlike Basic Hospital policies, Major Medical plans do not impose a limited benefit on daily room and board and typically cover a more comprehensive array of medical expenses.

<b>D) Supplemental Major Medical</b>  
Supplemental Major Medical policies are designed to complement a primary health insurance plan by covering costs that the primary plan does not, such as high deductibles or co-insurance. These policies do not focus solely on in-hospital care or limited room and board benefits, thus differing significantly from Basic Hospital policies.

<b>Conclusion</b>  
Basic Hospital insurance is characterized by its provision of a limited daily room and board benefit and its coverage of in-hospital services only. This distinguishes it from other types of policies that either focus on surgical procedures, provide comprehensive coverage, or serve as supplements to existing plans. Understanding these distinctions helps consumers choose the right insurance based on their healthcare needs.",,Regular,
Insurance Exams,Life Insurance Producer,Mississippi Insurance Exams,Mississippi Insurance License Practice Test,,"To maintain a producer's license, how many hours of ethics continuing education are required every two years?",0,3,12,24,,,,B,"<h2>Three hours of ethics continuing education are required every two years to maintain a producer's license.</h2>  
This requirement ensures that licensed producers stay updated on ethical standards and practices in their field, promoting professionalism and accountability.

<b>A) 0</b>  
This choice suggests that no continuing education is required, which is incorrect as it undermines the importance of ongoing education for maintaining ethical standards in the profession. Licensing authorities mandate some level of education to ensure producers are aware of evolving ethical norms and regulations.

<b>B) 3</b>  
This is the correct answer, as it reflects the stipulated requirement for producers to complete three hours of ethics continuing education every two years. This education is vital for understanding ethical responsibilities and ensuring compliance with industry standards.

<b>C) 12</b>  
Twelve hours of continuing education is excessive and not aligned with the requirements for maintaining a producer's license. This choice misrepresents the regulatory expectations, which are designed to be manageable while still emphasizing the importance of ethical training.

<b>D) 24</b>  
Similar to option C, twenty-four hours far exceeds the required amount for ethics continuing education. This choice inaccurately suggests an unrealistic burden on producers, which could discourage participation in necessary educational programs.

<b>Conclusion</b>  
To maintain a producer's license, three hours of ethics continuing education every two years is mandatory, ensuring professionals remain informed about ethical practices. This requirement balances the need for ongoing education with practical considerations, fostering integrity and ethical conduct within the industry. The incorrect options misrepresent the requirements, highlighting the significance of understanding and complying with regulatory standards.",,Regular,
Insurance Exams,Life Insurance Producer,Mississippi Insurance Exams,Mississippi Insurance Questions,,"When replacing a life insurance policy or annuity, the producer MUST take which of the following steps with the Notice of Replacement form?",Complete it at the time of taking the new application.,Complete it when delivering the new policy.,File a copy with the Insurance Department.,Send a copy to the insurance company whose policy is being replaced.,,,,A,"<h2>Complete it at the time of taking the new application.</h2>  
The producer is required to fill out the Notice of Replacement form during the application process for the new policy, ensuring that the client is fully informed about the implications of replacing an existing policy.

<b>A) Complete it at the time of taking the new application.</b>  
This choice is correct because the replacement notice must be completed when the new application is taken. This step is crucial as it informs the client about the potential consequences of replacing their existing policy and ensures compliance with regulatory requirements.

<b>B) Complete it when delivering the new policy.</b>  
Completing the Notice of Replacement at the time of delivery would be too late in the process. The purpose of the notice is to provide information before the client commits to the new policy, allowing them to make an informed decision regarding their existing coverage.

<b>C) File a copy with the Insurance Department.</b>  
While documentation and compliance are important, the producer is not required to file a copy of the Notice of Replacement with the Insurance Department. Instead, this form is intended to be provided to the client and the replacing insurance company to ensure transparency and informed decision-making.

<b>D) Send a copy to the insurance company whose policy is being replaced.</b>  
Although sending a copy to the replaced insurance company may be a good practice, it is not a mandated step in the replacement process. The primary obligation is to provide the notice to the client at the time of the new application to ensure they are aware of the replacement implications.

<b>Conclusion</b>  
In replacing a life insurance policy or annuity, it is essential for the producer to complete the Notice of Replacement form at the time the new application is taken. This requirement ensures that clients are informed about the potential impact of replacing their existing coverage prior to making a decision. Other choices do not meet the regulatory obligations for informing clients effectively during the replacement process.",,Regular,
Insurance Exams,Life Insurance Producer,Mississippi Insurance Exams,Mississippi Insurance License Practice Test,,The Waiver of Premium provision in a life policy guarantees that the:,insurance company will waive premiums whenever the policy's cash value is sufficient to cover its cost,insurance company will pay premiums for the duration of a disability after a predetermined waiting period,insured will receive a predetermined amount of money for each week the insured is hospitalized,insured may increase the face amount of the policy without providing evidence of insurability,,,,B,"<h2>insurance company will pay premiums for the duration of a disability after a predetermined waiting period.</h2>  
The Waiver of Premium provision in a life insurance policy ensures that if the insured becomes disabled and unable to work, the insurance company will cover the premium payments for the duration of the disability after a specified waiting period, allowing the policy to remain in force without additional financial burden on the insured.

<b>A) insurance company will waive premiums whenever the policy's cash value is sufficient to cover its cost</b>  
This option incorrectly states that premiums are waived based on the policy's cash value. The Waiver of Premium provision is specifically tied to the insured's disability status, not the cash value of the policy. Therefore, cash value does not play a role in determining premium payments under this provision.

<b>B) insurance company will pay premiums for the duration of a disability after a predetermined waiting period</b>  
This is the correct answer. The Waiver of Premium provision activates when the insured becomes disabled, allowing the insurance company to take over premium payments after a specified waiting period, ensuring the policy remains active despite the insured's inability to work.

<b>C) insured will receive a predetermined amount of money for each week the insured is hospitalized</b>  
This choice describes a different benefit typically associated with hospital or disability income insurance, not the Waiver of Premium provision. The Waiver of Premium does not provide direct financial compensation for hospitalization; rather, it addresses premium payment responsibilities during disability.

<b>D) insured may increase the face amount of the policy without providing evidence of insurability</b>  
This option refers to a different feature, often known as the guaranteed insurability rider. It allows the insured to increase coverage without medical underwriting but is not related to the Waiver of Premium provision, which focuses solely on premium payment during disability.

<b>Conclusion</b>  
The Waiver of Premium provision in life insurance policies is a crucial safety net for policyholders who become disabled, allowing them to maintain their coverage without incurring additional costs during a period of financial hardship. Unlike the other options which address different aspects of policy benefits, this provision specifically ensures that premiums are paid by the insurer while the insured is disabled, reinforcing the policy's value during critical times.",,Regular,
Insurance Exams,Life Insurance Producer,Mississippi Insurance Exams,Mississippi Insurance Questions,,Which of the following conditions is typical of a Major Medical policy?,It contains limited surgical schedules.,It contains a deductible and coinsurance.,Its benefits for doctors' visits are limited.,Its benefits are paid only for in-hospital confinements.,,,,B,"<h2>It contains a deductible and coinsurance.</h2>  
Major Medical policies are designed to provide extensive coverage for a variety of healthcare services, typically incorporating both a deductible and coinsurance. This structure helps to manage out-of-pocket costs for policyholders while still offering substantial benefits for a wide range of medical needs.

<b>A) It contains limited surgical schedules.</b>  
Limited surgical schedules are more characteristic of basic health insurance plans rather than Major Medical policies. Major Medical insurance aims to provide comprehensive coverage, which often includes a broad range of surgical procedures without stringent limitations, ensuring that patients can access necessary surgical care.

<b>C) Its benefits for doctors' visits are limited.</b>  
In contrast to limited benefit plans, Major Medical policies generally offer extensive coverage for outpatient services, including doctors' visits. These policies are structured to minimize restrictions and facilitate access to a wider array of healthcare services, making them more favorable for routine and preventive care.

<b>D) Its benefits are paid only for in-hospital confinements.</b>  
This statement describes a more restrictive type of insurance coverage, often associated with hospital-only plans. Major Medical policies are designed to cover a variety of healthcare services beyond hospital admissions, including outpatient care, prescription medications, and preventive services, thus promoting a holistic approach to health management.

<b>Conclusion</b>  
Major Medical policies are characterized by their inclusion of deductibles and coinsurance, facilitating cost-sharing between the insurer and the insured while providing extensive coverage for a range of medical services. Other options presented either reflect limited coverage attributes or focus solely on in-hospital services, which do not align with the comprehensive nature of Major Medical insurance. This comprehensive structure is crucial for individuals seeking robust protection against high medical costs.",,Regular,
Insurance Exams,Life Insurance Producer,Mississippi Insurance Exams,Mississippi Insurance License Practice Test,,Insurance company employees MUST be licensed if they:,perform administrative services on a salaried basis,solicit potential clients for producers,act as service representatives,"rate, inspect, or classify risks",,,,B,"<h2>Insurance company employees MUST be licensed if they solicit potential clients for producers.</h2>  
Licensing is required for employees who engage in activities that involve soliciting clients, as this directly pertains to the selling of insurance products. This regulation ensures that those representing insurance companies have the necessary knowledge and qualifications to inform and assist potential clients effectively.

<b>A) perform administrative services on a salaried basis</b>  
Administrative services typically involve support roles that do not require direct interaction with clients regarding insurance products. Employees in these positions handle tasks such as data entry or office management, which do not necessitate a license since they do not engage in selling or soliciting insurance.

<b>C) act as service representatives</b>  
Service representatives generally assist clients by providing information and support regarding existing policies rather than soliciting new business. While they play a crucial role in customer service, their functions do not involve the solicitation of clients, which is the key factor that mandates licensing.

<b>D) rate, inspect, or classify risks</b>  
Rating, inspecting, or classifying risks pertains to the assessment of potential insurance policies rather than the solicitation of new clients. These activities are important for underwriting processes but do not involve selling or promoting insurance, thus not requiring a license.

<b>Conclusion</b>  
The requirement for insurance company employees to be licensed is specifically tied to their role in soliciting potential clients for producers. Among the choices provided, only option B directly involves client solicitation, making it the only scenario where licensing is legally mandated. Understanding these distinctions is crucial for compliance within the insurance industry and for ensuring that clients receive informed and competent service.",,Regular,
Insurance Exams,Life Insurance Producer,Mississippi Insurance Exams,Mississippi Insurance Questions,,A policy becomes a Modified Endowment Contract (MEC) when:,too much premium is paid in the initial policy's years,premium payments are skipped and the policy lapses,more than one life is covered by the policy,a Settlement option is selected to provide lifetime income,,,,A,"<h2>A policy becomes a Modified Endowment Contract (MEC) when too much premium is paid in the initial policy's years.</h2>  
A Modified Endowment Contract (MEC) is designated when the premium payments exceed the limits set by the IRS, specifically during the first seven years of the policy. This classification alters the tax treatment of the policy, particularly concerning loans and withdrawals.

<b>A) too much premium is paid in the initial policy's years</b>  
When a policyholder pays excessive premiums in the early years, it triggers the MEC status, which limits the tax advantages typically associated with life insurance. This situation occurs when the cumulative premiums exceed the IRS's seven-pay test, which is designed to prevent the use of life insurance as a short-term investment vehicle.

<b>B) premium payments are skipped and the policy lapses</b>  
If premium payments are missed and a policy lapses, it does not automatically result in MEC status. Instead, a lapsed policy simply becomes inactive, and the coverage ceases without any tax implications related to MEC designation, as there are no premiums being paid to analyze.

<b>C) more than one life is covered by the policy</b>  
Covering multiple lives under a single policy does not affect its MEC status. The classification is primarily determined by premium payment levels relative to the death benefit, not by the number of insured individuals. Thus, the presence of multiple lives does not inherently change the tax treatment of the policy.

<b>D) a Settlement option is selected to provide lifetime income</b>  
Choosing a settlement option for lifetime income does not influence whether a policy is classified as a MEC. Settlement options pertain to how benefits are paid out, and while they can have tax implications, they do not affect the premium payment structure that determines MEC status.

<b>Conclusion</b>  
A policy becomes a Modified Endowment Contract primarily due to excessive premium payments in the early years, which alters its tax treatment. Other factors, such as missed premium payments, multiple insured lives, or selected settlement options, do not impact this classification. Understanding the implications of MEC status is crucial for policyholders to navigate the tax consequences effectively.",,Regular,
Insurance Exams,Life Insurance Producer,Mississippi Insurance Exams,Mississippi Insurance License Practice Test,,"Under federal law, a tax exempt Health Savings Account can only be opened for an individual who is:",covered by a qualified High Deductible Health Plan,covered by Long Term Care Insurance,entitled to Medicare benefits,eligible to be claimed as a dependent on another person's tax return,,,,A,"<h2>Under federal law, a tax exempt Health Savings Account can only be opened for an individual who is covered by a qualified High Deductible Health Plan.</h2>  
To qualify for a Health Savings Account (HSA), individuals must be enrolled in a qualified High Deductible Health Plan (HDHP), which allows them to contribute pre-tax dollars to save for eligible medical expenses. This requirement ensures that the tax benefits of an HSA are linked to the specific type of health insurance coverage.

<b>A) covered by a qualified High Deductible Health Plan</b>  
This choice accurately represents the federal requirement for opening an HSA. Individuals must have an HDHP to be eligible for an HSA, making this the essential criterion for establishing one.

<b>B) covered by Long Term Care Insurance</b>  
Long Term Care Insurance does not meet the criteria for HSA eligibility, as HSAs are specifically designed for individuals with a qualified HDHP. While Long Term Care Insurance serves a distinct purpose, it does not provide the necessary health coverage required to establish an HSA.

<b>C) entitled to Medicare benefits</b>  
Individuals who are entitled to Medicare benefits are not eligible to contribute to an HSA. Once an individual enrolls in Medicare, they can no longer be covered by an HDHP, which disqualifies them from opening or contributing to an HSA.

<b>D) eligible to be claimed as a dependent on another person's tax return</b>  
Being eligible to be claimed as a dependent does not automatically qualify an individual for an HSA. The key factor is the type of health insurance coverage, specifically the requirement of being covered by a qualified HDHP, rather than the individual's dependency status on a tax return.

<b>Conclusion</b>  
To open a tax-exempt Health Savings Account under federal law, an individual must be covered by a qualified High Deductible Health Plan. This provision ensures that only those with specific health insurance coverage can benefit from the tax advantages associated with HSAs, while other options like Long Term Care Insurance, Medicare benefits, or dependency status do not fulfill the necessary criteria.",,Regular,
Insurance Exams,Life Insurance Producer,Mississippi Insurance Exams,Mississippi Insurance Questions,,"Under an individual Major Medical policy, a married policyholder with family coverage will remain in force even in the event of being disabled should purchase which of the following riders?",Accidental Death and Dismemberment (AD&D),Double Indemnity,Waiver of Premium,Guaranteed Insurability,,,,C,"<h2>Waiver of Premium rider allows a disabled policyholder to keep their Major Medical policy in force without paying premiums.</h2>  
This rider is specifically designed to ensure that if a policyholder becomes disabled, they do not have to continue making premium payments to keep their health insurance coverage active. This is particularly important for maintaining family coverage during periods of financial strain due to disability.

<b>A) Accidental Death and Dismemberment (AD&D)</b>  
The AD&D rider provides additional benefits in the event of accidental death or severe injury resulting in dismemberment. While it enhances a policy by offering extra coverage for specific accidents, it does not address the payment of premiums during a disability. Therefore, it does not ensure the continuity of the Major Medical policy in the event of a disability.

<b>B) Double Indemnity</b>  
The Double Indemnity rider typically pays out double the face value of the policy in cases of accidental death. Like the AD&D rider, it does not pertain to premium payments. This rider is focused solely on enhancing death benefits rather than providing financial relief regarding ongoing premium obligations during a disability.

<b>C) Waiver of Premium</b>  
This rider is essential for a disabled policyholder as it allows them to waive premium payments while keeping their coverage active. This feature is crucial for maintaining family coverage without financial stress caused by the inability to work due to a disability.

<b>D) Guaranteed Insurability</b>  
The Guaranteed Insurability rider allows policyholders to purchase additional coverage at specified times without needing to provide evidence of insurability. While beneficial for expanding coverage, it does not address the issue of premium payments during disability, thus failing to ensure the policy remains in force during such circumstances.

<b>Conclusion</b>  
For a married policyholder with family coverage who may face disability, the Waiver of Premium rider is vital for maintaining their Major Medical policy without the burden of ongoing premium payments. Other riders, while providing valuable benefits, do not specifically address this critical need, making the Waiver of Premium the most relevant choice for ensuring continued coverage during disability.",,Regular,
Insurance Exams,Life Insurance Producer,Mississippi Insurance Exams,Mississippi Insurance License Practice Test,,Which of the following statements about a five-year-old Whole Life policy is CORRECT?,"If a policyowner stops paying premiums, the policyowner may elect a Nonforfeiture option.","If the insurance company discovers a misrepresentation on the application, they may rescind the policy.",The Contestable period cannot begin again even if the policy is reinstated.,"If extra premiums were charged for special risks, cash and Nonforfeiture option values increased accordingly.",,,,A,"<h2>If a policyowner stops paying premiums, the policyowner may elect a Nonforfeiture option.</h2>  
A five-year-old Whole Life policy allows the policyholder to choose a Nonforfeiture option if premiums are no longer paid, thereby preserving some value of the policy even after termination of premium payments.

<b>A) If a policyowner stops paying premiums, the policyowner may elect a Nonforfeiture option.</b>  
This statement is correct as it reflects the provisions of Whole Life policies, which include options such as reduced paid-up insurance or extended term insurance. These options allow the policyholder to retain some benefits from the policy despite ceasing premium payments.

<b>B) If the insurance company discovers a misrepresentation on the application, they may rescind the policy.</b>  
While it is true that misrepresentation can lead to rescission, this typically applies during the contestability period, which lasts for the first two years of the policy. After this period, the insurer generally cannot rescind the policy based on misrepresentation, making this statement incorrect for a five-year-old policy.

<b>C) The Contestable period cannot begin again even if the policy is reinstated.</b>  
This statement is misleading. The contestable period is specific to the initial issuance of the policy and does not reset upon reinstatement. Thus, once the original contestable period has passed, it does not apply again, making this choice incorrect.

<b>D) If extra premiums were charged for special risks, cash and Nonforfeiture option values increased accordingly.</b>  
While extra premiums for special risks may increase the death benefit, they do not necessarily correlate with an increase in cash values or Nonforfeiture options. Cash values are determined by the policy's overall structure rather than additional premium charges, rendering this statement incorrect.

<b>Conclusion</b>  
In summary, the correct statement regarding a five-year-old Whole Life policy is that the policyowner may elect a Nonforfeiture option if premiums are stopped. This reflects an important feature of Whole Life policies that protects the policyholder's investment. The other statements either misinterpret the conditions of the policy or do not apply after the contestable period, underscoring the significance of understanding policy provisions and their implications over time.",,Regular,
Insurance Exams,Life Insurance Producer,Mississippi Insurance Exams,Mississippi Insurance Questions,,An exclusion found in a life policy may limit the insurance company's liability if death occurs as a result of:,civil disobedience,homicide,an automobile accident,a non-commercial aviation accident,,,,D,"<h2>A non-commercial aviation accident.</h2>  
Exclusions in life insurance policies often limit coverage for specific high-risk activities, and a non-commercial aviation accident typically falls into this category. Such exclusions exist because flying, especially in non-commercial settings, carries inherent risks that insurers may not be willing to cover.

<b>A) Civil disobedience</b>  
Civil disobedience generally refers to the act of intentionally breaking the law to protest government policy. While it can lead to dangerous situations, it is not typically classified as a risk that life insurance policies explicitly exclude. Insurers usually cover deaths resulting from civil disobedience unless specific actions within that context are named as exclusions.

<b>B) Homicide</b>  
Homicide, or the act of one person killing another, is not typically excluded from life insurance coverage. In fact, policies often specify that if the insured is murdered, the designated beneficiaries may still receive the death benefit, although some policies may impose restrictions if the insured was complicit in their own death.

<b>C) An automobile accident</b>  
Automobile accidents are generally covered by life insurance policies, as they are common and insurable events. While insurers may have certain stipulations regarding reckless driving or driving under the influence, the majority of automobile-related deaths do not fall within the realm of exclusions.

<b>D) A non-commercial aviation accident</b>  
Non-commercial aviation accidents are often excluded from life insurance coverage due to the elevated risks associated with flying in private planes or during recreational flights. This exclusion reflects the insurance industry's assessment of risk and liability in high-risk activities.

<b>Conclusion</b>  
Life insurance policies may contain exclusions that limit liability in cases of high-risk activities. Among the provided options, a non-commercial aviation accident is the most likely to be explicitly excluded from coverage, reflecting the inherent dangers associated with private flying. Other scenarios, such as homicide and automobile accidents, typically do not fall under these exclusions, allowing beneficiaries to receive coverage in such instances.",,Regular,
Insurance Exams,Life Insurance Producer,Mississippi Insurance Exams,Mississippi Insurance License Practice Test,,Which of the following statements is CORRECT about Medicare?,It is a medical assistance program.,It is a hospital and medical expense insurance program.,It provides benefits to totally disabled persons only.,Its Part A provides payment for physicians' bills.,,,,B,"<h2>Medicare is a hospital and medical expense insurance program.</h2>  
Medicare is primarily designed to provide health insurance coverage to individuals aged 65 and older, as well as certain younger individuals with disabilities. It encompasses various parts that cover different aspects of healthcare, including hospital stays and outpatient services.

<b>A) It is a medical assistance program.</b>  
This statement is incorrect because Medicare is not classified as a medical assistance program; rather, it is an insurance program. Medical assistance programs, such as Medicaid, are designed to assist individuals with low income and limited resources, while Medicare is based on age and certain disability criteria.

<b>C) It provides benefits to totally disabled persons only.</b>  
This choice is misleading as Medicare does provide benefits to individuals who are totally disabled, but it is not limited to this group. The program primarily serves seniors aged 65 and older, and those under 65 with specific disabilities may also qualify, making this statement incomplete.

<b>D) Its Part A provides payment for physicians' bills.</b>  
This statement is incorrect because Medicare Part A primarily covers inpatient hospital services, skilled nursing facilities, hospice care, and some home health care, but it does not cover outpatient physician bills. Physician services are typically covered under Medicare Part B.

<b>Conclusion</b>  
Understanding Medicare's structure is crucial for recognizing its role in the healthcare system. It serves as a hospital and medical expense insurance program, providing essential coverage for millions of Americans. The other options incorrectly categorize its purpose or scope, emphasizing the importance of knowing the distinctions between Medicare and other assistance programs.",,Regular,
Insurance Exams,Life Insurance Producer,Mississippi Insurance Exams,Mississippi Insurance Questions,,A producer who collects money for payment to the insurance company is:,binding coverage,engaging in malfeasance,commingling funds,acting in a fiduciary capacity,,,,D,"<h2>Acting in a fiduciary capacity.</h2>  
A producer who collects money for payment to the insurance company is fulfilling a fiduciary role, which involves managing someone else's money with trust and responsibility. This duty requires the producer to act in the best interests of their clients while ensuring that the funds are properly handled and delivered to the insurance provider.

<b>A) Binding coverage</b>  
Binding coverage refers to the action of officially securing an insurance policy for a client, which may involve agreeing to terms and conditions. While this might be a responsibility of a producer, it does not pertain to the act of collecting money for payment, making it an unrelated choice in the context of the question.

<b>B) Engaging in malfeasance</b>  
Malfeasance indicates wrongdoing or illegal activity conducted by a person in a position of authority. Collecting payment for insurance does not imply any wrongdoing; rather, it is a standard and legitimate part of the producer's role, thus making this option incorrect.

<b>C) Commingling funds</b>  
Commingling funds refers to the improper mixing of a producer's personal funds with client funds, which is against fiduciary principles. Collecting money for insurance payments must be done in a manner that maintains clear boundaries between personal and client funds, rendering this option unsuitable in describing the producer's actions.

<b>D) Acting in a fiduciary capacity</b>  
This option accurately describes the producer's role in handling clients' payments to the insurance company. A fiduciary is expected to act in the best interests of their clients, ensuring that funds are managed appropriately and ethically, which is precisely what the producer is doing when collecting payments.

<b>Conclusion</b>  
Producers have a critical responsibility when collecting payments for insurance, as they operate in a fiduciary capacity. This role requires them to manage client funds diligently, ensuring that these funds reach the insurance company while upholding the trust placed in them by their clients. Understanding this responsibility is essential for maintaining ethical standards within the insurance industry.",,Regular,
Insurance Exams,Life Insurance Producer,Mississippi Insurance Exams,Mississippi Insurance License Practice Test,,The Time of Payment of Claims provision states that the intervals between Disability Income benefit payments may NOT exceed:,two weeks,one month,three months,six months,,,,B,"<h2>The Time of Payment of Claims provision states that the intervals between Disability Income benefit payments may NOT exceed one month.</h2>
This provision ensures that individuals receiving Disability Income benefits are not left without financial support for extended periods, promoting timely assistance in their times of need.

<b>A) two weeks</b>  
While two weeks may seem reasonable for certain payments, the standard interval set by the Time of Payment of Claims provision for Disability Income benefits is actually one month. Thus, while shorter intervals could be advantageous, they do not align with the established regulation.

<b>B) one month</b>  
This is the correct answer, as the provision explicitly states that payment intervals must not exceed one month. This ensures that beneficiaries receive their payments in a consistent and timely manner, which is crucial for maintaining financial stability during periods of disability.

<b>C) three months</b>  
Three months exceeds the maximum allowable interval specified in the Time of Payment of Claims provision. Allowing such a long duration between payments would create unnecessary financial strain for beneficiaries, countering the purpose of providing timely assistance.

<b>D) six months</b>  
Six months is significantly beyond the limit set by the provision. Such an extended interval would be impractical and detrimental to those relying on Disability Income benefits, making this option clearly incorrect.

<b>Conclusion</b>  
The Time of Payment of Claims provision mandates that Disability Income benefit payments occur no less frequently than once a month. This regulation is designed to ensure that beneficiaries receive support in a timely manner, preventing undue hardship. The other options, while they may represent shorter or longer intervals, do not comply with the established standard and therefore are not valid choices.",,Regular,
Insurance Exams,Life Insurance Producer,Mississippi Insurance Exams,Mississippi Insurance Questions,,A full-time employee who is suffering from chronic kidney failure and requires dialysis is eligible for medical coverage under which of the following plans?,Medicaid,Medicare,Workers' Compensation,Social Security Disability benefits,,,,B,"<h2>Medicare provides medical coverage for full-time employees suffering from chronic kidney failure who require dialysis.</h2>  
Medicare is a federal health insurance program that specifically covers individuals with end-stage renal disease (ESRD), including those who require dialysis. This eligibility allows patients to receive necessary medical services and treatments essential for managing their condition.

<b>A) Medicaid</b>  
Medicaid is a state and federal program designed to assist low-income individuals and families with medical expenses. While it can cover some individuals with chronic conditions, it is not specifically designed for those with end-stage renal disease, nor is it primarily for full-time employees. Thus, it does not guarantee coverage for dialysis for this specific demographic.

<b>B) Medicare</b>  
Medicare is the appropriate coverage for individuals with chronic kidney failure, regardless of their employment status. Those diagnosed with end-stage renal disease typically qualify for Medicare benefits, which include coverage for dialysis treatments and related medical care. This makes it the most relevant option for the scenario presented.

<b>C) Workers' Compensation</b>  
Workers' Compensation is intended to cover medical expenses and lost wages for employees who are injured or become ill due to their job. Chronic kidney failure and the need for dialysis do not typically arise from workplace injuries or conditions, making this option inapplicable for such a medical situation.

<b>D) Social Security Disability benefits</b>  
While Social Security Disability benefits provide financial support to those unable to work due to a disability, they do not directly cover medical expenses like dialysis. Although individuals with chronic kidney failure may qualify for these benefits, this option does not specifically address the medical coverage needed for treatment.

<b>Conclusion</b>  
In summary, Medicare is the essential coverage for full-time employees suffering from chronic kidney failure requiring dialysis. It provides the necessary medical benefits tailored to individuals with end-stage renal disease. Other options, including Medicaid, Workers' Compensation, and Social Security Disability benefits, either do not provide health coverage or are not specifically designed to accommodate the medical needs of individuals in this situation.",,Regular,
Insurance Exams,Life Insurance Producer,Mississippi Insurance Exams,Mississippi Insurance License Practice Test,,For which of the following losses would an insurance company MOST likely pay benefits under an Accidental Death and Dismemberment policy?,Loss of life due to a heart attack,Loss of eyesight due to an accidental injury,Loss of the spleen due to an accidental injury,Partial paralysis due to a stroke,,,,B,"<h2>Loss of eyesight due to an accidental injury.</h2>  
An Accidental Death and Dismemberment (AD&D) policy provides benefits specifically for losses that result from accidental injuries. The loss of eyesight due to an accidental injury falls squarely within the coverage of such a policy, as it is a direct consequence of an accident.

<b>A) Loss of life due to a heart attack</b>  
This scenario involves a medical condition rather than an accidental event. AD&D policies typically do not cover deaths resulting from natural causes like heart attacks, as these are not classified as accidents.

<b>B) Loss of eyesight due to an accidental injury</b>  
This choice represents a clear case of accidental injury leading to a specific loss. Under AD&D policies, the loss of eyesight directly caused by an accident qualifies for benefits, making it the correct answer.

<b>C) Loss of the spleen due to an accidental injury</b>  
While the loss of the spleen may result from an accident, AD&D policies often have specific definitions of covered losses. The spleen does not typically fall under the more common categories of dismemberment, which usually include limbs or senses like eyesight.

<b>D) Partial paralysis due to a stroke</b>  
Partial paralysis resulting from a stroke is classified as a medical condition, not an accident. Since AD&D policies are designed to cover only accidental injuries, this scenario would not be eligible for benefits.

<b>Conclusion</b>  
AD&D policies are specifically tailored to cover losses resulting from accidental injuries, making the loss of eyesight due to an accidental injury the only valid option among the provided choices. Other scenarios involve natural causes or medical issues, which are excluded from coverage under such policies. Understanding the distinction between accidental injuries and other types of losses is crucial when assessing insurance benefits.",,Regular,
Insurance Exams,Life Insurance Producer,Mississippi Insurance Exams,Mississippi Insurance Questions,,The Misstatement of Age provision in an Accident and Health policy allows an insurance company to take which of the following actions if an insured has understated the insured's age on the policy application?,Increase the premium,Adjust the benefits,Lapse the coverage,Cancel the policy,,,,B,"<h2>Adjust the benefits.</h2>  
If an insured has understated their age on the policy application, the Misstatement of Age provision allows the insurance company to adjust the benefits to reflect the correct age of the insured. This ensures that the benefits provided align more accurately with the risk associated with the insured's actual age.

<b>A) Increase the premium</b>  
Increasing the premium is not a permitted action under the Misstatement of Age provision. While age can influence premium calculations, the policy specifically allows for benefit adjustments rather than premium alterations when age discrepancies are discovered. Premium adjustments typically follow different underwriting processes unrelated to age misstatements.

<b>C) Lapse the coverage</b>  
Lapsing coverage is not an action that can be taken solely due to a misstatement of age. The Misstatement of Age provision is designed to maintain coverage while making necessary adjustments to benefits. Lapsing coverage would imply a failure to pay premiums or other policy violations that are not directly tied to age misrepresentation.

<b>D) Cancel the policy</b>  
Canceling the policy is also not an action allowed under the Misstatement of Age provision. This provision aims to correct inaccuracies related to age without terminating the coverage. A cancellation would typically occur due to more serious violations or noncompliance with policy terms, which is not applicable in cases of age misstatement alone.

<b>Conclusion</b>  
The Misstatement of Age provision in Accident and Health policies serves to ensure equitable adjustments in benefits rather than punitive measures such as increased premiums, coverage lapses, or policy cancellations. When an insured understates their age, the insurance company can adjust the benefits accordingly, allowing the policy to remain in force while accurately reflecting the risk associated with the actual age of the insured. This mechanism upholds the integrity of the policy and the insurer's obligation to provide appropriate coverage.",,Regular,
Insurance Exams,Life Insurance Producer,Mississippi Insurance Exams,Mississippi Insurance License Practice Test,,Which of the following items requires that an insurance application state that an investigative consumer report may be obtained on a prospective insured?,Fair Credit Reporting Act,Entire Contract provision,Individual Standard Provision law,Medical Information Bureau (MIB) authorization,,,,A,"<h2>Fair Credit Reporting Act</h2>  
The Fair Credit Reporting Act (FCRA) mandates that consumers be informed when an investigative consumer report may be obtained, ensuring transparency in the use of personal information for insurance applications. This requirement helps protect consumer rights and promotes fair treatment in the insurance process.

<b>A) Fair Credit Reporting Act</b>  
This act explicitly requires that insurance applications inform prospective insureds about the potential use of investigative consumer reports. It aims to give individuals awareness and control over the collection and sharing of their personal information, thereby ensuring compliance with privacy standards.

<b>B) Entire Contract provision</b>  
The Entire Contract provision relates to the completeness of the insurance policy and states that the contract consists of the application and the policy itself. While it emphasizes the importance of written agreements, it does not specifically address the disclosure of investigative consumer reports or consumer rights regarding such information.

<b>C) Individual Standard Provision law</b>  
This law refers to specific regulations governing standard provisions included in individual health insurance policies. While it standardizes certain policy elements, it does not encompass the requirements related to investigative consumer reports as outlined by the Fair Credit Reporting Act.

<b>D) Medical Information Bureau (MIB) authorization</b>  
MIB authorization pertains to the sharing of medical information among insurance companies to assess risk. While it does involve the gathering of personal health data, it does not require specific disclosure regarding investigative consumer reports on insurance applications.

<b>Conclusion</b>  
The Fair Credit Reporting Act is the key legislation requiring that insurance applications inform applicants about the potential for obtaining investigative consumer reports. Understanding this regulation is crucial for both consumers and insurers to ensure adherence to privacy rights and maintain transparency in the insurance process. Other options presented do not fulfill this specific requirement, highlighting the unique role of the FCRA in consumer protection within the insurance industry.",,Regular,
Insurance Exams,Life Insurance Producer,Mississippi Insurance Exams,Mississippi Insurance Questions,,A student airplane pilot may buy life insurance at a regular price if the policy that is purchased contains:,an Aviation Exclusion,a Guaranteed Insurability rider,a Hazardous Occupation Exclusion,an Accidental Death Benefit rider,,,,A,"<h2>An Aviation Exclusion.</h2>  
Many life insurance policies categorize certain high-risk activities, such as flying, as exclusions to coverage. However, if a pilot purchases a policy with an Aviation Exclusion, the insurer does not charge a higher premium for the policy, making it available at a regular price.

<b>A) an Aviation Exclusion</b>  
An Aviation Exclusion specifically acknowledges the risks associated with flying and allows the insurer to offer a policy to pilots at regular pricing, as it limits coverage during aviation activities. This allows pilots to obtain life insurance without the increased costs associated with their occupation.

<b>B) a Guaranteed Insurability rider</b>  
A Guaranteed Insurability rider allows the policyholder to purchase additional coverage at specified times without undergoing further medical underwriting. However, this rider does not directly affect the base premium of the policy. Thus, it does not provide the same pricing benefits as an Aviation Exclusion for pilots.

<b>C) a Hazardous Occupation Exclusion</b>  
A Hazardous Occupation Exclusion typically increases the risk for insurers by excluding coverage for deaths related to specific high-risk occupations. This would likely lead to higher premiums rather than allowing pilots to buy insurance at regular prices.

<b>D) an Accidental Death Benefit rider</b>  
An Accidental Death Benefit rider provides an additional payout if the insured dies as a result of an accident. While useful, it does not impact the initial pricing of the policy, especially in the context of a pilot's aviation activities, where specific exclusions are necessary to maintain regular pricing.

<b>Conclusion</b>  
For a student airplane pilot, obtaining life insurance at a regular price is feasible only with an Aviation Exclusion, which acknowledges the inherent risks of flying without imposing higher premiums. The other options either do not influence the premium structure or could lead to increased costs, making them unsuitable for achieving regular pricing in this context.",,Regular,
Insurance Exams,Life Insurance Producer,Mississippi Insurance Exams,Mississippi Insurance License Practice Test,,Accident and health policy benefits are payable for newborn children beginning at which of the following times?,At birth,10 days after birth,15 days after birth,31 days after birth,,,,A,"<h2>Accident and health policy benefits are payable for newborn children at birth.</h2>  
Newborn children are typically covered under accident and health insurance policies from the moment of birth, ensuring immediate access to medical care and benefits. This provision is crucial for the health and well-being of newborns, as it allows for timely medical interventions if necessary.

<b>A) At birth</b>  
This option accurately reflects the standard policy coverage for newborns, which begins immediately upon their arrival. Health insurance policies generally recognize the birth event as the starting point for coverage, ensuring that newborns receive essential medical care without delay.

<b>B) 10 days after birth</b>  
This option is incorrect because it suggests a delay in benefits coverage for newborns, which is not typical in most accident and health insurance policies. Coverage starting 10 days after birth would leave newborns vulnerable during a critical period for health assessments and potential medical needs.

<b>C) 15 days after birth</b>  
Similar to option B, this choice incorrectly implies that benefits commence 15 days post-birth. Such a timeframe would not align with standard practices in health insurance, where immediate coverage is necessary to address the urgent health needs that can arise in the early days of a newborn's life.

<b>D) 31 days after birth</b>  
This option is also incorrect, as it suggests a significantly delayed coverage period. A 31-day wait for benefits would be contrary to the principle of ensuring prompt medical attention for newborns, which is critical for their health and development.

<b>Conclusion</b>  
In conclusion, accident and health insurance policies provide immediate benefits for newborn children starting at birth. This coverage is vital for addressing any health concerns that may arise immediately after delivery, ensuring that newborns have access to necessary care from the outset. Options suggesting delayed coverage do not align with standard insurance practices and could jeopardize the health of newborns during a vulnerable time.",,Regular,
Insurance Exams,Life Insurance Producer,Mississippi Insurance Exams,Mississippi Insurance Questions,,"Before holding a hearing that may lead to suspension or revocation of a producer's license, the Commissioner of Insurance MUST give:",oral notice to the producer,written notice to the producer,oral notice to the producer's insurance company,written notice to the producer's insurance company,,,,B,"<h2>Written notice to the producer is required before a hearing that may lead to suspension or revocation of a producer's license.</h2>  
The law mandates that the Commissioner of Insurance provide written notice to the producer prior to holding a hearing on potential license suspension or revocation. This ensures that the producer is adequately informed and has the opportunity to prepare for the hearing.

<b>A) Oral notice to the producer</b>  
Oral notice does not fulfill the legal requirement for informing the producer about a hearing that could impact their license. Written notice is necessary to provide a formal record and ensure that the producer receives clear and documented communication regarding the proceedings.

<b>B) Written notice to the producer</b>  
This is the correct choice, as it complies with legal requirements. Providing written notice guarantees that the producer has a documented reference of the hearing details, thus allowing them sufficient time to respond and prepare their case effectively. 

<b>C) Oral notice to the producer's insurance company</b>  
Notifying the producer's insurance company orally is insufficient and does not meet the requirement stipulated by law. The focus must be on the producer themselves, who is directly affected by the potential license action, rather than their insurance company.

<b>D) Written notice to the producer's insurance company</b>  
While written notice to the insurance company may be informative, it does not meet the legal requirement for notifying the producer. The primary obligation is to inform the producer in writing, ensuring they have the necessary information to respond to the hearing.

<b>Conclusion</b>  
In cases involving potential license suspension or revocation, the Commissioner of Insurance must provide written notice to the producer. This requirement upholds the producer's rights and ensures they are properly informed about the hearing process, allowing for a fair opportunity to present their case. Oral notifications or notices directed to the insurance company do not satisfy the legal standards set forth for these proceedings.",,Regular,
Insurance Exams,Life Insurance Producer,Mississippi Insurance Exams,Mississippi Insurance License Practice Test,,"In Mississippi, a foreign insurance company is a company that is:",formed under the laws of Mississippi,formed under the laws of a state other than Mississippi,formed under the laws of a country other than the United States,not authorized to do business in Mississippi,,,,B,"<h2>In Mississippi, a foreign insurance company is a company that is formed under the laws of a state other than Mississippi.</h2>  
A foreign insurance company is defined as one that is incorporated or formed in a different state from where it operates. In this context, Mississippi law specifically identifies such companies as ""foreign"" because they originate from outside the state's jurisdiction.

<b>A) formed under the laws of Mississippi</b>  
This choice describes a domestic insurance company, which is one that is established under the laws of Mississippi itself. Since the question specifically asks about a foreign insurance company, this option does not apply, as it contradicts the definition of ""foreign.""

<b>C) formed under the laws of a country other than the United States</b>  
While this choice may suggest an international context, it does not accurately reflect the term ""foreign insurance company"" within the regulatory framework of Mississippi. A foreign insurance company is primarily one that is based in a different U.S. state rather than another country.

<b>D) not authorized to do business in Mississippi</b>  
This choice describes a company that lacks the necessary licensing or authorization to operate in Mississippi, which does not align with the definition of a foreign insurance company. A foreign company can be authorized to conduct business in Mississippi but is still considered ""foreign"" based on its formation in another state.

<b>Conclusion</b>  
A foreign insurance company in Mississippi is precisely defined as one that is formed under the laws of a state other than Mississippi. This distinction is crucial for regulatory purposes, as it clarifies the company's legal status and compliance requirements within the state. Understanding this classification helps in navigating the regulatory landscape for insurance providers operating across state lines.",,Regular,
Insurance Exams,Life Insurance Producer,Mississippi Insurance Exams,Mississippi Insurance Questions,,Which of the following statements is CORRECT about a Disability Income policy with a Guaranteed Insurability rider?,The insurance company guarantees the premium rate for the life of the policy.,The insured must periodically provide proof of insurability to the insurance company.,The insured may periodically increase the amount of benefits payable under the policy.,The insurance company must exchange the original policy for a new one at the insurability date.,,,,C,"<h2>The insured may periodically increase the amount of benefits payable under the policy.</h2>  
A Disability Income policy with a Guaranteed Insurability rider allows the insured to increase their benefit amounts at specified intervals without having to provide proof of insurability. This feature ensures that individuals can adjust their coverage in response to changing financial needs or life circumstances, enhancing the policy's flexibility.

<b>A) The insurance company guarantees the premium rate for the life of the policy.</b>  
While some policies may offer level premium rates, the Guaranteed Insurability rider does not specifically guarantee that premiums will remain unchanged for the duration of the policy. Premiums may still be subject to changes based on the insurer's underwriting guidelines or other factors unrelated to the rider itself.

<b>B) The insured must periodically provide proof of insurability to the insurance company.</b>  
This statement is incorrect because the primary benefit of the Guaranteed Insurability rider is that it allows the insured to increase their coverage without needing to provide proof of insurability. This feature is designed to simplify the process of obtaining higher benefits, particularly if the insured's health status changes.

<b>D) The insurance company must exchange the original policy for a new one at the insurability date.</b>  
This choice misrepresents how the Guaranteed Insurability rider functions. Instead of requiring an exchange of the original policy, the rider allows for an increase in benefits under the existing policy. The insured does not need to obtain a new policy; they simply adjust the coverage as specified by the terms of the rider.

<b>Conclusion</b>  
The Guaranteed Insurability rider in a Disability Income policy specifically enables the insured to periodically enhance their benefits without undergoing the proof of insurability process. This feature provides valuable flexibility tailored to the insured's evolving financial needs. In contrast, the other options inaccurately describe the terms and functions of the rider, highlighting important distinctions in insurance policy features.",,Regular,
Insurance Exams,Life Insurance Producer,Mississippi Insurance Exams,Mississippi Insurance License Practice Test,,"If the initial premium does not accompany an application for insurance, the producer MUST take which of the following actions when delivering the policy?",Collect the initial premium and complete the inspection report,Collect the initial premium and verify the applicant's continued good health,Collect the initial premium in compliance with the provisions of federal Fair Credit Reporting Act,Obtain the beneficiary's approval of the policy,,,,B,"<h2>Collect the initial premium and verify the applicant's continued good health.</h2>  
In insurance practices, when the initial premium is not submitted with the application, it is essential for the producer to collect this premium upon policy delivery and confirm that the applicant remains in good health since underwriting decisions may be based on the applicant's current health status.

<b>A) Collect the initial premium and complete the inspection report</b>  
While collecting the initial premium is necessary, completing an inspection report is not a mandatory action required when delivering the policy. Inspection reports are typically part of the underwriting process and not directly related to the policy delivery itself.

<b>B) Collect the initial premium and verify the applicant's continued good health</b>  
This option accurately reflects the required actions of the producer. Upon delivering the policy, the producer must collect the initial premium and ensure that the applicant's health status has not changed since the application submission. This verification is critical to uphold the terms of the insurance contract.

<b>C) Collect the initial premium in compliance with the provisions of federal Fair Credit Reporting Act</b>  
While compliance with federal laws is crucial, the Fair Credit Reporting Act primarily pertains to the use of consumer credit information and does not specifically govern the collection of the initial premium or the actions required during policy delivery. 

<b>D) Obtain the beneficiary's approval of the policy</b>  
Obtaining the beneficiary's approval is not a standard requirement when delivering an insurance policy. The insured party typically does not need the beneficiary's consent at the time of policy delivery, as the policy is a contract between the insurer and the insured.

<b>Conclusion</b>  
In summary, when an initial premium is absent from the application for insurance, the producer must ensure the collection of the premium and verify the applicant's continued good health to comply with underwriting requirements. This process helps maintain the integrity of the insurance agreement and protects both the insurer and the insured from potential discrepancies related to health changes.",,Regular,
Insurance Exams,Life Insurance Producer,Mississippi Insurance Exams,Mississippi Insurance Questions,,Making false statements about the financial condition of another insurance company is called:,fraud,defamation,twisting,misrepresentation,,,,B,"<h2>Making false statements about the financial condition of another insurance company is called defamation.</h2>  
Defamation involves making false statements that harm the reputation of another entity, which in this case refers specifically to misrepresenting the financial condition of an insurance company. Such actions can lead to legal repercussions and damage to the targeted company's standing in the industry.

<b>A) fraud</b>  
Fraud refers to the intentional deception made for personal gain or to harm another party, typically involving financial transactions or contracts. While making false statements can be part of fraudulent activities, fraud encompasses a broader range of deceptive practices beyond merely harming another's reputation.

<b>B) defamation</b>  
Defamation specifically pertains to false statements that damage someone's reputation. In the context of insurance, making inaccurate claims about another company's financial status directly fits this definition, as it aims to undermine that company's credibility in the marketplace.

<b>C) twisting</b>  
Twisting is a term used in the insurance industry to describe the unethical practice of persuading a policyholder to replace their insurance policy with a new one, often through misleading comparisons. While twisting involves misrepresentation, it does not specifically relate to making false statements about another company's financial condition.

<b>D) misrepresentation</b>  
Misrepresentation involves providing false or misleading information, but it refers more broadly to any context of false claims. While it can include defaming another company, it does not specifically capture the essence of damaging someone's reputation through false statements.

<b>Conclusion</b>  
Defamation is the appropriate term for making false statements about another entity's financial condition, as it directly relates to harming that entity's reputation. While fraud, twisting, and misrepresentation involve elements of deception, they do not specifically address the reputational damage aspect inherent in defamation. Understanding these distinctions is crucial for navigating legal and ethical considerations in the insurance industry.",,Regular,
Insurance Exams,Life Insurance Producer,Mississippi Insurance Exams,Mississippi Insurance License Practice Test,,"Which of the following statements about the federal income tax law in relation to $100,000 worth of group Term Life insurance coverage through an employer-sponsored plan?",Employees must not pay tax on premiums paid by an employer.,"Employees must pay tax on the premiums for the first $50,000 of group Term Life coverage.",An employer can deduct a premium for tax purposes only if the employer is also the beneficiary of the insurance.,Death benefits are income tax free to named beneficiaries.,,,,D,"<h2>Death benefits are income tax free to named beneficiaries.</h2>  
Under federal income tax law, death benefits received from a group term life insurance policy are generally not subject to income tax for the beneficiaries. This tax exemption applies as long as the proceeds are paid directly to the beneficiaries named in the policy, ensuring financial support without additional tax burdens.

<b>A) Employees must not pay tax on premiums paid by an employer.</b>  
While it is true that employees do not pay tax on premiums paid by their employer for coverage up to $50,000, this statement does not fully capture the implications of federal tax law regarding life insurance. Specifically, the tax treatment only applies to the premiums for coverage below this threshold; any excess may be taxable to employees.

<b>B) Employees must pay tax on the premiums for the first $50,000 of group Term Life coverage.</b>  
This statement is misleading. Employees do not pay taxes on premiums for the first $50,000 of group term life insurance coverage provided by their employer. Instead, the IRS allows this amount to be excluded from taxable income, making it a common benefit for employees.

<b>C) An employer can deduct a premium for tax purposes only if the employer is also the beneficiary of the insurance.</b>  
Employers can deduct premiums for group term life insurance regardless of whether they are the beneficiary or not. The IRS allows employers to deduct the cost of providing this benefit as a business expense, which is not contingent upon the beneficiary status.

<b>Conclusion</b>  
The federal income tax law allows named beneficiaries of group term life insurance policies to receive death benefits free from income tax, providing financial relief to families without the burden of additional taxation. Other statements regarding employee tax liabilities and employer deductions do not accurately reflect the tax treatment of such insurance, underscoring the importance of understanding these distinctions for both employers and employees.",,Regular,
Insurance Exams,Life Insurance Producer,Mississippi Insurance Exams,Mississippi Insurance Questions,,Which of the following statements is generally CORRECT about a major medical policy?,"It provides benefits for in-hospital expenses only, subject to policy limits.","It contains more limitations than a Basic Hospital, Medical, or Surgical policy.",It contains a 30-day Elimination period for losses due to sickness.,"It provides benefits for reasonable and necessary medical expenses, subject to policy limits.",,,,D,"<h2>It provides benefits for reasonable and necessary medical expenses, subject to policy limits.</h2>  
Major medical policies are designed to cover a wide range of medical expenses that are deemed reasonable and necessary for treatment, while also adhering to specific policy limits. This ensures that policyholders receive adequate coverage for significant health-related costs.

<b>A) It provides benefits for in-hospital expenses only, subject to policy limits.</b>  
This statement is incorrect because major medical policies typically cover a broader range of medical expenses, not just in-hospital costs. They encompass outpatient services, preventive care, and other necessary treatments, making this choice too restrictive.

<b>B) It contains more limitations than a Basic Hospital, Medical, or Surgical policy.</b>  
While major medical policies can have certain limitations, they generally offer more comprehensive coverage compared to basic policies, which often have numerous exclusions and lower benefit limits. Thus, this statement misrepresents the nature of major medical coverage.

<b>C) It contains a 30-day Elimination period for losses due to sickness.</b>  
This assertion is misleading, as major medical policies do not universally impose a standard elimination period for sickness-related claims. Some policies may have waiting periods, but these vary widely and are not a defining feature of all major medical plans.

<b>Conclusion</b>  
Major medical policies are structured to provide extensive coverage for reasonable and necessary medical expenses, ensuring that individuals can access various healthcare services. While they may have specific policy limits, they are characterized by their comprehensive approach to health care, distinguishing them from basic policies that often offer limited protection. Understanding these features is essential for individuals seeking adequate health insurance coverage.",,Regular,
Insurance Exams,Life Insurance Producer,Mississippi Insurance Exams,Mississippi Insurance License Practice Test,,An Immediate Annuity will have:,an increasing premium,a decreasing premium,a single premium,a level premium,,,,C,"<h2>An Immediate Annuity will have a single premium.</h2>  
An Immediate Annuity is typically funded by a one-time payment, known as a single premium, which provides the annuitant with immediate income payments. This structure allows the annuitant to receive regular payments without the need for ongoing contributions.

<b>A) an increasing premium</b>  
An increasing premium suggests a payment structure where the amount paid into the annuity grows over time. However, Immediate Annuities are characterized by a lump-sum payment at the outset, not fluctuating payments, making this choice incorrect.

<b>B) a decreasing premium</b>  
A decreasing premium would imply that the amount paid into the annuity diminishes over time. This is not applicable to Immediate Annuities, which rely on a single, upfront payment rather than a series of decreasing payments, thereby invalidating this option.

<b>C) a single premium</b>  
Immediate Annuities are funded by a one-time, upfront payment, referred to as a single premium. This premium is converted into an immediate stream of payments, distinguishing it from other types of annuities that may require ongoing contributions or multiple payments.

<b>D) a level premium</b>  
A level premium indicates consistent, regular payments made over time. While some annuities do use level premiums, Immediate Annuities are specifically funded by a single payment, making this choice incorrect in the context of Immediate Annuities.

<b>Conclusion</b>  
Immediate Annuities are defined by their structure of being funded through a single premium, allowing for immediate payouts to the annuitant. Unlike other annuity types that may involve ongoing payments or varying premium structures, the single premium ensures that the annuitant receives a set income stream without additional contributions. Understanding this distinction is crucial for evaluating different annuity products and their respective payment structures.",,Regular,
Insurance Exams,Life Insurance Producer,Mississippi Insurance Exams,Mississippi Insurance Questions,,A doctor who is receiving Disability Income benefits is not able to return to work full-time but continues practicing on a part-time basis. Which of the following policy features would allow the doctor to continue receiving benefits?,A Residual Benefit clause,A Contingent Benefit clause,A Concurrent Benefit clause,A Guaranteed Insurability rider,,,,A,"<h2>A Residual Benefit clause</h2>  
A Residual Benefit clause allows individuals receiving Disability Income benefits to maintain partial benefits if they are able to work part-time while still being considered disabled. This feature is crucial for those transitioning back into the workforce, as it provides financial support during their recovery.

<b>A) A Residual Benefit clause</b>  
This clause is specifically designed to support insured individuals who can return to work on a reduced schedule due to their disability. It enables them to receive a portion of their disability benefits proportional to their reduced earnings, thus allowing continued financial security while they gradually reintegrate into full-time work.

<b>B) A Contingent Benefit clause</b>  
A Contingent Benefit clause typically provides benefits under specific conditions or events but does not directly support those who return to work part-time. This clause is not designed to cater to individuals transitioning back into the workforce while still needing disability support.

<b>C) A Concurrent Benefit clause</b>  
A Concurrent Benefit clause allows for the receipt of benefits from multiple policies simultaneously but does not address the situation where an individual is partially returning to work. This feature does not provide any financial support for part-time work scenarios for those receiving disability income.

<b>D) A Guaranteed Insurability rider</b>  
A Guaranteed Insurability rider allows policyholders to purchase additional coverage without undergoing medical underwriting, but it does not relate to the continuation of benefits while working part-time. This rider is more focused on future insurability rather than providing support during a partial return to work.

<b>Conclusion</b>  
In summary, the Residual Benefit clause is essential for individuals like the doctor who are unable to return to work full-time but can work part-time. It ensures that they receive necessary financial assistance while they adjust to their work capacity, contrasting with the other options that do not provide this specific support.",,Regular,
Insurance Exams,Life Insurance Producer,New York Insurance Exams,New York Insurance Practice Test,,An insured owns a whole life policy that has accumulated cash value. Which of the following statements is true about the policy's cash value?,The policy's cash value is viewed as investment growth and therefore subject to taxation for each calendar year.,The growth of the policy's cash value is not subject to income tax while the policy is in force.,It is subject to fluctuations of the company's overall performance.,The cash value is not guaranteed.,,,,B,"<h2>The growth of the policy's cash value is not subject to income tax while the policy is in force.</h2>  
The cash value of a whole life insurance policy grows on a tax-deferred basis as long as the policy remains in force. This means that policyholders can accumulate value without immediate tax implications, allowing for more effective financial planning.

<b>A) The policy's cash value is viewed as investment growth and therefore subject to taxation for each calendar year.</b>  
While the cash value does grow, it is not considered taxable income until it is withdrawn or the policy is surrendered. During the life of the policy, the cash value accumulates on a tax-deferred basis, which means the growth is not taxed annually.

<b>C) It is subject to fluctuations of the company's overall performance.</b>  
The cash value of a whole life policy typically grows at a guaranteed rate set by the insurance company rather than fluctuating with the company's performance. While some policies may offer additional dividends based on company performance, the guaranteed cash value grows steadily regardless of fluctuations.

<b>D) The cash value is not guaranteed.</b>  
In a whole life policy, the cash value is indeed guaranteed to grow at a certain rate established by the insurer. This contrasts with other types of policies, such as variable life insurance, where cash value can vary based on investment performance. Whole life policies provide a stable growth component.

<b>Conclusion</b>  
The cash value of a whole life insurance policy represents a unique financial asset that grows tax-deferred and is guaranteed to increase over time. Understanding the tax advantages and growth guarantees associated with these policies allows policyholders to make informed financial decisions. Options A, C, and D misrepresent the nature of the cash value, which is designed to provide stable growth and security throughout the life of the policy.",,Regular,
Insurance Exams,Life Insurance Producer,New York Insurance Exams,New York Insurance Exam Review,,"Which kind of retirement plan can a 1,500-employee for-profit corporation establish?",401(k).,403(b).,Keogh.,Simplified Employee Pension Plan.,,,,A,"<h2>A) 401(k).</h2>  
A 401(k) plan is a retirement savings plan that is specifically designed for employees of for-profit corporations and allows both the employer and employees to contribute to individual accounts, which can grow tax-deferred until withdrawal.

<b>A) 401(k).</b>  
This option is the correct choice as it is the most common retirement plan available to employees of for-profit businesses. A 401(k) allows for pre-tax contributions, which can significantly reduce taxable income for employees while providing a robust savings vehicle for retirement.

<b>B) 403(b).</b>  
A 403(b) plan is designed for employees of non-profit organizations and certain public sector employees, such as teachers and hospital workers. Since the question specifies a for-profit corporation, this type of plan is not applicable.

<b>C) Keogh.</b>  
Keogh plans are retirement plans specifically for self-employed individuals and unincorporated businesses. As the question pertains to a for-profit corporation with employees, this type of plan does not fit the scenario, making it an incorrect choice.

<b>D) Simplified Employee Pension Plan.</b>  
While a Simplified Employee Pension Plan (SEP) can be established by for-profit corporations, it is typically used by smaller businesses or self-employed individuals. Given the context of a 1,500-employee corporation, a 401(k) is a more suitable and popular option for larger companies.

<b>Conclusion</b>  
In summary, a 401(k) plan is the most appropriate retirement plan for a 1,500-employee for-profit corporation, allowing both employer and employee contributions while providing tax benefits. Other options like 403(b), Keogh plans, and SEP plans do not align with the structure and needs of a large for-profit organization, reinforcing the suitability of the 401(k) as the best choice.",,Regular,
Insurance Exams,Life Insurance Producer,New York Insurance Exams,New York Insurance Practice Test,,"If the premium is not paid at the time of application, a Statement of Good Health MUST be signed by the policyowner at the time of",the medical examination.,underwriter review.,policy delivery.,application.,,,,C,"<h2>A Statement of Good Health MUST be signed by the policyowner at the time of policy delivery.</h2>  
When the premium is not paid at the time of application, the insurance company requires a Statement of Good Health to ensure that the applicant is still in good health before the policy is finalized and delivered. This statement is an important safeguard for the insurer, confirming that there have been no changes in the applicant's health status since the application was submitted.

<b>A) the medical examination.</b>  
A medical examination occurs prior to the issuance of a policy and is primarily for underwriting purposes. At this stage, the insurer is assessing the applicant's health but does not require a Statement of Good Health since the policy has not yet been delivered.

<b>B) underwriter review.</b>  
During the underwriter review, the insurance company evaluates the application, medical examination results, and other relevant information to assess risk. The requirement for a Statement of Good Health arises after this review, specifically at the time of policy delivery if the premium hasn't been paid.

<b>C) policy delivery.</b>  
This is the correct answer; a Statement of Good Health is required at the time of policy delivery if the premium was not paid initially. This ensures that the insurer is protected against any changes in the applicant's health before the policy goes into effect.

<b>D) application.</b>  
At the time of application, no Statement of Good Health is necessary since the policy has not yet been issued. The application process itself does not finalize the insurance coverage, which is why this statement is not required until delivery.

<b>Conclusion</b>  
In insurance practices, a Statement of Good Health is a crucial document that confirms an applicant's health status at the critical moment of policy delivery, especially when the premium has not been paid upfront. This requirement serves to protect both the insurer and the insured, ensuring that the policy reflects the current health condition of the policyowner.",,Regular,
Insurance Exams,Life Insurance Producer,New York Insurance Exams,New York Insurance Exam Review,,"For licensing purposes, the producer's principal place of business in any state, territory of the United States, or the District of Columbia determines the producer's",license renewal date.,home state.,insurance transaction site.,territory.,,,,B,"<h2>The producer's principal place of business determines the producer's home state.</h2>  
The home state of a producer is defined as the state where the producer has established their principal place of business. This designation is crucial for licensing purposes, as it governs the jurisdiction under which the producer operates and is licensed.

<b>A) License renewal date.</b>  
The license renewal date pertains to the specific timeline and requirements for maintaining an active producer's license, which may vary by state. While the home state influences the licensing process, it does not directly dictate the renewal dates, which are established by state regulations and individual licensing authorities.

<b>C) Insurance transaction site.</b>  
The insurance transaction site refers to the physical or electronic location where insurance transactions occur, which can vary based on the specific circumstances of each transaction. While the principal place of business may influence where transactions can be conducted, it does not definitively define a singular transaction site, as transactions can happen in multiple locations.

<b>D) Territory.</b>  
Territory typically refers to the geographical area in which a producer is authorized to operate or write insurance policies. Although the home state is important, it does not encompass the entirety of the territories in which a producer may conduct business. Territories can be broader and involve multiple states, making this option too vague in relation to the specific definition of home state.

<b>Conclusion</b>  
The principal place of business is essential for defining a producer's home state, which is a key factor in obtaining and maintaining a producer's license. Other options such as license renewal date, insurance transaction site, and territory do not accurately reflect the implications of the principal place of business in licensing contexts. Understanding this distinction helps clarify regulatory frameworks in the insurance industry.",,Regular,
Insurance Exams,Life Insurance Producer,New York Insurance Exams,New York Insurance Practice Test,,Which of the following guarantees the annuitant CANNOT outlive their benefits?,Right of survivorship.,Guaranteed lifetime withdrawal benefits.,Guaranteed minimum accumulation benefit.,Simple income rider.,,,,B,"<h2>Guaranteed lifetime withdrawal benefits ensure the annuitant CANNOT outlive their benefits.</h2>  
These benefits provide the annuitant with a guaranteed income for life, regardless of how long they live or the performance of the underlying investments. This feature protects against the risk of outliving one's resources, making it a crucial aspect of certain annuity products.

<b>A) Right of survivorship.</b>  
The right of survivorship pertains to the ownership and transfer of assets upon death, rather than guaranteeing income during the annuitant's lifetime. It allows co-owners of an account or property to inherit the assets directly, but does not address the issue of income security for the annuitant, nor does it ensure that benefits cannot be outlived.

<b>B) Guaranteed lifetime withdrawal benefits.</b>  
This option guarantees that the annuitant will receive a specified amount of income for as long as they live, regardless of market conditions or how long they live. This feature specifically protects against longevity risk, ensuring that benefits will continue for the annuitant's lifetime, thus preventing the possibility of outliving their income.

<b>C) Guaranteed minimum accumulation benefit.</b>  
This benefit guarantees a minimum value that the annuity will accumulate over time, but it does not ensure that the annuitant will receive income for life. While it provides some security regarding the investment's growth, it does not directly correlate with lifetime income provisions, and thus does not prevent the risk of outliving benefits.

<b>D) Simple income rider.</b>  
A simple income rider may provide additional income, but it typically does not guarantee payments for the lifetime of the annuitant. It may offer a fixed income stream, but without the lifetime guarantee aspect, the annuitant could run out of funds if they live longer than expected, leaving them vulnerable to outliving their benefits.

<b>Conclusion</b>  
Guaranteed lifetime withdrawal benefits are unique in their ability to ensure that an annuitant cannot outlive their benefits, providing financial security throughout their lifetime. Other choices, while offering various forms of financial protection or income, do not offer the same assurance of lifelong benefits, leaving the annuitant potentially exposed to the risk of living longer than their financial resources can sustain.",,Regular,
Insurance Exams,Life Insurance Producer,New York Insurance Exams,New York Insurance Exam Review,,Which premium payment mode typically results in the lowest overall cost for a life insurance policy?,Monthly,Quarterly,Semi-Annually,Annually,,,,D,"<h2>Annually</h2>  
Paying premiums annually generally results in the lowest overall cost for a life insurance policy because it minimizes the number of transactions and administrative costs associated with processing payments. Insurance companies often provide discounts for policyholders who pay the full premium upfront rather than in installments.

<b>A) Monthly</b>  
Monthly premium payments lead to higher overall costs because insurers typically charge additional fees to cover the increased administrative burden. Each monthly transaction incurs processing costs, which accumulate over the policy's term, resulting in a higher total premium compared to annual payments.

<b>B) Quarterly</b>  
Similar to monthly payments, quarterly payments also incur additional fees and processing costs that can increase the total premium. While less frequent than monthly payments, quarterly payments still do not benefit from the discounts that come with annual payments, leading to a higher overall cost.

<b>C) Semi-Annually</b>  
Semi-annual payments strike a balance between frequency and cost but still tend to be more expensive than annual payments. The administrative fees associated with processing two payments a year can add up, making this option less economical compared to paying the entire premium in one lump sum annually.

<b>D) Annually</b>  
Paying annually avoids the extra fees associated with more frequent payments, as it involves a single transaction. Insurance companies often offer discounts for this payment mode, making it the most cost-effective option over the long term.

<b>Conclusion</b>  
Choosing the annual payment mode for life insurance premiums typically results in the lowest overall cost due to fewer transactions and the potential for discounts. In contrast, monthly, quarterly, and semi-annual payment modes incur additional fees that increase the total premium paid over time. Thus, opting for annual payments not only simplifies the payment process but also enhances cost efficiency.",,Regular,
Insurance Exams,Life Insurance Producer,New York Insurance Exams,New York Insurance Practice Test,,"With respect to a life settlement contract, no person shall directly or indirectly pay a referral or finders fee to any person other than the",owner's physician,insurance consultant,owner's accountant,life settlement broker,,,,D,"<h2>With respect to a life settlement contract, no person shall directly or indirectly pay a referral or finders fee to any person other than the life settlement broker.</h2>  
In life settlement contracts, the payment of referral or finders fees is specifically restricted to life settlement brokers, who are licensed professionals responsible for facilitating the transaction between policy owners and buyers. This regulation ensures that fees are handled transparently and within the legal framework governing life settlements.

<b>A) owner's physician</b>  
The owner's physician is not permitted to receive referral or finders fees in life settlement transactions, as their role is primarily medical and does not involve facilitating or brokering the sale of the life insurance policy. Allowing such payments could lead to conflicts of interest and ethical concerns regarding patient care and financial incentives.

<b>B) insurance consultant</b>  
Insurance consultants provide advice regarding insurance products and strategies but are not authorized to receive referral or finders fees in life settlement contracts. Their role does not include brokering the sale of the policy, which is exclusively designated to licensed life settlement brokers, ensuring compliance with regulatory standards.

<b>C) owner's accountant</b>  
An owner's accountant may assist in financial planning and tax implications related to life insurance policies but is not allowed to receive referral or finders fees. Similar to physicians and consultants, accountants do not engage in the transactional activities required in life settlements, thereby excluding them from receiving such compensation.

<b>D) life settlement broker</b>  
Life settlement brokers are specifically authorized to receive referral or finders fees, as they are licensed professionals who facilitate life settlement transactions. Their expertise ensures compliance with laws governing these contracts and protects the interests of both policy owners and buyers in the market.

<b>Conclusion</b>  
In life settlement contracts, referral or finders fees can only be paid to licensed life settlement brokers, ensuring that all transactions are conducted legally and ethically. This rule prevents potential conflicts of interest and protects the integrity of the settlement process, while other parties—such as physicians, consultants, and accountants—are excluded from receiving such fees due to their non-brokering roles.",,Regular,
Insurance Exams,Life Insurance Producer,New York Insurance Exams,New York Insurance Exam Review,,A single premium immediate annuity is MOST often used for,retirement income.,children's college expenses.,mortgage payments.,vacation expenses.,,,,A,"<h2>A single premium immediate annuity is MOST often used for retirement income.</h2>  
Immediate annuities are financial products designed to provide a steady stream of income, typically utilized by individuals during retirement to ensure financial stability. By converting a lump sum of money into regular payments, retirees can manage their expenses more effectively and maintain their standard of living.

<b>A) retirement income.</b>  
This option accurately reflects the primary purpose of a single premium immediate annuity, which is to provide consistent income to individuals during their retirement years. It caters specifically to those looking to secure financial resources post-employment, allowing them to cover living expenses, healthcare, and other costs associated with aging.

<b>B) children's college expenses.</b>  
While funding children's education is a significant financial goal, a single premium immediate annuity is not typically designed for this purpose. Instead, parents often use savings accounts, 529 plans, or education savings accounts to accumulate funds for college costs, which are better suited for long-term growth rather than immediate income.

<b>C) mortgage payments.</b>  
Using a single premium immediate annuity for mortgage payments is not common practice. Mortgages require regular payments over time, and an immediate annuity would not provide the necessary structure or flexibility for managing fluctuating payment obligations associated with a mortgage, which can last for many years.

<b>D) vacation expenses.</b>  
Although vacations are often planned for leisure, a single premium immediate annuity is not typically used for such discretionary spending. Vacation expenses usually require more fluid financial management and are generally funded through savings or current income, rather than a structured income stream that an annuity provides.

<b>Conclusion</b>  
In summary, a single premium immediate annuity is primarily employed for retirement income, providing retirees with a reliable source of funds to meet their ongoing financial needs. Other options, such as college expenses, mortgage payments, and vacation costs, do not leverage the structured payout nature of annuities effectively, making them less suitable for these financial goals.",,Regular,
Insurance Exams,Life Insurance Producer,New York Insurance Exams,New York Insurance Practice Test,,All of the following are considered a risk EXCEPT the,nature of the insured's occupation.,amount the insured charges for services.,location of the insured's business.,proximity of the insured's location to emergency services.,,,,B,"<h2>Amount the insured charges for services.</h2>  
The amount charged for services by the insured is typically a factor of their pricing strategy and market conditions, rather than a direct risk factor in insurance assessments. Insurance risks are more closely associated with the operational environment and characteristics of the insured's occupation, location, and access to emergency services.

<b>A) Nature of the insured's occupation.</b>  
The nature of the insured's occupation is a critical risk factor, as certain professions inherently carry higher risks due to the nature of the work performed. For example, occupations involving hazardous materials or physical labor may present a greater likelihood of accidents or injuries, influencing the insurance premium and coverage terms.

<b>C) Location of the insured's business.</b>  
The location of the insured's business is another significant risk factor, as it can affect exposure to various hazards, such as crime rates, environmental conditions, and proximity to natural disaster zones. A business located in a high-risk area may face higher insurance costs due to the increased likelihood of claims.

<b>D) Proximity of the insured's location to emergency services.</b>  
Proximity to emergency services plays a role in risk assessment, as businesses that are closer to fire departments, medical facilities, and police stations may experience lower risk levels. This proximity can lead to faster response times in emergencies, reducing potential damages and claims, thus influencing the underwriting process.

<b>Conclusion</b>  
In insurance assessments, the nature of the insured's occupation, business location, and access to emergency services are all considered risk factors that can impact premiums and coverage. However, the amount charged for services is a reflection of the insured's business strategy rather than a risk factor in itself. Understanding these distinctions helps in accurately evaluating insurance needs and liabilities.",,Regular,
Insurance Exams,Life Insurance Producer,New York Insurance Exams,New York Insurance Exam Review,,Policy proceeds can be obtained in a lump sum and invested to create,a Cleanup Fund.,a Readjustment Fund.,a Viafical Settlement.,an Estate.,,,,D,Policy proceeds invested in a lump sum can create an estate for the beneficiary. Cleanup Fund (A) covers final expenses. Readjustment Fund (B) aids survivors' transition. Viatical Settlement (C) involves selling a policy during the insured's life.,,Regular,
Insurance Exams,Life Insurance Producer,New York Insurance Exams,New York Insurance Practice Test,,The general enrollment period for Medicare Part B ends on,March 31.,May 31.,June 30.,December 31.,,,,A,"<h2>March 31.</h2>  
The general enrollment period for Medicare Part B runs from January 1 to March 31 each year, concluding on the last day of March. During this time, individuals can enroll in Part B without facing penalties or delays in coverage.

<b>A) March 31.</b>  
This date marks the official end of the general enrollment period for Medicare Part B, providing a clear deadline for individuals who did not sign up during their initial enrollment phase. Enrolling by this date ensures that coverage begins on July 1 of the same year.

<b>B) May 31.</b>  
May 31 is incorrect as it falls outside the established enrollment period for Medicare Part B. The general enrollment period is strictly set from January 1 to March 31, and any enrollment after this date would fall under different conditions or possible late penalties.

<b>C) June 30.</b>  
June 30 is also incorrect because it is beyond the March 31 deadline for the general enrollment period. Enrollment attempts made after March 31 may face penalties or may not be processed until the next enrollment period, which does not include June.

<b>D) December 31.</b>  
December 31 is incorrect as it does not pertain to the general enrollment period for Medicare Part B. This date is associated with the open enrollment period for Medicare Advantage and prescription drug plans rather than Part B enrollment.

<b>Conclusion</b>  
The general enrollment period for Medicare Part B concludes on March 31, allowing individuals who missed their initial enrollment the opportunity to join without penalties. Understanding these dates is crucial for timely enrollment and maintaining healthcare coverage, as missing the deadline can lead to complications in obtaining necessary services.",,Regular,
Insurance Exams,Life Insurance Producer,New York Insurance Exams,New York Insurance Exam Review,,"Under a multiple protection policy, the policy that pays on the death of the last person is called",a universal life policy.,a survivorship life policy.,a joint life policy.,an annuity life policy.,,,,B,"<h2>A survivorship life policy.</h2>  
A survivorship life policy is specifically designed to pay out upon the death of the last insured individual covered under the policy. This type of policy is commonly utilized in estate planning, ensuring that the death benefit is available to beneficiaries after both insured parties have passed away.

<b>A) A universal life policy.</b>  
A universal life policy is a type of permanent life insurance that offers flexible premiums and a cash value component. However, it does not specifically cater to the scenario where the death benefit is paid only after the last insured's death; rather, it provides coverage for individual lives as long as premiums are paid.

<b>B) A survivorship life policy.</b>  
This is the correct choice. A survivorship life policy is structured to provide a death benefit only after both insured individuals have died. It is particularly advantageous for couples or business partners who wish to protect their heirs or ensure financial stability after both parties are deceased.

<b>C) A joint life policy.</b>  
A joint life policy provides coverage for two individuals, but it pays out upon the death of the first insured person. This means that once one party passes away, the policy terminates and no further benefits are paid, which differs significantly from the survivorship policy's provisions.

<b>D) An annuity life policy.</b>  
An annuity life policy is a financial product designed to provide regular payments to the policyholder, typically after retirement, rather than providing a death benefit. It does not relate to death payouts and is primarily focused on income generation during the policyholder's lifetime.

<b>Conclusion</b>  
A survivorship life policy is unique in that it pays a death benefit only after the last of the insured individuals has died, making it an effective tool for estate planning and providing financial security for beneficiaries. In contrast, the other options either cater to individual life insurance needs or focus on income generation, thus failing to meet the specific criteria outlined in the question.",,Regular,
Insurance Exams,Life Insurance Producer,New York Insurance Exams,New York Insurance Practice Test,,What is a certificate of authority?,A document indicating an insurer's membership in the guarantee fund.,The approval by the department of insurance for an insurer to use its advertising.,The license required for an insurer to conduct business in the state.,An insurer's contract with its agents.,,,,C,"<h2>The license required for an insurer to conduct business in the state.</h2>  
A certificate of authority is a legal document issued by a state's insurance department that grants an insurer the right to operate and provide insurance services within that state. This certificate is essential for compliance with state regulations and ensures that the insurer meets all necessary requirements to conduct business.

<b>A) A document indicating an insurer's membership in the guarantee fund.</b>  
This option refers to a different type of documentation that confirms an insurer's participation in a state guarantee fund, which protects policyholders in the event of an insurer's insolvency. While important, it is not the certificate of authority, which specifically pertains to the ability to conduct business.

<b>B) The approval by the department of insurance for an insurer to use its advertising.</b>  
This choice describes a separate process where an insurer must receive approval for its marketing materials to ensure compliance with state regulations. This approval is not the same as the certificate of authority, which focuses on the broader scope of conducting insurance business.

<b>C) The license required for an insurer to conduct business in the state.</b>  
This is the correct answer, as it accurately defines the certificate of authority. It is essential for insurers to obtain this license before they can legally sell insurance products or services in any given state, ensuring they adhere to regulatory standards.

<b>D) An insurer's contract with its agents.</b>  
This option pertains to the agreements that an insurer has with its agents for selling insurance policies. While such contracts are crucial for the operation of an insurance company, they do not relate to the certificate of authority, which is specifically about licensing to operate in the state.

<b>Conclusion</b>  
A certificate of authority is vital for insurers, as it serves as the official license allowing them to conduct business legally within a state. This ensures regulatory compliance and consumer protection. Other documents and approvals, while important in the insurance process, do not fulfill the specific role of the certificate of authority. Understanding this distinction is crucial for navigating the regulatory landscape of the insurance industry.",,Regular,
Insurance Exams,Life Insurance Producer,New York Insurance Exams,New York Insurance Exam Review,,A single premium immediate annuity is MOST often used for,retirement income.,children's college expenses.,mortgage payments.,vacation expenses.,,,,A,"<h2>A single premium immediate annuity is MOST often used for retirement income.</h2>  
Single premium immediate annuities provide a guaranteed stream of income, typically for retirees, making them an excellent choice for ensuring financial stability during retirement. This product allows individuals to convert a lump sum of money into regular payments for a specified period or for the rest of their lives.

<b>A) retirement income.</b>  
This choice is correct because single premium immediate annuities are specifically designed to provide a reliable income stream for individuals during retirement. By converting a lump sum into regular payments, retirees can ensure they have a consistent source of income to cover living expenses and maintain their standard of living.

<b>B) children's college expenses.</b>  
While some may consider using annuities for future financial needs, single premium immediate annuities are not typically designed for education funding. College expenses often require flexibility and accessibility to funds, which immediate annuities do not provide due to their structured payout schedule.

<b>C) mortgage payments.</b>  
Using a single premium immediate annuity to cover mortgage payments is generally impractical. Mortgages require continuous payments over time, and an annuity's fixed payout might not align with the fluctuating costs or payment schedules associated with a mortgage, making this option less viable.

<b>D) vacation expenses.</b>  
Annuities are not typically used for temporary or discretionary expenses like vacations, as they are meant to provide long-term income stability. This choice lacks the financial structure necessary for managing short-term expenses, which are better served by other forms of savings or investment.

<b>Conclusion</b>  
Single premium immediate annuities primarily serve to provide retirement income, making them an ideal financial product for individuals seeking consistent cash flow after leaving the workforce. Other choices, while potentially relevant in different contexts, do not align with the primary purpose of immediate annuities, emphasizing their role in securing financial stability during retirement years.",,Regular,
Insurance Exams,Life Insurance Producer,New York Insurance Exams,New York Insurance Practice Test,,Which nonforfeiture option allows the policyowner to purchase less coverage for life?,Reduced Paid-Up Insurance.,Cash Surrender Value.,Settlement Value.,Extended Term.,,,,A,"<h2>Reduced Paid-Up Insurance allows the policyowner to purchase less coverage for life.</h2>  
This nonforfeiture option enables the policyholder to use the policy's cash value to buy a reduced amount of paid-up insurance, ensuring continued coverage without requiring premium payments.

<b>A) Reduced Paid-Up Insurance</b>  
This option allows the policyholder to convert their existing policy into a new policy with a lower face value, effectively purchasing a reduced amount of insurance coverage that remains in force for the life of the insured. It is a strategic choice for those who wish to maintain some level of insurance protection without ongoing premium payments.

<b>B) Cash Surrender Value</b>  
The cash surrender value represents the amount the policyholder receives if they choose to cancel the policy. This option does not provide any life coverage; instead, it terminates the policy and pays out the accumulated cash value. Therefore, it does not allow for any continued insurance coverage at all.

<b>C) Settlement Value</b>  
Settlement value refers to the amount payable to the beneficiaries upon the death of the insured, usually specified in the policy terms. This option does not allow policyholders to purchase reduced coverage; rather, it is simply the final benefit amount paid to beneficiaries, dependent on the policy's original terms.

<b>D) Extended Term</b>  
The extended term option uses the policy's cash value to convert it into term insurance for the same face amount but for a limited period. While it provides temporary coverage at the same face amount, it does not reduce the coverage amount; instead, it maintains the original face value for a specified term.

<b>Conclusion</b>  
Among the nonforfeiture options, Reduced Paid-Up Insurance is the only choice that allows the policyowner to maintain life insurance coverage while reducing the face value of the policy. The other options—Cash Surrender Value, Settlement Value, and Extended Term—either terminate coverage or do not provide a mechanism for purchasing less coverage. This makes the Reduced Paid-Up Insurance option particularly valuable for policyholders seeking to retain some form of coverage without ongoing costs.",,Regular,
Insurance Exams,Life Insurance Producer,New York Insurance Exams,New York Insurance Exam Review,,Which of the following qualified plans is an employer-sponsored IRA?,Simple Employee Pension Plan (SEP),Key-employee plan,Tax-Sheltered Annuities,Deferred Compensation,,,,A,"<h2>Simple Employee Pension Plan (SEP) is an employer-sponsored IRA.</h2>  
A SEP is a type of retirement plan that allows employers to make contributions to traditional IRAs set up for employees, making it a qualified plan under the Internal Revenue Code. This structure enables both employer contributions and employee tax-deferred growth, functioning distinctly as an employer-sponsored IRA.

<b>A) Simple Employee Pension Plan (SEP)</b>  
This option correctly identifies a plan that allows employers to contribute to IRAs on behalf of employees, thus qualifying it as an employer-sponsored IRA. The SEP plan is designed to help small businesses provide retirement benefits to their employees, aligning with IRS guidelines for employer contributions.

<b>B) Key-employee plan</b>  
A key-employee plan typically refers to non-qualified deferred compensation arrangements designed to provide benefits to select high-level employees. Unlike SEPs, these plans do not involve IRAs and are not governed by the same rules, meaning they do not qualify as employer-sponsored IRAs.

<b>C) Tax-Sheltered Annuities</b>  
Tax-Sheltered Annuities (TSAs), also known as 403(b) plans, are retirement plans for certain employees of public schools and tax-exempt organizations. While they offer tax advantages, they operate under different regulations than IRAs and do not qualify as employer-sponsored IRAs per the definition of qualified plans.

<b>D) Deferred Compensation</b>  
Deferred compensation plans are arrangements where an employee earns wages but agrees to receive them at a later date, often linked to retirement. These plans are generally non-qualified and do not involve IRAs, thus disqualifying them as employer-sponsored IRAs under IRS regulations.

<b>Conclusion</b>  
In summary, the Simple Employee Pension Plan (SEP) uniquely qualifies as an employer-sponsored IRA, allowing for tax-deferred contributions made by employers on behalf of employees. In contrast, the other options—key-employee plans, tax-sheltered annuities, and deferred compensation plans—do not meet the criteria for employer-sponsored IRAs, as they either involve different structures or lack the necessary IRA association. Understanding these distinctions is crucial for effective retirement planning and compliance with tax regulations.",,Regular,
Insurance Exams,Life Insurance Producer,New York Insurance Exams,New York Insurance Practice Test,,Events or conditions that increase the likelihood of an Insured's loss are referred to as,perils.,hazards.,exposures.,risks.,,,,B,Hazards increase the likelihood of a loss. Perils (A) are causes of loss. Exposures (C) are conditions subject to loss. Risks (D) are the possibility of loss.,,Regular,
Insurance Exams,Life Insurance Producer,New York Insurance Exams,New York Insurance Exam Review,,"As a form of level premium permanent insurance, ordinary life insurance accumulates a reserve that eventually",equals the face amount of the policy,results in a dividend payment to the policyowner,ceases to earn interest or grow in a positive earnings direction,requires mandatory cash value distributions,,,,A,"<h2>Ordinary life insurance accumulates a reserve that eventually equals the face amount of the policy.</h2>  
As a form of level premium permanent insurance, ordinary life insurance builds cash value over time, ultimately reaching the face value of the policy which serves as a financial benefit upon the insured's demise or policy surrender.

<b>A) equals the face amount of the policy</b>  
This statement accurately reflects the nature of ordinary life insurance, where the accumulated cash value continues to grow until it matches the face amount of the policy. This assures policyholders of a significant financial return, enhancing the policy's utility as a long-term investment and protection strategy.

<b>B) results in a dividend payment to the policyowner</b>  
While some whole life insurance policies may offer dividends based on the insurer's profits, ordinary life insurance typically does not guarantee dividends. This choice misrepresents the fundamental nature of ordinary life insurance, which focuses on cash value accumulation rather than profit-sharing mechanisms.

<b>C) ceases to earn interest or grow in a positive earnings direction</b>  
This statement is incorrect because the cash value of an ordinary life insurance policy continues to earn interest throughout its duration. The policy is designed to grow steadily, providing financial benefits to the policyholder rather than stagnating or depleting.

<b>D) requires mandatory cash value distributions</b>  
Ordinary life insurance does not mandate cash value distributions; rather, policyholders can choose when to access their accumulated cash value. This option allows for flexibility, enabling policyholders to manage their funds according to individual financial needs.

<b>Conclusion</b>  
In summary, ordinary life insurance serves as a level premium permanent insurance product that accumulates a reserve, ultimately equating to the face amount of the policy. This essential feature underscores the policy's value as a protective financial instrument, distinguishing it from other forms of insurance that may involve dividends or require distributions. Understanding this accumulation process is crucial for policyholders seeking long-term financial security.",,Regular,
Insurance Exams,Life Insurance Producer,New York Insurance Exams,New York Insurance Practice Test,,"Which type of insurance policy is characterized by premiums that are fully paid up within a stated period, after which no further premiums are REQUIRED?",Lump sum insurance,Basic installment insurance,Prepaid premium insurance,Limited payment life insurance,,,,D,"<h2>Limited payment life insurance is characterized by premiums that are fully paid up within a stated period.</h2>  
This type of insurance allows policyholders to pay a set number of premiums over a specified duration, after which the policy is considered fully paid, and no additional payments are required. This feature provides a structured way for individuals to secure life insurance coverage without ongoing premium obligations throughout their lifetime.  

<b>A) Lump sum insurance</b>  
Lump sum insurance refers to a policy that pays out a fixed amount upon the occurrence of a specified event, such as death or critical illness. This type of policy does not focus on the premium payment structure, as it is not designed to be fully paid up within a specific period. Instead, the emphasis is on the payout amount rather than the premium payment schedule.  

<b>B) Basic installment insurance</b>  
Basic installment insurance typically involves regular premium payments over the life of the policy. Unlike limited payment life insurance, this type does not provide a defined period after which all premiums are paid up. Instead, premiums continue for the duration of the policy, making it less flexible for those seeking to eliminate premium payments in a set timeframe.  

<b>C) Prepaid premium insurance</b>  
Prepaid premium insurance involves paying premiums in advance, but this does not imply that the policy will be paid up in a limited time frame. The focus here is on the advance payment rather than the requirement of a defined payment period. Thus, it does not meet the criteria of being fully paid up after a specified time.  

<b>D) Limited payment life insurance</b>  
Limited payment life insurance requires a set number of premium payments, which are fully paid up within a specified period. After this period concludes, no further premiums are required, making it an attractive option for individuals who wish to have life insurance coverage without ongoing financial obligations.  

<b>Conclusion</b>  
Limited payment life insurance is a unique policy structure that allows individuals to pay their premiums over a defined period, ultimately providing them with lifelong coverage without the burden of continuous payments. The other options presented do not align with this characteristic, as they either involve ongoing premium requirements or do not have a defined period for premium payment completion.",,Regular,
Insurance Exams,Life Insurance Producer,New York Insurance Exams,New York Insurance Exam Review,,"An insured individual purchases a disability policy with a waiver of premium rider on January 1. The individual is disabled on June 1. On July 1, he receives proof of permanent and total disability, and submits a claim. He begins receiving benefits on July 15. When are his premiums waived?",01-Jan,01-Jun,01-Jul,15-Jul,,,,B,"<h2>The premiums are waived starting from June 1.</h2>  
The waiver of premium rider becomes effective when the insured individual is declared disabled. In this case, the individual becomes disabled on June 1, which triggers the start of the premium waiver.

<b>A) 1-Jan</b>  
The waiver of premium cannot begin from January 1 because the individual had not yet experienced any disability. The effective date of the waiver corresponds to when the individual becomes disabled, which is June 1.

<b>B) 1-Jun</b>  
This choice is correct as it aligns with the date the individual became disabled. The waiver of premium is applied from the onset of the disability, and thus premiums are waived starting from June 1.

<b>C) 1-Jul</b>  
Choosing July 1 is incorrect because this date reflects the submission of proof of disability, not the date the disability itself began. The waiver of premium is retroactive to the date of disability, which is June 1.

<b>D) 15-Jul</b>  
This option is incorrect as it suggests the waiver starts on the date benefits are received. However, the waiver of premium is effective from the date the individual is declared disabled, which is June 1, not when benefits begin on July 15.

<b>Conclusion</b>  
The waiver of premium rider becomes effective from the date the insured individual is declared disabled, which in this scenario is June 1. This means that premiums are waived from that date, regardless of when the claim is submitted or benefits are received. Understanding the timing of the waiver is crucial for accurately navigating disability insurance policies.",,Regular,
Insurance Exams,Life Insurance Producer,New York Insurance Exams,New York Insurance Practice Test,,"According to the Affordable Care Act, a child can remain on a parent's health benefit plan until the child",marries.,reaches age 19.,reaches age 26.,graduates from college.,,,,C,"<h2>A child can remain on a parent's health benefit plan until the child reaches age 26.</h2>  
The Affordable Care Act allows young adults to stay on their parent's health insurance plan until they turn 26, regardless of marital status or financial independence. This provision aims to enhance access to healthcare for young people, helping them transition into adulthood without losing coverage.

<b>A) marries.</b>  
While marriage can affect a person's health coverage options, the Affordable Care Act specifically allows children to remain on their parent's plan until age 26, regardless of whether they marry. Therefore, marriage is not a determining factor for losing coverage under this law.

<b>B) reaches age 19.</b>  
This option is incorrect as the Affordable Care Act extends coverage beyond age 19. Prior to this legislation, many plans allowed coverage only until age 19, but the ACA raised this age limit to 26, providing extended support for young adults.

<b>C) reaches age 26.</b>  
This is the correct answer, as the Affordable Care Act explicitly states that children can stay on their parent's health insurance plan until they turn 26. This age limit applies regardless of whether the individual is living at home, financially independent, or married.

<b>D) graduates from college.</b>  
Graduation from college does not dictate health insurance coverage under the Affordable Care Act. Young adults can remain on their parent's plan until age 26, regardless of their educational status. This provision ensures that young adults have access to necessary healthcare during a crucial transition period.

<b>Conclusion</b>  
Under the Affordable Care Act, a child can maintain health insurance coverage under a parent's plan until the age of 26, which significantly enhances healthcare access for young adults. Other options, such as marriage, age 19, or college graduation, do not reflect the law's stipulations. This policy supports young adults as they navigate early adulthood, ensuring they have the necessary health benefits during this critical time.",,Regular,
Insurance Exams,Life Insurance Producer,New York Insurance Exams,New York Insurance Exam Review,,Which of the following qualified plans is an employer-sponsored IRA?,Simple Employee Pension Plan (SEP).,Key-employee plan.,Tax-Sheltered Annuities.,Deferred Compensation.,,,,A,SEP is an employer-sponsored IRA. Key-employee plan (B) is not a qualified plan. Tax-Sheltered Annuities (C) are 403(b) plans. Deferred Compensation (D) is not an IRA.,,Regular,
Insurance Exams,Life Insurance Producer,New York Insurance Exams,New York Insurance Practice Test,,The settlement option that allows proceeds to remain with the insurer and the earnings to be paid to the beneficiary on a monthly basis is called,interest only.,lump sum.,fixed period.,fixed amount.,,,,A,"<h2>Interest only.</h2>  
This settlement option allows the insurance proceeds to remain with the insurer while the earned interest is paid to the beneficiary on a monthly basis. This arrangement enables the beneficiary to receive a steady income without actually withdrawing the principal amount.

<b>A) Interest only.</b>  
This option specifically allows the insurance proceeds to stay with the insurer, and only the interest generated from these proceeds is paid out to the beneficiary each month. This creates a consistent income stream while preserving the principal amount for future growth or eventual payout.

<b>B) Lump sum.</b>  
A lump sum settlement provides the beneficiary with the entire benefit amount at once, rather than on a monthly basis. This option does not involve the insurer retaining the proceeds, making it fundamentally different from the ""interest only"" option, which separates the principal from the payout.

<b>C) Fixed period.</b>  
The fixed period option allows the proceeds to be paid out over a specified period, but it does not keep the principal with the insurer. Instead, it provides the beneficiary with regular payments for a set duration, after which no further payments are made. This differs from ""interest only,"" where the principal remains intact.

<b>D) Fixed amount.</b>  
With the fixed amount option, the beneficiary receives regular payments of a specified amount until the proceeds are exhausted. Like the fixed period option, this does not retain the principal with the insurer, which is central to the ""interest only"" arrangement where the principal remains with the insurer.

<b>Conclusion</b>  
The ""interest only"" settlement option uniquely allows for the principal to remain with the insurer while providing monthly interest payments to the beneficiary. In contrast, other options such as lump sum, fixed period, and fixed amount involve direct payouts that do not maintain the principal with the insurer. Understanding these differences is essential for beneficiaries to choose the best option for their financial needs.",,Regular,
Insurance Exams,Life Insurance Producer,New York Insurance Exams,New York Insurance Exam Review,,"Agent Sue completes an application for an insurance policy on behalf of Phil and does not collect the first premium. If the company agrees to insure him, which party made the offer?","Sue, when she made the initial appointment.","Phil, when he completed the application.","The company, when it issued the policy.","Phil, when he received the policy.",,,,B,"<h2>Phil made the offer when he completed the application.</h2>  
In insurance transactions, the applicant (Phil) effectively makes an offer to the insurer by submitting the application for coverage. This act signifies Phil's intent to enter into a contractual agreement, which the insurance company can then accept or reject.

<b>A) Sue, when she made the initial appointment.</b>  
Sue's role as an agent is to facilitate the insurance process but does not involve making an offer on behalf of the client. Her actions are instrumental in presenting Phil's application to the insurer, but the offer originates from Phil when he expresses his desire for coverage.

<b>C) The company, when it issued the policy.</b>  
The insurance company responds to Phil's offer by either accepting or rejecting it. Issuing the policy represents acceptance of Phil's offer rather than the act of making an offer. Until the policy is issued, the company has not yet committed to the agreement.

<b>D) Phil, when he received the policy.</b>  
Receiving the policy is a confirmation of acceptance of his initial offer rather than a new offer. At this point, Phil is acknowledging the terms set forth by the insurance company, but he does not initiate any new offer at this stage.

<b>Conclusion</b>  
In summary, the offer in this insurance scenario is made by Phil when he completes the application, expressing his intent to enter into a contract for coverage. The roles of Sue and the insurance company are critical in the process, but it is Phil's application that initiates the contractual relationship. Understanding this process is essential for recognizing the dynamics of offer and acceptance in insurance agreements.",,Regular,
Insurance Exams,Life Insurance Producer,New York Insurance Exams,New York Insurance Practice Test,,Which of the following is a characteristic of level premium term life insurance?,It provides for lower benefits.,It can be used for cash value.,It matches the level amount of protection on the insured's life expectancy.,The cost of insurance is averaged throughout the life of the contract.,,,,D,"Level premium term insurance averages the cost of insurance over the term, keeping premiums steady. Lower benefits (A) are not typical. No cash value (B) is accumulated. It doesn't match life expectancy (C) but a set term.",,Regular,
Insurance Exams,Life Insurance Producer,New York Insurance Exams,New York Insurance Exam Review,,"With the majority of companies, within how many days does the free-look provision allow the insured the right to return the life insurance policy for full premium?",5 days.,10 days.,15 days.,30 days.,,,,B,"<h2>With the majority of companies, the free-look provision allows the insured 10 days to return the life insurance policy for a full premium refund.</h2>  
The free-look provision typically grants policyholders a period of 10 days to evaluate their life insurance policy. During this time, they can return the policy for a full refund of the premium if they decide it does not meet their needs.

<b>A) 5 days.</b>  
This option is incorrect because most insurance companies provide a longer evaluation period than 5 days. A 5-day return policy would not be sufficient for most insured individuals to thoroughly review the policy details and implications.

<b>B) 10 days.</b>  
This is the correct answer as it reflects the standard duration for the free-look provision in the majority of life insurance policies, allowing policyholders to reconsider their decision without penalty.

<b>C) 15 days.</b>  
While some companies may offer a 15-day period, it is not the standard for the majority. The free-look period is typically shorter, and 15 days would be less common, making this option inaccurate in a general context.

<b>D) 30 days.</b>  
A 30-day free-look period is excessive compared to standard practices. Most policies do not extend this long, as it may lead to complications in risk assessment and premium calculations for the insurance provider.

<b>Conclusion</b>  
The free-look provision is a consumer protection feature in life insurance that allows policyholders a specific period to reconsider their purchase. The standard duration of 10 days is prevalent among most companies, facilitating informed decision-making while ensuring a balance between consumer rights and the insurer's operational needs. Understanding this provision is crucial for policyholders to maximize their rights and benefits.",,Regular,
Insurance Exams,Life Insurance Producer,New York Insurance Exams,New York Insurance Practice Test,,"When trying on wedding rings at a jewelry store, a woman left her engagement ring on the countertop only to return later and find it missing. The woman experienced a",transfer of risk.,hazard.,peril.,loss.,,,,D,"<h2>The woman experienced a loss.</h2>  
In this scenario, the woman left her engagement ring unattended, leading to its disappearance. The term ""loss"" accurately describes the negative outcome of the situation, as she no longer possesses the ring which she originally had.

<b>A) transfer of risk.</b>  
Transfer of risk refers to the strategy of passing on the potential for loss to another party, often through insurance or contracts. In this case, the woman did not transfer her risk; instead, she faced a direct negative consequence of losing her ring, making this option irrelevant to the situation.

<b>B) hazard.</b>  
A hazard is a condition or situation that increases the likelihood of an adverse event occurring. While leaving the ring on the countertop may present a hazard, it does not encapsulate the actual event of the ring going missing. Thus, this choice does not accurately reflect the outcome experienced by the woman.

<b>C) peril.</b>  
Peril refers to an immediate cause of loss, such as theft or damage. While the actual disappearance of the ring could be considered a peril, the question specifically asks for the woman's experience resulting from that event, which is best described as a loss rather than a peril itself.

<b>Conclusion</b>  
The woman's experience of her engagement ring going missing exemplifies a loss, which is the direct result of an unfortunate event. While concepts like transfer of risk, hazard, and peril are relevant in discussions of risk management, they do not accurately convey the woman's situation of being without her ring. Therefore, loss is the most appropriate term to describe her experience.",,Regular,
Insurance Exams,Life Insurance Producer,New York Insurance Exams,New York Insurance Exam Review,,The change of beneficiary provision states the policyowner has the right to change the beneficiary unless the beneficiary is,uninsurable.,irrevocable.,contingent.,deceased.,,,,B,"<h2>irrevocable.</h2>  
An irrevocable beneficiary designation means that the policyowner cannot change the beneficiary without the consent of the beneficiary. This provision protects the beneficiary's rights and ensures that they will receive the policy benefits, making them a permanent recipient unless released by the beneficiary.

<b>A) uninsurable.</b>  
An uninsurable beneficiary refers to an individual who cannot be insured due to health conditions or other factors. This status does not prevent the policyowner from changing the beneficiary, as it pertains to the beneficiary's eligibility for insurance rather than their rights under the policy.

<b>B) irrevocable.</b>  
An irrevocable beneficiary is one who has been designated in a way that prevents the policyowner from changing them without their consent. This designation is legally binding and protects the beneficiary's right to the policy benefits, making it the correct answer.

<b>C) contingent.</b>  
A contingent beneficiary is one who is entitled to the policy benefits only if the primary beneficiary is unable to receive them. The policyowner retains the right to change contingent beneficiaries without restriction, as they are not the primary designated recipient.

<b>D) deceased.</b>  
If a beneficiary is deceased, the policyowner may change the beneficiary designation to another individual. The death of a beneficiary creates an opportunity for the policyowner to update the policy to reflect this change, rather than restricting their ability to make modifications.

<b>Conclusion</b>  
The change of beneficiary provision allows the policyowner to alter the designated beneficiary unless that beneficiary is irrevocable. While other statuses, such as uninsurable, contingent, or deceased, may affect the beneficiary's eligibility or rights, they do not impose restrictions on the policyowner's ability to change the beneficiary designation. Understanding this provision is essential for effective estate planning and ensuring that intended recipients receive the benefits of the policy.",,Regular,
Insurance Exams,Life Insurance Producer,New York Insurance Exams,New York Insurance Practice Test,,Which is NOT excluded in a long-term care policy?,Alcoholism,Alzheimer's disease,Non-cognitive mental disorders,Treatment caused by participation in criminal behavior,,,,B,"<h2>Alzheimer's disease is NOT excluded in a long-term care policy.</h2>  
Long-term care policies typically cover a wide range of chronic conditions, including Alzheimer's disease, which is a common age-related cognitive disorder requiring ongoing care. This inclusion reflects the increasing recognition of the need for support and care management for individuals with dementia-related conditions.

<b>A) Alcoholism</b>  
Long-term care policies often exclude alcoholism as it is considered a self-inflicted condition rather than a chronic illness. Many insurance providers do not cover the costs associated with the treatment of substance abuse disorders, viewing them as lifestyle choices that can be addressed through rehabilitation rather than long-term care.

<b>C) Non-cognitive mental disorders</b>  
Non-cognitive mental disorders, such as depression or anxiety, are generally not covered by long-term care policies. These conditions are often seen as requiring different types of treatment and support compared to cognitive impairments like Alzheimer's, leading to their exclusion from coverage.

<b>D) Treatment caused by participation in criminal behavior</b>  
Long-term care policies frequently exclude treatment for conditions that arise directly from participation in criminal behavior. This exclusion is based on the premise that insurance should not cover costs associated with illegal activities, as these situations are often viewed as preventable through lawful behavior.

<b>Conclusion</b>  
Long-term care policies are designed to provide support for chronic conditions that require ongoing assistance. Alzheimer's disease is included because it necessitates long-term support, unlike alcoholism, non-cognitive mental disorders, and treatment from criminal behavior, which are typically excluded. Understanding these distinctions helps individuals make informed decisions about their long-term care options and coverage.",,Regular,
Insurance Exams,Life Insurance Producer,New York Insurance Exams,New York Insurance Exam Review,,In which of the following dividend options would an Insurer invest the policyowners money and add interest earnings to the initial amount of the dividends as such earnings accrue?,Accumulation at Interest Option.,Paid-up Additions Option.,Cash Dividend Option.,Reduced Premium Dividend Option.,,,,A,"Accumulation at Interest Option invests dividends with the insurer, earning interest. Paid-up additions (B) buy more insurance. Cash dividends (C) are paid directly. Reduced premium (D) lowers future premiums.",,Regular,
Insurance Exams,Life Insurance Producer,Oklahoma Insurance Exams,Oklahoma Insurance Practice Questions,,"Under the Consolidated Omnibus Budget Reconciliation Act (COBRA) guidelines, an employer with 20 or more employees must administer continuing health insurance to a former employee for at least",12 months.,18 months.,24 months.,30 months.,,,,B,"<h2>Under the Consolidated Omnibus Budget Reconciliation Act (COBRA) guidelines, an employer with 20 or more employees must administer continuing health insurance to a former employee for at least 18 months.</h2>
COBRA regulations mandate that qualified beneficiaries, including former employees, spouses, and dependent children, have the right to continue their group health insurance coverage for a defined period after certain qualifying events, such as termination of employment. This continuation period ensures that individuals can maintain their health coverage temporarily despite changes in their employment status.

<b>A) 12 months.</b>
This option is incorrect because under COBRA guidelines, the minimum duration for which an employer must offer continuing health insurance coverage to eligible individuals is longer than 12 months. The standard period is set at 18 months to provide a reasonable timeframe for transitioning beneficiaries to alternative coverage options.

<b>B) 18 months.</b>
Correct! COBRA regulations require that employers with 20 or more employees provide continuing health insurance coverage to qualified beneficiaries for at least 18 months following qualifying events like job loss. This timeframe allows individuals to bridge the gap in coverage and maintain access to essential healthcare services during periods of transition.

<b>C) 24 months.</b>
This choice is inaccurate because the specified duration of continuing health insurance coverage mandated by COBRA for eligible individuals is not 24 months. While some states may offer extended coverage options beyond federal requirements, the standard COBRA period remains fixed at 18 months for most qualifying events.

<b>D) 30 months.</b>
The duration of 30 months for continuing health insurance coverage is not consistent with COBRA guidelines applicable to employers with 20 or more employees. While there are instances where COBRA coverage can be extended beyond the typical 18-month period, such extensions are usually related to specific qualifying events and not the standard duration for most beneficiaries.

<b>Conclusion</b>
In compliance with COBRA regulations, employers with 20 or more employees must offer continuing health insurance coverage to eligible individuals for a minimum of 18 months following qualifying events like termination of employment. This provision aims to safeguard the health insurance rights of beneficiaries during transitional periods and ensure continuity of coverage for essential medical services.",,Regular,
Insurance Exams,Life Insurance Producer,Oklahoma Insurance Exams,Oklahoma Insurance Practice Exam,,"When selling a policy, a producer is required to get all the following signatures on an application EXCEPT for the",beneficiary.,insured.,owner.,agent.,,,,A,"<h2>Beneficiary.</h2>
When selling a policy, a producer must ensure that the insured, owner, and agent sign the application as they are crucial parties involved in the insurance contract. The beneficiary, however, is not typically required to sign the application as their role pertains to receiving the benefits rather than structuring the policy itself.

<b>A) Beneficiary</b>
The beneficiary, who receives the policy benefits upon the insured's death, does not need to sign the application. Their involvement is primarily related to the claims process and does not impact the initial policy setup or contractual agreements.

<b>B) Insured</b>
The insured individual, whose life or property is being insured, is a key party required to sign the application. Their signature signifies acceptance of the policy terms and conditions, including coverage details and premium payments.

<b>C) Owner</b>
The policy owner, who holds the rights to make changes to the policy, such as beneficiary designations, premium payments, and policy loans, must sign the application. This signature confirms ownership responsibilities and decision-making authority.

<b>D) Agent</b>
The agent, representing the insurance company or broker, plays a role in facilitating the policy sale and ensuring compliance with regulations. Their signature on the application signifies their involvement in the policy transaction and adherence to professional standards.

<b>Conclusion</b>
In the process of selling an insurance policy, obtaining signatures from the insured, owner, and agent is essential to establish the contractual obligations and responsibilities of each party. While the beneficiary is a critical role in the insurance arrangement, their signature is not typically required on the application document, as their role primarily relates to benefit receipt rather than policy structuring.",,Regular,
Insurance Exams,Life Insurance Producer,Oklahoma Insurance Exams,Oklahoma Insurance Practice Questions,,A single contract for group medical insurance issued to an employer is known as,a conglomerate policy.,an employer policy.,a master policy.,a certificate policy.,,,,C,"<h2>A single contract for group medical insurance issued to an employer is known as</h2>
In the realm of group medical insurance, a single contract provided to an employer that covers all employees under the group plan is referred to as a master policy.

<b>A) a conglomerate policy</b>
A conglomerate policy typically refers to a type of insurance policy that combines different coverages or insures multiple entities under a single contract. It is not specifically related to a single contract for group medical insurance provided to an employer.

<b>B) an employer policy</b>
While the term ""employer policy"" might suggest insurance coverage provided by an employer, it does not specifically denote the single contract for group medical insurance issued to the employer. The term lacks the specific industry terminology used for this type of insurance arrangement.

<b>C) a master policy</b>
The correct term for a single contract for group medical insurance issued to an employer, covering all employees under the group plan, is a master policy. This designation highlights the overarching nature of the contract that governs the insurance coverage for the entire group.

<b>D) a certificate policy</b>
A certificate policy typically refers to a document issued as evidence of insurance coverage under a master policy. It does not represent the master policy itself, which is the comprehensive contract providing the terms and conditions for the group medical insurance.

<b>Conclusion</b>
In the context of group medical insurance, understanding the terminology is essential to distinguish between different types of insurance contracts. The master policy specifically refers to the single comprehensive contract issued to an employer to cover all employees under a group medical insurance plan, emphasizing the centralized nature of the coverage arrangement.",,Regular,
Insurance Exams,Life Insurance Producer,Oklahoma Insurance Exams,Oklahoma Insurance Practice Exam,,An insured has a major medical plan with a carryover provision and a $300 deductible. The only expense the insured incurs throughout the calendar year is a $100 doctor's visit in November. What will the insured have to pay toward the new year's calendar deductible?,$100,$200,$300,$400,,,,B,"<h2>The insured will have to pay $200 toward the new year's calendar deductible.</h2>
Since the insured incurs a $100 expense in November, this amount contributes towards the previous year's deductible. As the carryover provision allows expenses from the end of the year to carry over into the new year, the remaining $200 of the deductible will need to be paid in the new year.

<b>A) $100</b>
Incorrect. The $100 doctor's visit in November applies towards the previous year's deductible, leaving $200 to be paid in the new year.

<b>B) $200</b>
Correct. With a $100 expense incurred in November, the insured is left with $200 to pay for the new year's deductible.

<b>C) $300</b>
Incorrect. The $100 doctor's visit in November is applied towards the deductible for the previous year, so the insured will only be responsible for $200 in the new year.

<b>D) $400</b>
Incorrect. The total deductible amount for the new year is $300, but since $100 has already been paid in the previous year, the remaining amount to be paid in the new year is $200.

<b>Conclusion</b>
In this scenario, where the insured incurs a $100 expense near the end of the calendar year with a carryover provision, the amount paid for the doctor's visit contributes to the previous year's deductible. As a result, the insured will have $200 left to pay towards the new year's calendar deductible.",,Regular,
Insurance Exams,Life Insurance Producer,Oklahoma Insurance Exams,Oklahoma Insurance Practice Questions,,"An individual accident and sickness policy may NOT be contested, EXCEPT for non-payment of premiums, after it has been in force for how long?",6 months,1 year,2 years,5 years,,,,C,"<h2>After it has been in force for 2 years.</h2>
Once an individual accident and sickness policy has been active for a period of 2 years, it generally becomes non-contestable by the insurer for any reason other than non-payment of premiums. This timeframe provides policyholders with a sense of security and stability in their coverage, as the insurer's ability to challenge claims significantly diminishes after this duration.

<b>A) 6 months</b>
An individual accident and sickness policy can typically be contested by the insurer, including reasons beyond non-payment of premiums, within the initial 6 months of being in force. During this period, the insurer may investigate and challenge claims based on various policy provisions and requirements.

<b>B) 1 year</b>
Within the first year of an individual accident and sickness policy being active, the insurer retains the right to contest claims for reasons other than non-payment of premiums. This timeframe allows the insurer to assess the accuracy and validity of claims during the early stages of the policy.

<b>C) 2 years</b>
This is the correct answer. After an individual accident and sickness policy has been in force for 2 years, it generally becomes non-contestable by the insurer for reasons other than non-payment of premiums. This period marks a significant milestone in the policy's stability and the policyholder's protection.

<b>D) 5 years</b>
While a policy's contestability period can vary between insurance companies and policy types, waiting for 5 years before an individual accident and sickness policy becomes non-contestable is generally longer than the industry standard. Most policies establish the 2-year mark as the point where contestability significantly decreases.

<b>Conclusion</b>
In the realm of individual accident and sickness insurance policies, the contestability period is a crucial aspect that impacts the rights of both policyholders and insurers. Understanding the timeframe after which a policy becomes non-contestable, except for non-payment of premiums, is essential for individuals seeking reliable and secure coverage. By reaching the 2-year mark, policyholders can typically enjoy a greater sense of assurance in their insurance protection.",,Regular,
Insurance Exams,Life Insurance Producer,Oklahoma Insurance Exams,Oklahoma Insurance Practice Exam,,The cost of a long-term care policy is based on all of the following EXCEPT,personal income.,health condition.,age.,level of benefits provided.,,,,A,"<h2>The cost of a long-term care policy is based on all of the following EXCEPT personal income.</h2>
The cost of a long-term care policy takes into account various factors, including health condition, age, and the level of benefits provided. However, personal income is not a determining factor in the calculation of long-term care insurance premiums.

<b>A) personal income</b>
Personal income is not typically a direct factor in determining the cost of a long-term care policy. While income may impact an individual's ability to afford premiums, it is not used as a primary criterion in setting insurance rates. Factors like age, health condition, and the extent of coverage needed are more commonly considered.

<b>B) health condition</b>
The health condition of the individual seeking a long-term care policy is a critical factor in determining the cost of the policy. Insurance companies assess the health risks and potential care needs of the policyholder, with higher risks generally resulting in higher premiums to account for increased likelihood of claims.

<b>C) age</b>
Age is a significant determinant in the cost of long-term care insurance. Generally, younger individuals are charged lower premiums as they are perceived to have a lower risk of requiring long-term care services in the near future. As individuals age, the likelihood of needing long-term care increases, leading to higher insurance costs.

<b>D) level of benefits provided</b>
The level of benefits provided by a long-term care policy directly influences its cost. Policies offering more extensive coverage, higher daily benefit amounts, longer benefit periods, and additional services typically come with higher premiums to reflect the increased financial risk undertaken by the insurance provider.

<b>Conclusion</b>
In summary, while factors such as health condition, age, and the level of benefits provided significantly impact the cost of a long-term care policy, personal income does not play a direct role in determining insurance premiums. Insurers primarily consider the individual's health status, age, and desired coverage level when establishing the cost of long-term care insurance.",,Regular,
Insurance Exams,Life Insurance Producer,Oklahoma Insurance Exams,Oklahoma Insurance Practice Questions,,"Under the misstatement of age provision, an insurer MUST",void the policy due to fraud.,be responsible for any past and present claims.,pay benefits according to the correct age at the time the application is made.,report the fraudulent policyowner to the state insurance board.,,,,C,"<h2>Pay benefits according to the correct age at the time the application is made.</h2>
The misstatement of age provision requires an insurer to adjust benefits based on the accurate age of the policyholder at the time of application. This provision ensures that policy coverage and benefits are appropriate and fair, reflecting the actual risk profile associated with the insured individual's age.

<b>A) void the policy due to fraud.</b>
Voiding the policy due to fraud is not a mandatory action under the misstatement of age provision. While intentional misrepresentation of age can result in policy cancellation, the specific requirement outlined by this provision pertains to adjusting benefits based on the correct age rather than automatically voiding the policy.

<b>B) be responsible for any past and present claims.</b>
The responsibility for past and present claims is not explicitly tied to the misstatement of age provision. This provision primarily focuses on ensuring that benefits are calculated accurately based on the correct age declared by the policyholder at the time of application. It does not necessarily address broader responsibilities for claims beyond this scope.

<b>D) report the fraudulent policyowner to the state insurance board.</b>
While reporting fraudulent activity to the state insurance board may be a recommended course of action in cases of intentional misrepresentation, the misstatement of age provision specifically pertains to adjusting benefits according to the accurate age provided during the application process. Reporting the policyholder to the state insurance board is a separate action that may be taken based on the insurer's policies and regulatory requirements.

<b>Conclusion</b>
The misstatement of age provision mandates that insurers adjust benefits based on the correct age declared by the policyholder at the time of application. This ensures that policy coverage aligns with the accurate risk assessment associated with the individual's age, promoting fairness and accuracy in insurance agreements. While other actions like voiding the policy or reporting fraud may be applicable in certain circumstances, the primary focus of this provision is on adjusting benefits to reflect the true age of the insured individual.",,Regular,
Insurance Exams,Life Insurance Producer,Oklahoma Insurance Exams,Oklahoma Insurance Practice Exam,,"Harold has a group medical policy through his employer with a $200 deductible and a 90% coinsurance provision. Harold incurs $1,200 in covered health care services. How much will his group insurance carrier pay?",$200,$900,"$1,000","$1,080",,,,B,"<h2>$900</h2>
Harold's group insurance policy requires him to pay the $200 deductible upfront before coinsurance applies. With a 90% coinsurance provision, the insurance carrier covers 90% of the remaining costs after the deductible is met.

<b>A) $200</b>
The $200 deductible is the initial amount Harold must pay out of pocket before the coinsurance provision activates. This sum represents the portion of covered expenses that the insured individual is responsible for before the insurance plan contributes.

<b>B) $900</b>
After Harold pays the $200 deductible, the insurance carrier covers 90% of the remaining $1,000 in costs, leaving Harold responsible for the remaining 10%. Therefore, the insurance carrier will pay $900 towards the covered health care services.

<b>C) $1,000</b>
While the total incurred cost is $1,200, the insurance carrier's coinsurance provision applies only to the amount exceeding the deductible. After the deductible, the carrier covers 90% of the remaining $1,000, not the full $1,200.

<b>D) $1,080</b>
This amount is calculated incorrectly. Harold pays the $200 deductible first, and then the insurance carrier covers 90% of the remaining $1,000, resulting in a different payment amount.

<b>Conclusion</b>
In this scenario, Harold's group insurance carrier will pay $900 towards the covered health care services, as determined by the deductible and coinsurance provision outlined in his policy. Understanding how deductibles and coinsurance interact is crucial for individuals to accurately anticipate their out-of-pocket expenses and the extent of coverage provided by their insurance plans.",,Regular,
Insurance Exams,Life Insurance Producer,Oklahoma Insurance Exams,Oklahoma Insurance Practice Questions,,"Which of the following is described when a selected group of practitioners, in a certain area, agrees to provide services at a pre-arranged cost on a fee-for-service basis?",PPO.,Indemnity.,HMO.,Point of service plan.,,,,A,"<h2>PPO.</h2>
In this scenario, the described agreement aligns with a Preferred Provider Organization (PPO) structure, where providers agree to offer services at set rates to insured individuals within the network. This arrangement allows patients to seek care from both in-network and out-of-network providers, providing flexibility in choosing healthcare services while still benefiting from discounted rates within the network.

<b>A) PPO.</b>
This choice accurately reflects the situation described, where a group of practitioners agrees to offer services at predetermined rates to individuals covered under the PPO insurance plan. Patients have the freedom to choose any provider, whether in-network or out-of-network, without the need for referrals.

<b>B) Indemnity.</b>
An indemnity plan, also known as a fee-for-service plan, allows individuals to choose their healthcare providers and pays for services after treatment. Unlike the described scenario, indemnity plans do not involve pre-arranged costs or agreements with specific practitioner groups.

<b>C) HMO.</b>
Health Maintenance Organizations (HMOs) typically require patients to select a primary care physician and obtain referrals for specialty care within the network. The described model of practitioners agreeing to set fees for services without the need for primary care physician involvement aligns more closely with a PPO rather than an HMO.

<b>D) Point of service plan.</b>
Point of Service (POS) plans combine features of HMOs and PPOs, allowing patients to choose between in-network and out-of-network care. While POS plans offer flexibility, the concept of a selected group of practitioners agreeing to provide services at pre-arranged costs aligns more with a PPO structure.

<b>Conclusion</b>
The situation described, where practitioners agree to provide services at predetermined costs on a fee-for-service basis, corresponds most closely with a Preferred Provider Organization (PPO) model. PPOs offer a balance between provider choice and cost-effectiveness, making them a popular option for many individuals seeking healthcare coverage.",,Regular,
Insurance Exams,Life Insurance Producer,Oklahoma Insurance Exams,Oklahoma Insurance Practice Exam,,Benefits required under the child immunization coverage shall NOT be subject to,a prior authorization.,an annual maximum number of immunizations.,a set immunization schedule.,a deductible.,,,,D,"<h2>Benefits required under the child immunization coverage shall NOT be subject to a deductible.</h2>
Child immunization coverage mandates that certain benefits, such as vaccinations, must be provided without requiring the insured to first meet a deductible, ensuring access to preventive care for children.

<b>A) a prior authorization</b>
Some healthcare services may necessitate prior authorization from the insurance company before being covered. This process ensures that the treatment is deemed medically necessary and appropriate. However, child immunization benefits are typically exempt from this requirement to promote timely and widespread vaccination.

<b>B) an annual maximum number of immunizations</b>
Insurance plans often impose limits on the number of certain services covered within a year, known as an annual maximum. In the case of child immunization coverage, these benefits are usually not constrained by an annual limit to encourage complete and timely vaccination according to established schedules.

<b>C) a set immunization schedule</b>
Child immunization coverage may adhere to a predetermined schedule recommended by healthcare authorities for administering vaccines at specific ages. While the schedule guides the timing of vaccinations, it does not imply that benefits are contingent upon strictly adhering to this schedule. The focus remains on ensuring access to necessary vaccines.

<b>D) a deductible</b>
Deductibles represent the out-of-pocket amount an individual must pay before their insurance starts covering costs. In the context of child immunization coverage, benefits required for vaccines are exempt from this cost-sharing requirement, enabling families to access essential preventive care without financial barriers.

<b>Conclusion</b>
Child immunization coverage is designed to prioritize preventive care for children by ensuring that necessary vaccines are accessible without financial obstacles. Exempting these benefits from deductibles underscores the importance of vaccination in promoting public health and protecting children from preventable diseases.",,Regular,
Insurance Exams,Life Insurance Producer,Oklahoma Insurance Exams,Oklahoma Insurance Practice Questions,,In which of the following situations would dental treatment expenses be covered under a hospital or medical expense policy?,When dental treatment is required to repair an injury.,When an insured undergoes elective treatment to prevent potential onset of oral disease.,When a licensed dental practitioner receives approval from a pretreatment peer review board.,When an insured's dental policy excludes coverage or states that health care coverage is primary.,,,,A,"<h2>When dental treatment is required to repair an injury.</h2>
In cases where dental treatment is necessitated by an injury, such as a fractured tooth from a fall or a dislocated jaw from an accident, hospital or medical expense policies may cover the associated expenses. This coverage typically extends to treatments that are directly related to accidental injuries and require immediate attention to restore dental health.

<b>A) When dental treatment is required to repair an injury.</b>
This choice accurately represents a scenario where hospital or medical expense policies would likely cover dental treatment costs resulting from injuries. Emergency dental procedures following accidents or traumatic incidents fall under this category and are commonly included in health insurance coverage.

<b>B) When an insured undergoes elective treatment to prevent potential onset of oral disease.</b>
Elective treatments aimed at preventing oral diseases, such as routine cleanings or preventive care, do not typically fall under hospital or medical expense policies. These procedures are considered part of regular dental maintenance and are usually covered under separate dental insurance plans.

<b>C) When a licensed dental practitioner receives approval from a pretreatment peer review board.</b>
The requirement for approval from a pretreatment peer review board is not a standard criterion for determining coverage under hospital or medical expense policies for dental treatments. Such approval processes are more commonly associated with specific treatment protocols and quality assurance measures within dental practices.

<b>D) When an insured's dental policy excludes coverage or states that health care coverage is primary.</b>
If an insured's dental policy explicitly excludes coverage for certain treatments or states that dental coverage is primary over medical coverage, hospital or medical expense policies may not cover dental treatment expenses in those situations. Clear policy exclusions or primary coverage designations dictate the extent of coverage under different insurance plans.

<b>Conclusion</b>
Hospital or medical expense policies typically cover dental treatment expenses when the treatment is necessary to address injuries, accidents, or emergency dental conditions. Elective procedures, approval requirements from peer review boards, and specific policy exclusions can influence whether dental costs are eligible for coverage under these types of insurance plans.",,Regular,
Insurance Exams,Life Insurance Producer,Oklahoma Insurance Exams,Oklahoma Insurance Practice Exam,,The insured is dissatisfied with the handling of a claim. How long does the insured have to bring a lawsuit against the insurer?,1 year,3 years,5 years,7 years,,,,B,"<h2>3 years</h2>
The insured must bring a lawsuit against the insurer within 3 years of the unsatisfactory handling of the claim. This timeframe is crucial for legal recourse and ensures timely resolution of disputes between insurance parties.

<b>A) 1 year</b>
Bringing a lawsuit within 1 year of claim mishandling is incorrect. The correct time limit for initiating legal action in this scenario is longer, providing the insured with a more reasonable period to address grievances and seek judicial intervention.

<b>B) 3 years</b>
This is the correct answer. The insured has 3 years from the unsatisfactory handling of the claim to file a lawsuit against the insurer. This timeframe allows for a fair and appropriate window for legal action while balancing the need for timely resolution of insurance disputes.

<b>C) 5 years</b>
Bringing a lawsuit within 5 years of claim mishandling is not accurate in this context. The correct statutory limitation for initiating legal proceedings against the insurer is shorter than 5 years, ensuring prompt resolution of insurance-related conflicts.

<b>D) 7 years</b>
Initiating a lawsuit against the insurer within 7 years of claim mishandling is not the correct timeframe. Waiting for 7 years to bring legal action may lead to delays in resolving insurance disputes and is beyond the statutory limitation period set for such cases.

<b>Conclusion</b>
The insured must adhere to the 3-year time limit for bringing a lawsuit against the insurer following dissatisfaction with the handling of a claim. This timeframe strikes a balance between providing the insured with a reasonable opportunity to seek legal redress and ensuring timely resolution of insurance-related conflicts within a defined statutory period.",,Regular,
Insurance Exams,Life Insurance Producer,Oklahoma Insurance Exams,Oklahoma Insurance Practice Questions,,Which clause promises to pay in the event of a covered loss?,grace period,insuring,incontestable,assignment,,,,B,"<h2>Insuring</h2>
The clause that promises to pay in the event of a covered loss is typically found within the ""insuring"" section of an insurance policy. This specific clause outlines the conditions under which the insurer agrees to provide financial compensation or coverage for specified risks.

<b>A) Grace period</b>
The grace period in an insurance policy refers to the additional time granted after a premium payment due date during which the policy remains in force. It does not directly relate to the promise to pay in the event of a covered loss but rather concerns the timing of premium payments to avoid policy lapse.

<b>C) Incontestable</b>
The incontestable clause in an insurance policy limits the insurer's ability to contest the validity of the policy after a certain period, usually after it has been in force for a specific duration. This clause is not directly associated with the promise to pay for a covered loss but rather addresses the contestability of the policy itself.

<b>D) Assignment</b>
An assignment clause in an insurance policy allows the policyholder to transfer their rights or benefits under the policy to another party. This clause does not pertain to the promise to pay in the event of a covered loss but rather deals with the transfer of policy ownership or benefits.

<b>Conclusion</b>
In the context of insurance policies, the clause that explicitly promises to pay in the event of a covered loss is typically contained within the ""insuring"" section of the policy. This section outlines the insurer's obligations and responsibilities regarding the coverage provided for specified risks, ensuring that policyholders receive the agreed-upon financial protection in case of covered losses.",,Regular,
Insurance Exams,Life Insurance Producer,Oklahoma Insurance Exams,Oklahoma Insurance Practice Exam,,A 65-year old insured individual has suffered from kidney failure for the last 18 months. They are a member of the health insurance plan provided by their spouse's large-group employer. Medicare will,not cover any claims to protect against overinsurance.,act as the primary insurer and pay claims up to the limit of the policy.,require the individual to cancel the group insurance and purchase a Medicare supplement policy.,act as a secondary insurer and pay claims not completely covered by the group health insurance.,,,,D,"<h2>Medicare will act as a secondary insurer and pay claims not completely covered by the group health insurance.</h2>
In this scenario, Medicare will function as a secondary insurer, stepping in to cover costs that are not fully paid by the primary group health insurance plan. This arrangement is common for individuals who have both group insurance and Medicare coverage, ensuring comprehensive financial assistance for medical expenses.

<b>A) not cover any claims to protect against overinsurance</b>
This statement is incorrect. Medicare does not withhold coverage to prevent overinsurance. Instead, it coordinates benefits with other insurance plans to ensure appropriate coverage without duplication.

<b>B) act as the primary insurer and pay claims up to the limit of the policy</b>
This choice is inaccurate. In cases where an individual has group health insurance through an employer, that plan typically serves as the primary insurer, with Medicare acting as a secondary payer to cover remaining costs.

<b>C) require the individual to cancel the group insurance and purchase a Medicare supplement policy</b>
This option is not applicable in this context. Individuals with group health insurance from a large-group employer do not need to cancel their coverage to enroll in Medicare. Medicare can complement existing group insurance without necessitating its cancellation.

<b>D) act as a secondary insurer and pay claims not completely covered by the group health insurance</b>
This is the correct answer. Medicare serves as a secondary insurer in situations where an individual has group health insurance through a large-group employer. It covers expenses that remain after the primary insurance plan has paid its share, providing additional financial support for healthcare needs.

<b>Conclusion</b>
For the 65-year-old individual with kidney failure under a large-group employer's health insurance plan, Medicare will function as a secondary insurer. This means that Medicare will step in to cover medical expenses that are not fully paid by the primary group health insurance, ensuring comprehensive coverage and financial support for the insured individual.",,Regular,
Insurance Exams,Life Insurance Producer,Oklahoma Insurance Exams,Oklahoma Insurance Practice Questions,,Which of the following is TRUE with regard to benefits and rights for a pregnant new enrollee or dependents?,"Pregnancy-related conditions may be considered in hiring a new enrollee, but not in promoting or evaluating a current enrollee.",Women who take leave for pregnancy beyond 8 weeks cannot be denied accrual of seniority during the portion of the leave that exceeds 8 weeks.,Benefits cannot be denied to a new enrollee for medical costs arising from an existing pregnancy.,Temporary disability for pregnancy-related causes results in lower benefits than temporary disability for work-related causes.,,,,C,"<h2>Benefits cannot be denied to a new enrollee for medical costs arising from an existing pregnancy.</h2>
This statement highlights an important protection for new enrollees, ensuring that they cannot be discriminated against or denied benefits due to medical costs associated with an existing pregnancy.

<b>A) Pregnancy-related conditions may be considered in hiring a new enrollee, but not in promoting or evaluating a current enrollee.</b>
This choice is incorrect as it suggests that pregnancy-related conditions can be a factor in the hiring process, which could lead to discrimination. In reality, it is illegal to consider pregnancy in employment decisions.

<b>B) Women who take leave for pregnancy beyond 8 weeks cannot be denied accrual of seniority during the portion of the leave that exceeds 8 weeks.</b>
This statement is incorrect as it addresses seniority accrual during extended pregnancy leave. Seniority rights during pregnancy leave can vary depending on company policies and legal regulations, and denial of seniority accrual may not always be prohibited.

<b>D) Temporary disability for pregnancy-related causes results in lower benefits than temporary disability for work-related causes.</b>
This choice is incorrect because it suggests that temporary disability benefits for pregnancy-related causes are lower than those for work-related causes. In many cases, temporary disability benefits do not distinguish between the reasons for the disability and are provided based on the individual's needs.

<b>Conclusion</b>
The correct choice, C, emphasizes the protection of new enrollees from benefit denials related to medical costs from an existing pregnancy. This safeguard ensures that individuals are not unfairly deprived of benefits due to pregnancy-related expenses, promoting equality and fairness in healthcare coverage for pregnant new enrollees or their dependents.",,Regular,
Insurance Exams,Life Insurance Producer,Oklahoma Insurance Exams,Oklahoma Insurance Practice Exam,,The period after employment begins before an employee is eligible to be covered for benefits under a health benefit plan offered by the small employer is known as,an open enrollment period.,a special enrollment period.,a waiting period.,an elimination period.,,,,C,"<h2>A waiting period.</h2>
The waiting period is the time between when an employee starts employment and when they become eligible for health benefits through the employer's plan. This period allows the employer to assess the new employee's suitability for coverage and helps manage enrollment logistics efficiently.

<b>A) an open enrollment period.</b>
An open enrollment period is a specified time when employees can enroll in or make changes to their benefits regardless of their employment start date. It is typically an annual event rather than tied to the commencement of employment.

<b>B) a special enrollment period.</b>
A special enrollment period allows employees to enroll in benefits outside the regular enrollment periods under specific circumstances, such as marriage, birth of a child, or loss of other coverage. It is not directly related to the initial employment period.

<b>D) an elimination period.</b>
An elimination period is commonly associated with disability insurance and refers to the time between a disabling event and when benefit payments begin. It is unrelated to the waiting period for health benefits upon commencing employment.

<b>Conclusion</b>
The waiting period distinguishes the time frame after an employee starts working for a small employer but before they qualify for health benefits. It serves as a transitional period to ensure that benefit coverage aligns with the employee's tenure and commitment to the organization. Understanding this distinction helps both employers and employees navigate the complexities of benefit enrollment and eligibility in the workplace.",,Regular,
Insurance Exams,Life Insurance Producer,Oklahoma Insurance Exams,Oklahoma Insurance Practice Questions,,"In terms of consideration, in which of the following circumstances is a health insurance contract effective?",When the insured pays the premium for a plan.,When the insured pays the premium and the policy is issued as applied for.,When the contract has been signed by both the insured and the insurance company.,When the insurance company provides the services promised in the contract.,,,,B,"<h2>When the insured pays the premium and the policy is issued as applied for.</h2>
Upon payment of the premium and successful issuance of the policy as per the application, a health insurance contract becomes effective. This signifies the mutual agreement between the insured and the insurance company, outlining the coverage terms and conditions.

<b>A) When the insured pays the premium for a plan</b>
Merely paying the premium without the issuance of the policy does not establish the effectiveness of the health insurance contract. The formal issuance of the policy is a critical step in finalizing the contractual agreement and activating coverage.

<b>B) When the insured pays the premium and the policy is issued as applied for</b>
This choice correctly captures the point at which a health insurance contract becomes effective. Both payment of the premium by the insured and the issuance of the policy in accordance with the application terms are essential for the contract to be in force.

<b>C) When the contract has been signed by both the insured and the insurance company</b>
Although signing the contract is a significant step in the insurance process, the effectiveness of the contract is contingent upon the payment of the premium and the issuance of the policy. Signing alone does not activate coverage.

<b>D) When the insurance company provides the services promised in the contract</b>
The insurance company fulfilling the services promised in the contract is part of the contractual obligations after the contract becomes effective. However, the effectiveness of the contract itself is established by the payment of the premium and the issuance of the policy.

<b>Conclusion</b>
In the realm of health insurance contracts, the critical juncture marking the contract's effectiveness is when the insured pays the premium and the insurance company issues the policy in alignment with the application details. This process solidifies the agreement between the parties, setting the stage for the provision of the agreed-upon coverage and services outlined in the contract.",,Regular,
Insurance Exams,Life Insurance Producer,Oklahoma Insurance Exams,Oklahoma Insurance Practice Exam,,"When a provider does NOT have an agreement with the insurer for payment, they will be reimbursed",a relative fee.,"a usual, customary, and reasonable fee.",an absolute fee.,a non-scheduled plan customary fee.,,,,B,"<h2>When a provider does NOT have an agreement with the insurer for payment, they will be reimbursed</h2>
In situations where there is no pre-established agreement between a healthcare provider and an insurance company regarding payment terms, the reimbursement method is typically based on a usual, customary, and reasonable fee structure.

<b>A) a relative fee.</b>
A relative fee is not the reimbursement method used when there is no contractual agreement between a healthcare provider and an insurer. Relative fees are more commonly associated with cost-sharing arrangements within specific insurance plans rather than non-contracted reimbursements.

<b>B) a usual, customary, and reasonable fee.</b>
When a provider does not have a payment agreement with an insurer, they are usually reimbursed based on a usual, customary, and reasonable fee. This fee structure establishes a benchmark for the maximum amount that the insurer will cover for specific medical services or procedures.

<b>C) an absolute fee.</b>
An absolute fee is not the typical reimbursement method utilized when there is no contract between a provider and an insurer. The concept of an absolute fee does not align with the standard practices of determining reimbursement rates in the absence of an agreement.

<b>D) a non-scheduled plan customary fee.</b>
A non-scheduled plan customary fee is not the reimbursement approach employed when there is no established agreement between a healthcare provider and an insurer. This term does not correspond to the commonly used fee structures for non-contracted reimbursements.

<b>Conclusion</b>
In cases where there is no prior agreement between a healthcare provider and an insurance company regarding payment terms, the typical method of reimbursement is based on a usual, customary, and reasonable fee structure. This approach aims to standardize reimbursements for medical services provided by non-contracted providers, ensuring a fair and consistent payment framework within the healthcare industry.",,Regular,
Insurance Exams,Life Insurance Producer,Oklahoma Insurance Exams,Oklahoma Insurance Practice Questions,,"Under the time limit on certain defenses provision, an individual accident and sickness policy is incontestable after it has been in force for what period?",30 days,90 days,1 year,2 years,,,,D,"<h2>Policy is incontestable after being in force for 2 years.</h2>
Under the time limit on certain defenses provision, an individual accident and sickness policy becomes incontestable after a specified period, which in this case is 2 years. This provision ensures that after this duration, the insurance company cannot challenge the validity of the policy based on certain factors like misrepresentation or concealment.

<b>A) 30 days</b>
Incontestability under the time limit on certain defenses provision does not occur as early as 30 days after the policy comes into effect. This short timeframe is insufficient for the insurer to assess the accuracy of information provided by the insured or to detect any potential fraud or misrepresentation.

<b>B) 90 days</b>
Similarly, the incontestability of the policy is not established after just 90 days of being in force. Within this period, the insurer may still investigate any discrepancies in the application, ensuring that the policy was issued based on accurate information.

<b>C) 1 year</b>
While one year is a longer duration compared to 30 or 90 days, it is still not the point at which the policy becomes incontestable under the specified provision. During the first year, the insurance company retains the right to contest the policy based on certain grounds.

<b>D) 2 years</b>
Correct. After 2 years of being in effect, the individual accident and sickness policy becomes incontestable under the time limit on certain defenses provision. This means that the insurer's ability to challenge the policy diminishes significantly after this period, providing more certainty and protection for the policyholder.

<b>Conclusion</b>
The incontestability of an individual accident and sickness policy under the time limit on certain defenses provision occurs after it has been in force for 2 years. This timeframe allows for a reasonable period for the insurer to discover any misrepresentations or concealments in the policy application before the policy attains a more secure status for the insured individual.",,Regular,
Insurance Exams,Life Insurance Producer,Oklahoma Insurance Exams,Oklahoma Insurance Practice Exam,,"Under group health insurance, a new employee is covered upon completing the requirements of the",premium period.,incontestability period.,waiting period.,COBRA period.,,,,C,"<h2>Under group health insurance, a new employee is covered upon completing the requirements of the waiting period.</h2>
In group health insurance, the waiting period refers to the duration an individual must wait after becoming eligible for coverage before the insurance benefits become effective. This waiting period is a standard practice to prevent individuals from solely enrolling when they require immediate medical attention.

<b>A) premium period</b>
The premium period in insurance refers to the time frame during which the insurance premium payment is due. It is unrelated to when coverage becomes effective for a new employee under group health insurance.

<b>B) incontestability period</b>
The incontestability period is a specific duration during which the insurance company cannot contest the validity of the policy based on misrepresentation or concealment by the insured. It does not determine when a new employee becomes covered under group health insurance.

<b>D) COBRA period</b>
COBRA, which stands for the Consolidated Omnibus Budget Reconciliation Act, provides employees the right to continue their health insurance coverage after leaving their job. It is not relevant to the initial coverage of a new employee under a group health insurance plan.

<b>Conclusion</b>
In group health insurance, the waiting period is the prerequisite time frame that new employees must complete before their coverage becomes active. This waiting period is designed to ensure that individuals do not enroll in insurance plans solely for immediate medical needs, promoting a balanced and sustainable insurance system.",,Regular,
Insurance Exams,Life Insurance Producer,Oklahoma Insurance Exams,Oklahoma Insurance Practice Questions,,The elimination period in an individual disability insurance policy refers to the,period of time that benefits are still payable after an insurance company discontinues a policy.,amount of time a disabled person must wait before benefits are paid.,point in time when benefits are exhausted.,length of time a policy will continue to pay for specific disabilities.,,,,B,"<h2>The elimination period in an individual disability insurance policy refers to the amount of time a disabled person must wait before benefits are paid.</h2>
The elimination period serves as a waiting period before an individual can start receiving benefits after becoming disabled. It is a crucial aspect of disability insurance policies that helps determine when payments begin based on the policy terms and conditions.

<b>A) period of time that benefits are still payable after an insurance company discontinues a policy.</b>
This choice incorrectly describes the elimination period as the duration for which benefits are still paid after a policy is terminated. In reality, the elimination period is focused on the waiting time before benefits start, not after policy discontinuation.

<b>B) amount of time a disabled person must wait before benefits are paid.</b>
Correct. The elimination period is the waiting period that a disabled individual must endure before becoming eligible for benefit payments under the disability insurance policy.

<b>C) point in time when benefits are exhausted.</b>
This option inaccurately defines the elimination period as the moment when benefits are depleted. In contrast, the elimination period precedes the commencement of benefit payments and does not relate to the exhaustion of benefits.

<b>D) length of time a policy will continue to pay for specific disabilities.</b>
This choice misinterprets the elimination period as the duration during which a policy provides coverage for specific disabilities. However, the elimination period solely concerns the waiting time before benefits are initiated and does not pertain to the length of coverage for particular disabilities.

<b>Conclusion</b>
The elimination period within an individual disability insurance policy signifies the waiting period that an insured individual must undergo before receiving disability benefits. Understanding this concept is essential for policyholders to effectively manage their financial risks in case of disability and to comprehend the timeline for benefit disbursement.",,Regular,
Insurance Exams,Life Insurance Producer,Oklahoma Insurance Exams,Oklahoma Insurance Practice Exam,,"Within a long-term care policy, what provides for a growing cash value or a guaranteed return of some percentage of the premium, minus any paid benefits, if the policy is lapsed or surrendered?",guaranteed insurability,inflation protection,nonforfeiture benefit,cost of living benefit,,,,C,"<h2>Nonforfeiture benefit</h2>
The nonforfeiture benefit within a long-term care policy ensures that a policyholder receives a growing cash value or a guaranteed return of a portion of the premium paid, minus any benefits already received, in the event of policy lapse or surrender. This feature protects the policyholder's investment by providing a financial safety net even if the policy is discontinued.

<b>A) guaranteed insurability</b>
Guaranteed insurability refers to the policyholder's ability to purchase additional coverage at specified future dates without undergoing medical underwriting. This option ensures that the policyholder can increase coverage as needed, but it does not directly relate to the cash value or return of premiums upon policy lapse or surrender.

<b>B) inflation protection</b>
Inflation protection is a feature in long-term care policies that adjusts the benefit levels over time to account for increases in the cost of care due to inflation. While important for maintaining the purchasing power of benefits, inflation protection does not address the cash value or return of premiums if the policy is lapsed or surrendered.

<b>D) cost of living benefit</b>
A cost of living benefit is designed to increase the policy's benefit amount over time to keep pace with the rising cost of living expenses. This feature helps policyholders maintain adequate coverage in the face of inflation but does not directly relate to the cash value or guaranteed return of premiums in the event of policy lapse or surrender.

<b>Conclusion</b>
The nonforfeiture benefit in a long-term care policy stands out as a crucial provision that safeguards policyholders' financial interests. By ensuring the accumulation of a cash value or a guaranteed return of premiums, minus benefits paid, upon policy lapse or surrender, this feature provides a layer of protection and financial security for individuals investing in long-term care coverage.",,Regular,
Insurance Exams,Life Insurance Producer,Oklahoma Insurance Exams,Oklahoma Insurance Practice Questions,,The Consolidated Omnibus Budget Reconciliation Act (COBRA) of 1985 allows an employee to,"qualify for medical insurance when changing jobs, even if she has a preexisting medical condition that might otherwise disqualify her.",collect unemployment insurance upon involuntary termination from her current employer.,elect to receive a cash stipend in lieu of medical coverage when her preferred medical provider is not covered by her group medical plan.,continue his/her group medical insurance by self-paying the premiums after employment has been terminated.,,,,D,"<h2>Continuing group medical insurance by self-paying the premiums after employment has been terminated.</h2>
The Consolidated Omnibus Budget Reconciliation Act (COBRA) of 1985 allows individuals to maintain their group health insurance coverage for a limited period, typically up to 18 months after termination, by self-paying the premiums. This provision offers a safety net for individuals who would otherwise lose their health insurance benefits upon leaving a job.

<b>A) Qualify for medical insurance when changing jobs, even with a preexisting condition</b>
While COBRA does allow for the continuation of existing group health insurance coverage, it does not specifically address preexisting conditions or guarantee eligibility for new coverage when changing jobs. COBRA primarily focuses on maintaining the existing coverage level for a temporary period after job loss.

<b>B) Collect unemployment insurance upon involuntary termination</b>
Unemployment insurance, typically governed by separate state regulations, provides financial assistance to individuals who have lost their jobs through no fault of their own. It is distinct from COBRA, which pertains specifically to health insurance continuation.

<b>C) Elect to receive a cash stipend instead of medical coverage</b>
COBRA does not provide the option to receive a cash stipend in place of medical coverage. It mandates the continuation of existing group health insurance plans, ensuring that individuals have the opportunity to maintain their coverage for a defined period after leaving employment.

<b>Conclusion</b>
The correct answer, option D, aligns with the core principle of COBRA, which allows individuals to continue their group medical insurance by self-paying the premiums after their employment has been terminated. This provision serves as a vital bridge for maintaining health insurance coverage during transitional periods, safeguarding individuals and their families from potential gaps in healthcare protection.",,Regular,
Insurance Exams,Life Insurance Producer,Oklahoma Insurance Exams,Oklahoma Insurance Practice Exam,,Insurers offering dental care plans minimize adverse selection by,giving insureds a wide choice of treatment options and costs.,offering some plans on an individual basis.,allowing insureds to postpone treatment until coverage takes effect.,limiting benefits for cosmetic procedures.,,,,D,"<h2>Limiting benefits for cosmetic procedures.</h2>
By restricting coverage for cosmetic procedures, insurers can lower the attractiveness of the plan to individuals seeking primarily elective treatments. This limitation discourages individuals who do not require essential dental care from selecting the plan solely for non-essential services, thus reducing adverse selection.

<b>A) Giving insureds a wide choice of treatment options and costs</b>
Offering a wide range of treatment options and costs may attract individuals seeking comprehensive coverage for various dental services. While this approach can enhance customer satisfaction, it does not directly address adverse selection concerns related to individuals exploiting coverage for non-essential cosmetic procedures.

<b>B) Offering some plans on an individual basis</b>
Providing plans on an individual basis can tailor coverage to specific needs, potentially reducing adverse selection by aligning benefits with individual requirements. However, this customization does not inherently mitigate adverse selection unless plan structures effectively deter individuals seeking coverage primarily for non-essential treatments.

<b>C) Allowing insureds to postpone treatment until coverage takes effect</b>
Permitting insured individuals to delay treatment until coverage begins can be a customer-friendly feature, but it does not directly address the issue of adverse selection. Delaying treatment does not influence the selection of the plan based on the coverage of cosmetic procedures.

<b>D) Limiting benefits for cosmetic procedures</b>
By restricting coverage for cosmetic procedures, insurers can lower the attractiveness of the plan to individuals seeking primarily elective treatments. This limitation discourages individuals who do not require essential dental care from selecting the plan solely for non-essential services, thus reducing adverse selection.

<b>Conclusion</b>
Minimizing adverse selection in dental care plans involves implementing strategies that deter individuals from selecting coverage for non-essential services. Limiting benefits for cosmetic procedures is an effective method to discourage adverse selection by ensuring that individuals choose the plan for essential dental care needs rather than elective cosmetic treatments.",,Regular,
Insurance Exams,Life Insurance Producer,Oklahoma Insurance Exams,Oklahoma Insurance Practice Questions,,What is the correct term for an individual who is required to be licensed under the laws of this state to negotiate the sale of insurance?,insurance appraiser,insurance adjuster,insurance producer,insurance underwriter,,,,C,"<h2>Insurance producer</h2>
An individual mandated to hold a state license to negotiate insurance sales falls under the designation of an insurance producer. This role involves activities like selling, soliciting, or negotiating insurance contracts on behalf of an insurance company.

<b>A) Insurance appraiser</b>
Insurance appraisers assess and determine the value of insured items or property in the event of a claim, providing estimates for repair or replacement costs. Their role focuses on valuation rather than sales negotiations.

<b>B) Insurance adjuster</b>
Insurance adjusters investigate insurance claims to determine coverage, liability, and settlement amounts. They do not typically engage in the direct sale or negotiation of insurance policies.

<b>D) Insurance underwriter</b>
Insurance underwriters evaluate risks associated with insuring individuals or assets and determine the terms and conditions of insurance policies. Their primary role is to assess risk, set premiums, and decide on coverage, rather than engaging in sales negotiations.

<b>Conclusion</b>
The term ""insurance producer"" specifically refers to individuals who must be licensed under state laws to negotiate the sale of insurance policies. This designation encompasses responsibilities related to selling, soliciting, and negotiating insurance contracts on behalf of insurance companies, distinguishing it from roles such as appraisers, adjusters, and underwriters within the insurance industry.",,Regular,
Insurance Exams,Life Insurance Producer,Oklahoma Insurance Exams,Oklahoma Insurance Practice Exam,,"Insurers do business in Oklahoma only after a thorough financial review. Insurance policies written in Oklahoma, that are protected by the Guaranty Association, protect policyowners in the event an admitted company",depletes its loss reserves.,becomes financially insolvent.,merges with a foreign insurer.,cannot meet its capital surplus requirements.,,,,B,"<h2>Insurers do business in Oklahoma only after a thorough financial review.</h2>
This requirement ensures that insurance companies operating within the state meet specific financial stability criteria, safeguarding the interests of policyholders and maintaining the overall integrity of the insurance market in Oklahoma.

<b>A) depletes its loss reserves.</b>
Depleting loss reserves may indicate financial strain for an insurance company, but the scenario described does not necessarily lead to financial insolvency, which is the primary concern addressed by the Guaranty Association in protecting policyholders.

<b>B) becomes financially insolvent.</b>
The Guaranty Association steps in to protect policyowners in the event that an insurance company becomes financially insolvent, meaning it is unable to meet its financial obligations. This safety net ensures that policyholders are not left without coverage or compensation in such circumstances.

<b>C) merges with a foreign insurer.</b>
Merging with a foreign insurer does not inherently indicate financial instability or insolvency. While such business transactions may have regulatory implications, they do not directly relate to the Guaranty Association's role in protecting policyholders from the consequences of financial insolvency.

<b>D) cannot meet its capital surplus requirements.</b>
Failing to meet capital surplus requirements may signal financial difficulties for an insurance company, but it does not automatically trigger the protections offered by the Guaranty Association. The primary concern lies in the company's financial solvency and its ability to fulfill its obligations to policyholders.

<b>Conclusion</b>
The Guaranty Association in Oklahoma serves as a crucial safety net for policyholders by providing protection in the event that an insurance company becomes financially insolvent. By ensuring that insurers undergo thorough financial reviews before conducting business in the state, Oklahoma upholds standards that prioritize the financial security and well-being of insurance policyholders.",,Regular,
Insurance Exams,Life Insurance Producer,Oklahoma Insurance Exams,Oklahoma Insurance Practice Questions,,Misrepresenting the advantages and benefits of a new policy to induce replacement of an existing policy is,rebating.,twisting.,forfeiting.,defamation.,,,,B,"<h2>Twisting.</h2>
Misrepresenting the advantages and benefits of a new policy to induce replacement of an existing policy is known as twisting. This practice involves distorting information to manipulate individuals into making decisions they might not have made with accurate information.

<b>A) Rebating</b>
Rebating refers to the practice of giving a customer a portion of the commission earned on their insurance policy as an incentive to purchase. It is not related to misrepresenting policies to induce replacements.

<b>C) Forfeiting</b>
Forfeiting involves giving up a right, privilege, or property voluntarily. It does not relate to the act of misrepresentation to induce policy replacements.

<b>D) Defamation</b>
Defamation is the action of damaging the good reputation of someone through false statements. While it involves spreading false information, it is not specific to misrepresenting policies for replacement purposes.

<b>Conclusion</b>
Twisting is the term used to describe the unethical practice of misrepresenting the benefits of a new policy to persuade individuals to replace an existing policy. By distorting information, individuals may be misled into making decisions that are not in their best interests. It is important to recognize and avoid such tactics to ensure transparency and fairness in decision-making processes.",,Regular,
Insurance Exams,Life Insurance Producer,Oklahoma Insurance Exams,Oklahoma Insurance Practice Exam,,"In addition to the application, MIB, or consumer reports, underwriters can acquire information from all of the following EXCEPT",genetic testing.,medical questionnaires.,physical examinations.,attending physician statements.,,,,A,"<h2>Underwriters can acquire information from all of the following EXCEPT genetic testing.</h2>
Underwriters have access to various sources of information to assess risk factors and determine insurability. While medical questionnaires, physical examinations, and attending physician statements provide valuable health details, genetic testing is typically not utilized in the underwriting process due to privacy concerns and ethical considerations.

<b>A) genetic testing</b>
Genetic testing involves analyzing an individual's DNA for specific genetic variations that may indicate predispositions to certain health conditions. Although genetic information can offer valuable insights into potential health risks, underwriters generally do not use this data in their assessments due to legal and ethical considerations surrounding genetic privacy and discrimination.

<b>B) medical questionnaires</b>
Medical questionnaires are forms completed by applicants to provide details about their medical history, current health status, and lifestyle choices. Underwriters use this information to evaluate potential health risks and determine appropriate insurance coverage based on the applicant's disclosed medical conditions and health habits.

<b>C) physical examinations</b>
Physical examinations are conducted by healthcare professionals to assess an individual's overall health status, including vital signs, physical condition, and potential health issues. Underwriters may request physical exams to gather objective health data and detect any underlying medical conditions that could impact insurance decisions.

<b>D) attending physician statements</b>
Attending physician statements are medical reports provided by an applicant's healthcare providers, offering detailed information about the individual's medical history, current health status, and any ongoing treatments or conditions. Underwriters rely on these statements to gain insights from healthcare professionals familiar with the applicant's health background.

<b>Conclusion</b>
Underwriters rely on a variety of sources to gather information necessary for assessing insurance risk and determining coverage eligibility. While medical questionnaires, physical examinations, and attending physician statements are commonly used to evaluate applicants' health profiles, genetic testing is typically excluded from the underwriting process due to concerns related to genetic privacy, discrimination, and the complex ethical implications of using genetic data in insurance decision-making.",,Regular,
Insurance Exams,Life Insurance Producer,Oklahoma Insurance Exams,Oklahoma Insurance Practice Questions,,An insured individual has major medical insurance with first dollar coverage. How does the first dollar coverage impact benefits paid?,"A specified percentage of each expense is paid by the insurance company, and the insured must pay the remainder of the claim.",The individual must pay a specified dollar amount toward each expense before the insurance company will pay.,"Expenses are reimbursed at a scheduled amount, and any additional payments by the insured go toward the deductible.",No deductible payment is required before expenses are reimbursed.,,,,D,"<h2>No deductible payment is required before expenses are reimbursed.</h2>
First dollar coverage in major medical insurance signifies that the insured does not need to fulfill any deductible obligations before receiving reimbursement for covered expenses. This feature streamlines the claims process and ensures immediate financial assistance without initial out-of-pocket costs.

<b>A) A specified percentage of each expense is paid by the insurance company, and the insured must pay the remainder of the claim.</b>
This scenario describes a coinsurance model where the insurance company and the insured share expenses based on a predetermined percentage split. It does not align with the concept of first dollar coverage, which eliminates the need for any initial payments by the insured.

<b>B) The individual must pay a specified dollar amount toward each expense before the insurance company will pay.</b>
Requiring the insured to make a specified dollar amount payment before insurance coverage kicks in represents a deductible system rather than first dollar coverage. With first dollar coverage, the insured receives benefits without any upfront payments.

<b>C) Expenses are reimbursed at a scheduled amount, and any additional payments by the insured go toward the deductible.</b>
This statement reflects a common insurance practice where expenses are reimbursed up to a certain limit, and any further payments contribute to meeting the deductible amount. In contrast, first dollar coverage eliminates the need for deductible payments altogether.

<b>Conclusion</b>
First dollar coverage in major medical insurance stands out for its unique feature of not necessitating any deductible payment before expenses are reimbursed. This characteristic provides immediate financial relief to the insured without initial financial burdens, enhancing accessibility to healthcare services and reducing financial barriers to seeking medical treatment.",,Regular,
Insurance Exams,Life Insurance Producer,Oklahoma Insurance Exams,Oklahoma Insurance Practice Exam,,"The Oklahoma Insurance Commissioner may place on probation, censure, suspend, revoke, or refuse to issue a license to an applicant for all of the following causes EXCEPT",having been convicted of a misdemeanor.,"providing incorrect, misleading, or materially untrue information in the license application.",failing to pay state taxes.,having admitted to have committed fraud.,,,,A,"<h2>Having been convicted of a misdemeanor.</h2>
This option is incorrect because the Oklahoma Insurance Commissioner does not have the authority to take action based on an individual's conviction of a misdemeanor. The Commissioner's power to take disciplinary actions is typically related to professional conduct and compliance issues rather than criminal offenses.

<b>A) having been convicted of a misdemeanor.</b>
This choice is the correct answer as the Oklahoma Insurance Commissioner does not have the legal authority to take disciplinary action against an individual solely based on a misdemeanor conviction. The Commissioner's jurisdiction primarily covers matters related to insurance regulations and professional conduct within the industry.

<b>B) providing incorrect, misleading, or materially untrue information in the license application.</b>
If an applicant provides false or misleading information in their license application, the Oklahoma Insurance Commissioner has the authority to take disciplinary actions. This is considered a serious violation as it undermines the integrity of the licensing process and can lead to penalties or license revocation.

<b>C) failing to pay state taxes.</b>
Failure to pay state taxes is a potential cause for disciplinary action by the Oklahoma Insurance Commissioner. Non-compliance with tax obligations can be viewed as a reflection of the individual's financial responsibility and may raise concerns about their suitability to hold an insurance license.

<b>D) having admitted to have committed fraud.</b>
Admitting to committing fraud is a serious offense that can result in disciplinary action by the Oklahoma Insurance Commissioner. Fraudulent activities directly undermine the trust and reliability expected within the insurance industry, warranting severe consequences for those involved.

<b>Conclusion</b>
In summary, the Oklahoma Insurance Commissioner may take various disciplinary actions against license holders or applicants for reasons such as providing false information, tax delinquency, or involvement in fraudulent activities. However, the Commissioner does not have the authority to penalize individuals based solely on a misdemeanor conviction, as criminal matters fall under the jurisdiction of the legal system rather than professional regulatory bodies.",,Regular,
Insurance Exams,Life Insurance Producer,Pennsylvania Insurance Exams,Pennsylvania Insurance License Practice Test,,Which status indicator is selected?,OA,OB,OC,OD,,,,B,"<h2>OB is the selected status indicator.</h2>  
The status indicator OB is chosen as it represents the correct option in this context, distinguishing it from the other available choices.

<b>A) OA</b>  
OA is not the selected status indicator, as it does not meet the criteria established for this specific selection. This option likely represents an alternative state or condition that is not applicable in this situation.

<b>B) OB</b>  
OB is the correct answer, indicating the status being referenced. It is specifically chosen based on the parameters outlined in the question, making it the relevant option for this context.

<b>C) OC</b>  
OC does not represent the selected status indicator, as it is not aligned with the criteria required for selection. This option could signify a different status that is outside the scope of the question being asked.

<b>D) OD</b>  
OD is similarly not the selected status indicator, as it likely indicates yet another alternative status that is not applicable here. This choice does not fulfill the requirements for the correct response as dictated by the question.

<b>Conclusion</b>  
In summary, the status indicator OB is the only option that satisfies the selection criteria outlined in the question, confirming its status as the correct choice. The other options—OA, OC, and OD—fail to meet these requirements and thus do not qualify as the selected indicator. Understanding the distinctions between these options is crucial for accurate identification and application in various contexts.",,Regular,
Insurance Exams,Life Insurance Producer,Pennsylvania Insurance Exams,Pennsylvania Insurance Study Questions,,Which of the following provides life insurance protection for a specified period of time?,variable life insurance,universal life insurance,term life insurance,whole life insurance,,,,C,"<h2>Term life insurance provides life insurance protection for a specified period of time.</h2>  
Term life insurance is designed to provide coverage for a specific duration, often ranging from one to thirty years, ensuring that beneficiaries receive a death benefit if the insured passes away during that period. This type of policy contrasts with permanent life insurance, which covers the insured for their entire lifetime.

<b>A) Variable life insurance</b>  
Variable life insurance includes both a death benefit and a cash value component that can fluctuate based on the performance of investments chosen by the policyholder. While it provides lifelong coverage, it does not limit protection to a specified period; thus, it doesn't fit the question's requirements.

<b>B) Universal life insurance</b>  
Universal life insurance is a flexible permanent policy that allows policyholders to adjust premiums and death benefits. Like variable life, it provides lifelong protection rather than coverage for a specified period, making it unsuitable for the question's criteria.

<b>C) Term life insurance</b>  
Term life insurance specifically offers protection for a defined term, meaning it pays a death benefit only if the insured dies within that set timeframe. This makes it the correct choice, as it directly addresses the question of providing life insurance for a specified period.

<b>D) Whole life insurance</b>  
Whole life insurance is a type of permanent life insurance that offers coverage for the entire lifetime of the insured, along with a cash value component that grows over time. As it does not limit the period of coverage, it does not meet the specifications outlined in the question.

<b>Conclusion</b>  
Among the options presented, term life insurance is uniquely designed to provide life insurance protection for a specific duration, distinguishing it from other types of life insurance that offer lifelong coverage. Understanding the differences between these policies is essential for consumers seeking appropriate life insurance solutions tailored to their needs.",,Regular,
Insurance Exams,Life Insurance Producer,Pennsylvania Insurance Exams,Pennsylvania Insurance License Practice Test,,Which acceptance status is selected?,Accept,Decline,Pending,OB,,,,A,"<h2>Accept is the selected acceptance status.</h2>  
The acceptance status indicates the decision regarding an application or proposal, and in this case, ""Accept"" signifies a positive response to the submission.

<b>A) Accept</b>  
This choice directly reflects the selected status, indicating that the application or proposal has been positively reviewed and approved.

<b>B) Decline</b>  
Choosing ""Decline"" would indicate a negative response to the application or proposal, suggesting it has been rejected. This is the opposite of the selected status and does not represent an acceptance decision.

<b>C) Pending</b>  
The ""Pending"" status signifies that a decision has not yet been made regarding the application or proposal. While it indicates an ongoing review process, it does not imply acceptance, making it an incorrect choice.

<b>D) OB</b>  
""OB"" does not represent a standard acceptance status in most contexts, and without additional context, it is unclear what this acronym stands for. It is neither a common status nor related to acceptance decisions.

<b>Conclusion</b>  
The selected acceptance status of ""Accept"" confirms the approval of the application or proposal. In contrast, the options ""Decline"" and ""Pending"" represent negative or uncertain responses, while ""OB"" lacks clarity and relevance. Understanding these distinctions is crucial in decision-making processes, ensuring clear communication regarding acceptance statuses.",,Regular,
Insurance Exams,Life Insurance Producer,Pennsylvania Insurance Exams,Pennsylvania Insurance Study Questions,,Which status indicator is selected for the account?,OA,OB,OC,OD,,,,B,"<h2>OB is the selected status indicator for the account.</h2>  
The status indicator 'OB' has been designated for the account, indicating its current state or condition as per the relevant criteria established for account management. This choice reflects the specific requirements or classifications necessary for effective account monitoring.

<b>A) OA</b>  
Selecting 'OA' would imply a different status that does not align with the specific conditions set for this account. This status may represent an alternative classification that could indicate a different operational or administrative state, which does not correspond to the chosen indicator.

<b>B) OB</b>  
'OB' is the correct choice as it signifies the appropriate status for the account. This designation aligns with established parameters or guidelines that dictate how accounts are categorized based on their operational state, ensuring clarity and effective management.

<b>C) OC</b>  
Choosing 'OC' indicates a status that diverges from the requirements for this particular account. This option likely corresponds to a different set of criteria or indicates an alternative condition that does not accurately represent the current status of the account in question.

<b>D) OD</b>  
The status 'OD' suggests a classification that is not applicable to this account based on its current state. This selection may be used for other accounts, but it fails to meet the specific criteria required for the account being evaluated here.

<b>Conclusion</b>  
The selection of status indicators is critical for accurately representing the condition of accounts. In this case, 'OB' serves as the correct indicator, reflecting the account's specific status as defined by its operational requirements. The other options—'OA', 'OC', and 'OD'—represent alternative statuses that do not apply, emphasizing the importance of choosing the correct indicator for effective account management.",,Regular,
Insurance Exams,Life Insurance Producer,Pennsylvania Insurance Exams,Pennsylvania Insurance License Practice Test,,A renewable term life insurance policy allows the policyowner the right to renew the policy:,Without evidence of insurability,Only with evidence of insurability,With higher benefits,At reduced premium rates,,,,A,"<h2>Without evidence of insurability.</h2>  
A renewable term life insurance policy permits the policyowner to renew the policy without having to provide evidence of insurability, ensuring continued coverage regardless of changes in health status. This feature is crucial for policyholders who may develop health issues after the initial purchase, allowing them to maintain their insurance protection.

<b>A) Without evidence of insurability</b>  
This choice aptly describes the fundamental benefit of a renewable term life insurance policy. When renewing, the policyowner is not required to undergo medical underwriting or provide proof of good health, which can be particularly advantageous if their health has declined since the original policy was issued.

<b>B) Only with evidence of insurability</b>  
This choice is incorrect because a renewable term life insurance policy specifically allows for renewal without needing evidence of insurability. This means that policyholders can renew their coverage without the potential barriers that health assessments might impose, making it less favorable than the correct option.

<b>C) With higher benefits</b>  
This option is misleading as the renewal of a term life insurance policy typically does not increase the benefits automatically. While some policies may offer the option to increase coverage upon renewal, this is not a standard feature of renewable term life insurance and thus does not represent a universal characteristic.

<b>D) At reduced premium rates</b>  
This choice is incorrect because renewing a term life insurance policy often results in higher premium rates due to the insured's increased age or changes in health status. Therefore, a reduction in rates is not a guaranteed feature of policy renewal.

<b>Conclusion</b>  
Renewable term life insurance policies are designed to offer peace of mind by allowing policyholders to renew their coverage without having to provide evidence of insurability. This feature is pivotal for those whose health may have changed, contrasting with other options that incorrectly suggest conditions or changes in benefits or premium rates. Understanding these distinctions is essential for selecting the right life insurance policy to meet individual needs.",,Regular,
Insurance Exams,Life Insurance Producer,Pennsylvania Insurance Exams,Pennsylvania Insurance Study Questions,,Which type of life insurance policy combines annual renewable term insurance with a cash value account?,Whole life,Universal life,Endowment,Variable life,,,,B,"<h2>Universal life insurance combines annual renewable term insurance with a cash value account.</h2>  
Universal life insurance is a flexible premium, adjustable benefit type of permanent life insurance that allows policyholders to combine the benefits of term insurance with a cash value component that grows over time. This unique feature allows for adjustments in premium payments and death benefits, making it an adaptable choice for many consumers.

<b>A) Whole life</b>  
Whole life insurance provides coverage for the life of the insured and includes a cash value component that grows at a fixed rate. Unlike universal life, whole life policies have fixed premiums and death benefits, lacking the flexibility to adjust as life circumstances change. This rigidity makes whole life distinct from universal life, which allows for annual renewable term insurance features.

<b>B) Universal life</b>  
Universal life insurance is designed specifically to combine the benefits of annual renewable term insurance with a cash value account. It allows policyholders to adjust their premiums and death benefits, providing the flexibility to meet changing financial needs while also accumulating cash value over time. This makes it the correct answer as it directly matches the criteria specified in the question.

<b>C) Endowment</b>  
Endowment insurance pays out a lump sum either on a specific date or upon the death of the insured, whichever occurs first. While it may have a cash value component, it does not function as an annual renewable term policy and typically has a fixed term. This fundamentally distinguishes endowment policies from universal life insurance.

<b>D) Variable life</b>  
Variable life insurance includes both a death benefit and a cash value component, but the cash value is invested in various investment options, which can lead to fluctuating cash values and death benefits. Unlike universal life insurance, it does not combine annual renewable term features and presents more investment risk, making it less suitable for those seeking the combination specified.

<b>Conclusion</b>  
Universal life insurance uniquely integrates annual renewable term coverage with a cash value account, allowing for premium and benefit adjustments over time. This feature distinguishes it from whole life, endowment, and variable life policies, which each offer different structures and benefits. Understanding these differences is essential for selecting the appropriate life insurance based on individual financial goals and needs.",,Regular,
Insurance Exams,Life Insurance Producer,Pennsylvania Insurance Exams,Pennsylvania Insurance License Practice Test,,Which fine-amount tier is pre-selected?,$500,"$1,000","$1,500","$2,000",,,,B,"<h2>$1,000 is the pre-selected fine-amount tier.</h2>  
The pre-selected fine amount is typically set to $1,000 as a standard option in many systems, providing a balance between affordability and enforcement of regulations. This tier is often chosen to encourage compliance while still being significant enough to deter violations.

<b>A) $500</b>  
This amount represents a lower tier that may be used for minor infractions or first-time offenses. However, it is not the standard pre-selected amount, which is generally higher to ensure a more substantial deterrent effect for repeat offenders.

<b>B) $1,000</b>  
This is the correct answer as it is the pre-selected fine-amount tier commonly employed in various regulatory frameworks. The choice of $1,000 strikes a balance between being a serious penalty while still being manageable for most individuals or businesses.

<b>C) $1,500</b>  
While this tier could be used for more serious violations, it is not the standard pre-selected option. Setting a fine at this level may deter some individuals but could also create barriers for compliance among those who may struggle to pay such amounts.

<b>D) $2,000</b>  
This amount is typically reserved for significant violations or repeat offenders and is less likely to be the pre-selected fine. It serves as a higher penalty, which may not be appropriate for initial infractions or cases where a more moderate fine is warranted.

<b>Conclusion</b>  
The pre-selected fine amount is set at $1,000, reflecting a common standard aimed at promoting compliance without imposing excessive financial burdens. Lower amounts like $500 may not serve as effective deterrents, while higher amounts like $1,500 and $2,000 are typically reserved for more serious violations. Thus, $1,000 serves as a practical middle ground in fine structures.",,Regular,
Insurance Exams,Life Insurance Producer,Pennsylvania Insurance Exams,Pennsylvania Insurance Study Questions,,Which of the following is a characteristic of a straight life policy?,Limited premium payments,Protection until age 65,Protection until age 100 and level premiums,Increasing face amount each year,,,,C,"<h2>Protection until age 100 and level premiums.</h2>  
A straight life policy, also known as whole life insurance, provides coverage for the insured's entire lifetime, typically until age 100, and requires consistent, level premium payments throughout the life of the policy. This structure ensures that the policy remains in force as long as premiums are paid, offering both a death benefit and a cash value component.

<b>A) Limited premium payments</b>  
Limited premium payments refer to policies where the insured pays premiums for a specified period rather than for their entire life. This characteristic is not applicable to straight life policies, which require premiums to be paid throughout the insured's life, making this choice incorrect.

<b>B) Protection until age 65</b>  
Protection until age 65 typically pertains to term life insurance or specific types of limited-duration policies. Straight life policies are designed to offer lifelong coverage, making this statement inaccurate as they do not expire at a predetermined age like 65.

<b>D) Increasing face amount each year</b>  
Policies with an increasing face amount generally refer to those that provide a growing death benefit, which is not a feature of straight life policies. Instead, straight life policies maintain a level death benefit, ensuring that the amount paid out upon the insured's death remains constant.

<b>Conclusion</b>  
A straight life policy is characterized by lifelong protection until age 100 and consistent, level premiums. In contrast, the other options describe features of different types of insurance policies, such as limited payment terms, age-bound coverage, or variable death benefits. Understanding these distinctions is crucial for selecting the appropriate life insurance product based on individual needs and financial goals.",,Regular,
Insurance Exams,Life Insurance Producer,Pennsylvania Insurance Exams,Pennsylvania Insurance License Practice Test,,The accumulated cash value of a whole life insurance policy becomes the,Face amount payable upon the insuredÃ¢â‚¬â„¢s death.,Funds used to offset policy administration and conversion expenses.,Policy loan value upon which the policyowner may borrow.,Amount used to purchase paid up additions to the insuredÃ¢â‚¬â„¢s policy.,,,,C,"<h2>Policy loan value upon which the policyowner may borrow.</h2>  
The accumulated cash value of a whole life insurance policy serves as a reserve that policyowners can borrow against, providing financial flexibility while maintaining the policy's benefits. This feature allows the policyowner to access funds without needing to surrender the policy.

<b>A) Face amount payable upon the insured's death.</b>  
The face amount of a whole life insurance policy refers to the sum that is paid out to beneficiaries upon the insured's death, not the accumulated cash value. While the cash value contributes to the overall financial benefits of the policy, it does not directly correlate to the face amount, which is fixed based on the policy terms.

<b>B) Funds used to offset policy administration and conversion expenses.</b>  
The cash value may indirectly help with policy expenses, but it is not specifically earmarked for administrative or conversion costs. These expenses are typically covered through the premiums paid by the policyowner rather than from the accumulated cash value, which is primarily intended for the policyowner's benefit.

<b>D) Amount used to purchase paid up additions to the insured's policy.</b>  
Paid-up additions are indeed an option for utilizing the cash value, but they represent a choice rather than the inherent purpose of the accumulated cash value. While the cash value can be used for this purpose, its primary function is to serve as a loan value that policyowners can borrow against if needed.

<b>Conclusion</b>  
The cash value of a whole life insurance policy primarily acts as a policy loan value, allowing policyowners to borrow funds while retaining their insurance coverage. This flexible financial resource distinguishes it from other characteristics of the policy, such as the face amount or administrative expenses. Understanding this function is crucial for effective financial planning and maximizing the benefits of whole life insurance.",,Regular,
Insurance Exams,Life Insurance Producer,Pennsylvania Insurance Exams,Pennsylvania Insurance Study Questions,,"An insured has a 20-pay life policy with a paid-up dividend option. In this option, the insured may",Waive premium payments until the policy has accumulated enough cash values to pay it up for 20 years.,Pay up the policy early by using accumulated cash values.,Pay up the policy early by using policy dividends.,Use policy dividends to reduce the premium after 20 years.,,,,C,"<h2>Pay up the policy early by using policy dividends.</h2>  
In a paid-up dividend option, the insured can utilize the dividends generated by the policy to pay off the remaining premiums, allowing them to fully fund the policy before the end of the 20-year payment period.

<b>A) Waive premium payments until the policy has accumulated enough cash values to pay it up for 20 years.</b>  
This choice incorrectly suggests that the insured can pause premium payments entirely until cash values accumulate. However, a paid-up dividend option specifically allows dividends to be used for premium payments, rather than waiving them until cash values reach a certain level.

<b>B) Pay up the policy early by using accumulated cash values.</b>  
While using accumulated cash values to pay up a policy is a valid concept, this option does not pertain to the paid-up dividend option. The specific feature of using dividends for premium payments is what distinguishes this option from merely utilizing cash values.

<b>D) Use policy dividends to reduce the premium after 20 years.</b>  
This choice implies that dividends can only be used after the 20-year period, which is incorrect. The paid-up dividend option allows dividends to pay premiums during the policy's term, not as a reduction after the payment period.

<b>Conclusion</b>  
The paid-up dividend option within a 20-pay life policy allows the insured to use dividends to pay premiums early, thus fully funding the policy before the standard payment period ends. This feature distinguishes it from options that involve cash values or postponing payments. Understanding this option is crucial for policyholders aiming to maximize their benefits and manage their insurance effectively.",,Regular,
Insurance Exams,Life Insurance Producer,Pennsylvania Insurance Exams,Pennsylvania Insurance License Practice Test,,Which simple letter option is chosen?,A,B,C,D,,,,B,"<h2>Option B is the correct choice.</h2>  
In this question, the task is to identify the correct letter option, which is explicitly indicated as B. This choice is straightforward and serves as the primary focus of the question.

<b>A) A</b>  
Choosing option A does not align with the correct answer as specified. While A is a valid choice, it does not correspond to the designated correct answer of B. Therefore, selecting A would be incorrect in the context of this question.

<b>B) B</b>  
Option B is the correct answer as it directly matches the answer indicated in the question. This option fulfills the requirement of identifying the correct simple letter option without any ambiguity, making it the appropriate choice.

<b>C) C</b>  
Selecting option C fails to meet the criteria for the correct answer. Although it is another viable letter option, it does not match the correct designation of B. Consequently, choosing C would lead to an incorrect response in this scenario.

<b>D) D</b>  
Option D, like options A and C, is not the correct answer. While D is a legitimate choice, it does not correspond to the specified correct answer of B. Therefore, choosing D would also result in an incorrect response.

<b>Conclusion</b>  
The question asks for the identification of a simple letter option, with the correct answer being B. Options A, C, and D do not fulfill the requirement of correctly identifying the answer and thus are not suitable choices. Recognizing the correct option is essential for accurately responding to the question.",,Regular,
Insurance Exams,Life Insurance Producer,Pennsylvania Insurance Exams,Pennsylvania Insurance Study Questions,,What does the automatic premium loan provision do?,Terminates the policy if the premium is not paid,Applies a policy loan to cover overdue premiums,Waives the premium if insured is disabled,Extends term insurance coverage,,,,B,"<h2>Applies a policy loan to cover overdue premiums.</h2>  
The automatic premium loan provision allows an insurance policyholder to borrow against the cash value of their policy to automatically pay any overdue premiums, thereby preventing the policy from lapsing.

<b>A) Terminates the policy if the premium is not paid</b>  
This option is incorrect because the automatic premium loan provision is specifically designed to prevent policy termination due to non-payment. Instead of terminating the policy, it enables the use of a policy loan to cover missed premiums.

<b>B) Applies a policy loan to cover overdue premiums</b>  
This statement accurately describes the function of the automatic premium loan provision. By utilizing the cash value of the policy, the insurer can automatically take out a loan to keep the policy in force, even if premiums are not paid on time.

<b>C) Waives the premium if insured is disabled</b>  
This choice does not relate to the automatic premium loan provision. While some policies include a waiver of premium benefit in cases of disability, it is a separate provision and does not involve borrowing against the policy's cash value to cover premiums.

<b>D) Extends term insurance coverage</b>  
This option is misleading as the automatic premium loan provision does not extend term insurance coverage. Instead, it is focused on maintaining the existing policy by covering overdue premiums through a loan, not modifying the coverage terms.

<b>Conclusion</b>  
The automatic premium loan provision serves as a safeguard for policyholders by allowing them to borrow from their policy's cash value in order to cover overdue premiums, thus preventing policy lapse. Options A, C, and D misrepresent the purpose of this provision, highlighting the importance of understanding the specific roles of various insurance policy features.",,Regular,
Insurance Exams,Life Insurance Producer,Pennsylvania Insurance Exams,Pennsylvania Insurance License Practice Test,,Which of the following is considered a tax-qualified retirement plan?,Executive deferred compensation,Equity indexed,Defined contribution,Installment refund,,,,C,"<h2>Defined contribution plans are considered tax-qualified retirement plans.</h2>  
Defined contribution plans, such as 401(k) plans, are structured to provide tax advantages to both employers and employees, allowing contributions to grow tax-deferred until withdrawal. These plans meet specific IRS requirements, making them tax-qualified and eligible for favorable tax treatment.

<b>A) Executive deferred compensation</b>  
Executive deferred compensation plans are typically non-qualified plans that allow executives to defer a portion of their income to a future date. Unlike tax-qualified retirement plans, these arrangements do not meet IRS requirements for tax benefits and may not offer the same level of protections for contributions.

<b>B) Equity indexed</b>  
While equity-indexed products may be associated with retirement planning, they are not tax-qualified retirement plans themselves. These are typically investment vehicles linked to stock market performance but do not inherently provide the tax advantages or regulatory framework established for qualified plans.

<b>D) Installment refund</b>  
Installment refund plans generally refer to payout options rather than retirement plans themselves. They are not classified as tax-qualified retirement plans since they do not involve the structured contribution and tax-deferred growth features that define qualified plans.

<b>Conclusion</b>  
Tax-qualified retirement plans, such as defined contribution plans, are critical for long-term savings, offering tax benefits that support retirement readiness. In contrast, the other options presented do not meet the qualifications set by the IRS for tax-advantaged retirement savings, highlighting the unique status of defined contribution plans in the broader landscape of retirement planning.",,Regular,
Insurance Exams,Life Insurance Producer,Pennsylvania Insurance Exams,Pennsylvania Insurance Study Questions,,All of the following are subject to false advertising regulations EXCEPT,policy terms,insurance benefits,premium costs,gifts,,,,D,"<h2>Gifts are not subject to false advertising regulations.</h2>  
While policy terms, insurance benefits, and premium costs are critical components of insurance products that must be accurately represented to consumers, gifts offered in conjunction with insurance policies do not fall under the same regulatory scrutiny regarding truthful advertising. Gifts are typically promotional in nature and are not essential to the insurance contract itself.

<b>A) Policy terms</b>  
Policy terms outline the specific conditions and stipulations of an insurance contract, including coverage details and exclusions. These terms must be clearly and accurately communicated to ensure consumers understand their rights and obligations under the policy. Misrepresentation of policy terms is considered false advertising, making them subject to regulation.

<b>B) Insurance benefits</b>  
Insurance benefits refer to the coverage provided by the policy, such as payouts for claims or services rendered. Similar to policy terms, these benefits must be disclosed truthfully to avoid misleading consumers about what they are entitled to under their insurance plans. False representation of benefits falls under false advertising laws.

<b>C) Premium costs</b>  
Premium costs are the amounts that policyholders must pay for their insurance coverage. Accurate disclosure of these costs is essential, as misleading information can significantly impact consumer decisions. Consequently, misrepresentation of premium costs is regulated to protect consumers from deceptive practices.

<b>D) Gifts</b>  
Gifts are promotional items or incentives offered to consumers, which do not form a part of the actual insurance contract. While they can be subject to some advertising regulations, they are not essential financial components of an insurance policy and thus are not held to the same strict standards as policy terms, benefits, or premium costs.

<b>Conclusion</b>  
In summary, while policy terms, insurance benefits, and premium costs are all foundational elements of insurance products that are strictly regulated to prevent false advertising, gifts offered as incentives do not share this level of regulatory protection. Understanding this distinction is crucial for consumers and insurers alike, ensuring clarity and compliance in marketing practices.",,Regular,
Insurance Exams,Life Insurance Producer,Pennsylvania Insurance Exams,Pennsylvania Insurance License Practice Test,,Pennsylvania continuing education requirements apply to insurance producers who are,Nonresidents complying with their own state continuing education requirements,Qualified and licensed to sell major lines of insurance,Licensed attorneys with proof of continuing legal education,Serving full time in the armed forces during the calendar year,,,,B,"<h2>Pennsylvania continuing education requirements apply to insurance producers who are qualified and licensed to sell major lines of insurance.</h2>  
In Pennsylvania, continuing education requirements are specifically mandated for insurance producers who hold a valid license to sell major insurance lines, ensuring they remain knowledgeable about regulatory changes and industry standards.

<b>A) Nonresidents complying with their own state continuing education requirements</b>  
Nonresident insurance producers are not subject to Pennsylvania's continuing education requirements as long as they adhere to their own state's regulations. Therefore, this choice does not align with the specific requirements set forth by Pennsylvania for licensed producers within the state.

<b>C) Licensed attorneys with proof of continuing legal education</b>  
While licensed attorneys may have their own continuing education requirements, they are not automatically subject to Pennsylvania's continuing education mandates for insurance producers unless they are also licensed insurance producers. This choice misinterprets the requirement's applicability, which is strictly for insurance producers.

<b>D) Serving full time in the armed forces during the calendar year</b>  
Insurance producers who are serving full-time in the armed forces may be exempt from certain professional obligations, including continuing education. Consequently, this option does not accurately reflect the criteria for applying Pennsylvania's continuing education requirements to insurance producers.

<b>Conclusion</b>  
In summary, Pennsylvania's continuing education requirements apply only to those insurance producers who are qualified and licensed to sell major lines of insurance. This ensures that they maintain current knowledge essential for compliance and effective practice within the insurance industry. Other groups, such as nonresidents, attorneys, and active military personnel, have different obligations or exemptions that do not pertain to this specific requirement.",,Regular,
Insurance Exams,Life Insurance Producer,Pennsylvania Insurance Exams,Pennsylvania Insurance Study Questions,,What annuity payout option has no additional payouts regardless of when the annuitant dies?,Installment refund.,Life certain.,Cash refund.,Life only.,,,,D,"<h2>Life only option provides no additional payouts regardless of when the annuitant dies.</h2>  
The life only payout option guarantees payments for the lifetime of the annuitant but ceases all payments upon their death, meaning no further payouts are made to beneficiaries or the estate.

<b>A) Installment refund.</b>  
An installment refund option ensures that if the annuitant dies before receiving payments equal to the purchase price, the remaining balance is paid out to beneficiaries in installments. This option provides additional payouts beyond the annuitant's lifetime, contrasting with the life only choice.

<b>B) Life certain.</b>  
The life certain option guarantees payments for a specified minimum period, regardless of whether the annuitant is alive. If the annuitant passes away before the period ends, payments continue to beneficiaries for the remainder of that term, thus providing an additional payout that the life only option does not.

<b>C) Cash refund.</b>  
The cash refund option returns the total premium paid to the beneficiary if the annuitant dies before receiving payments equal to that amount. This ensures additional payouts beyond the annuitant's lifetime, making it distinctly different from the life only option.

<b>D) Life only.</b>  
This option provides payments only during the annuitant's lifetime, and once they pass away, all payments cease. There are no additional payouts to beneficiaries, making it a straightforward option without further financial obligations.

<b>Conclusion</b>  
The life only annuity payout option uniquely guarantees payments only for the duration of the annuitant's life, with no further payouts upon their death. In contrast, the other choices—installment refund, life certain, and cash refund—offer additional benefits or payouts that extend beyond the annuitant's lifetime. Understanding these distinctions is crucial for selecting the appropriate annuity option based on individual financial needs and goals.",,Regular,
Insurance Exams,Life Insurance Producer,Pennsylvania Insurance Exams,Pennsylvania Insurance License Practice Test,,The authority of a producer to act on behalf of the insurer is known as,the presumption of agency,the law of agency,producer authority,a principal relationship,,,,B,"<h2>The law of agency.</h2>  
The authority of a producer to act on behalf of an insurer is formally recognized as the law of agency, which governs the relationship between agents and their principals in various business contexts, including insurance.

<b>A) The presumption of agency</b>  
The presumption of agency refers to a legal assumption that an agency relationship exists under certain circumstances. However, it does not define the actual authority granted to a producer by an insurer, making it an incomplete answer to the question regarding the explicit authority of the producer.

<b>B) The law of agency</b>  
This choice correctly identifies the legal framework that outlines the authority of a producer to act on behalf of the insurer. The law of agency establishes the rights, duties, and responsibilities of agents, ensuring that producers can perform actions within the scope of their authority as defined by the insurer.

<b>C) Producer authority</b>  
While producer authority describes the specific powers granted to a producer, it lacks the formal legal context provided by the law of agency. This term may imply the powers but does not encapsulate the broader legal principles that govern how those powers are exercised on behalf of the insurer.

<b>D) A principal relationship</b>  
A principal relationship refers to the connection between a principal (such as the insurer) and an agent (the producer). However, this term does not specifically address the authority conferred upon the producer to act on behalf of the insurer, making it less precise than the law of agency.

<b>Conclusion</b>  
The law of agency clearly defines the authority of a producer to act on behalf of an insurer, establishing the legal parameters of their role. While other choices touch on related concepts, they do not adequately capture the formal authority granted under the law. Understanding this principle is crucial for both producers and insurers in navigating their professional relationships effectively.",,Regular,
Insurance Exams,Life Insurance Producer,Pennsylvania Insurance Exams,Pennsylvania Insurance Study Questions,,Which fine-amount option is pre-selected?,$500,"$1,000","$1,500","$2,000",,,,B,"<h2>$1,000 is the pre-selected fine-amount option.</h2>  
In this scenario, the default or pre-selected fine-amount option is set to $1,000, which is a common figure for various fines in many contexts. This ensures that users are presented with a standard amount unless they choose to adjust it.

<b>A) $500</b>  
This amount may be a possible option for a fine, but it is not the pre-selected choice. The lower amount of $500 would typically be used in cases of minor infractions where a lesser penalty is deemed appropriate, thereby distinguishing it from the default fine amount.

<b>B) $1,000</b>  
As the pre-selected fine-amount option, $1,000 serves as the standard figure that users encounter first. This amount is often chosen for its balance between being significant enough to deter misconduct while remaining manageable for payment. It is the default choice intended to streamline the decision-making process.

<b>C) $1,500</b>  
While $1,500 might represent a more serious infraction or a higher penalty, it is not the pre-selected option. This amount suggests a more substantial fine that could be applied in severe cases, making it less likely to be the initial choice presented to individuals.

<b>D) $2,000</b>  
Similar to $1,500, the amount of $2,000 represents a high fine that would typically be reserved for serious violations. It is not pre-selected because it exceeds the standard expectation for fines, which is set at $1,000.

<b>Conclusion</b>  
The pre-selected fine-amount option is $1,000, which serves as a standard initial choice for various infractions. This amount balances deterrence with practicality, facilitating quick decision-making for users. Other options, like $500, $1,500, and $2,000, serve distinct purposes and are not the default selections, thereby helping to contextualize the severity of the penalties available.",,Regular,
Insurance Exams,Life Insurance Producer,Pennsylvania Insurance Exams,Pennsylvania Insurance License Practice Test,,Which of the following policies has a guaranteed interest rate with the possibility to earn an interest rate higher than the guaranteed rate?,Credit life,Renewable term,Term insurance,Universal life,,,,D,"<h2>Universal life policies have a guaranteed interest rate with the possibility to earn an interest rate higher than the guaranteed rate.</h2>  
Universal life insurance combines a death benefit with a cash value component that earns interest. The policy guarantees a minimum interest rate, while also allowing for potential higher earnings based on market performance or declared rates by the insurer.

<b>A) Credit life</b>  
Credit life insurance is designed to pay off a borrower's debt in the event of their death, and it does not have a cash value component or an interest rate feature. Therefore, it does not offer a guaranteed interest rate or the potential to earn a higher interest rate, as it solely serves the purpose of debt protection.

<b>B) Renewable term</b>  
Renewable term insurance provides coverage for a specific period with the option to renew at the end of the term without needing to provide evidence of insurability. However, it does not accumulate cash value or earn interest, and thus lacks any guaranteed interest rate or potential for higher earnings.

<b>C) Term insurance</b>  
Term insurance offers death benefit protection for a specified period and does not build cash value. Similar to renewable term insurance, it does not provide a guaranteed interest rate or the opportunity to earn interest, focusing solely on providing a payout upon death within the term.

<b>D) Universal life</b>  
Universal life insurance distinctly features a cash value component that earns interest, with a guaranteed minimum interest rate. Policyholders can also benefit from interest earnings that may exceed the guaranteed rate, depending on the insurer's performance or market conditions, making it the only option with such characteristics.

<b>Conclusion</b>  
In summary, universal life insurance uniquely combines the benefits of a guaranteed interest rate and the potential for higher interest earnings through its cash value component. Unlike credit life, renewable term, and term insurance, which do not offer interest or cash accumulation, universal life provides policyholders with growth potential while ensuring a minimum level of interest, thus making it the correct choice in this context.",,Regular,
Insurance Exams,Life Insurance Producer,Pennsylvania Insurance Exams,Pennsylvania Insurance Study Questions,,What numerical rating factor is displayed?,3,4,5,6,,,,D,"<h2>The numerical rating factor displayed is 6.</h2>  
This rating indicates a measurable quantity, which is essential for evaluation or assessment purposes in various contexts. In this instance, the value of 6 represents the highest rating on the scale, suggesting optimal performance or quality.

<b>A) 3</b>  
A rating of 3 indicates a relatively low performance level, falling short of the highest standard. It does not reflect the optimal evaluation sought in this context and represents a mid-range score that may signify areas needing improvement.

<b>B) 4</b>  
A rating of 4 suggests a performance that is above average but still does not reach the desired peak level of excellence. While it is better than a 3, it remains inadequate when compared to the maximum rating factor of 6, indicating that there is still significant room for enhancement.

<b>C) 5</b>  
A rating of 5 is close to the maximum rating but is not quite there. It suggests strong performance and a high level of quality, yet it still lacks the distinction of a perfect score. Thus, while commendable, it does not represent the top rating factor displayed in this scenario.

<b>D) 6</b>  
A rating of 6 is the highest possible score on the scale, signifying exceptional performance or quality. This factor reflects the best evaluation outcome and is indicative of full compliance with the criteria being assessed.

<b>Conclusion</b>  
In summary, the numerical rating factor of 6 signifies the highest level of assessment within the provided options. Ratings of 3, 4, and 5 denote varying degrees of adequacy, but none achieve the excellence represented by the rating of 6. This distinction is crucial for understanding performance evaluations and their implications in practical applications.",,Regular,
Insurance Exams,Life Insurance Producer,Pennsylvania Insurance Exams,Pennsylvania Insurance License Practice Test,,"Under the exclusion clause, which is a scenario that would NOT be covered if death resulted?",Army officer killed in the line of duty,A fare-paying passenger in a regularly-scheduled airline,Commercial pilot or crew member,A spectator at an auto race,,,,C,"<h2>A commercial pilot or crew member would NOT be covered under the exclusion clause if death resulted.</h2>  
This scenario typically falls outside the coverage of standard life insurance policies due to the inherent risks associated with their occupation. Insurance policies often have exclusions for individuals engaged in hazardous professions, which can include commercial aviation roles. 

<b>A) Army officer killed in the line of duty</b>  
An army officer killed while serving in a combat or duty capacity is generally covered by specific military insurance policies designed for such risks. These policies are tailored to provide benefits for service-related deaths, thus this scenario would be covered.

<b>B) A fare-paying passenger in a regularly-scheduled airline</b>  
Fare-paying passengers on commercial airlines are typically covered under standard travel insurance policies. These policies are designed to protect individuals from unforeseen circumstances, including accidental death during flights on scheduled airlines.

<b>C) Commercial pilot or crew member</b>  
Commercial pilots and crew members are often excluded from standard life insurance policies due to the elevated risks associated with their jobs. The exclusion clause specifically addresses these high-risk professions, thereby leaving them without coverage in the event of death resulting from their work.

<b>D) A spectator at an auto race</b>  
Spectators at auto races may be covered under general liability insurance policies, which protect event organizers against accidents that occur during events. While there are risks involved, these scenarios are typically not excluded in the same way as those for commercial pilots or crew members.

<b>Conclusion</b>  
The exclusion clause in life insurance policies primarily aims to mitigate risks associated with high-hazard occupations. The case of a commercial pilot or crew member stands out as a clear example of this exclusion, whereas roles like army officers and fare-paying passengers are often covered due to specific provisions or lower-risk classifications. Understanding these nuances is crucial for evaluating insurance coverage comprehensively.",,Regular,
Insurance Exams,Life Insurance Producer,Pennsylvania Insurance Exams,Pennsylvania Insurance Study Questions,,A life annuity ceases payments to the annuitant at,death.,maturity.,policy termination.,age 100.,,,,A,"<h2>A life annuity ceases payments to the annuitant at death.</h2>  
A life annuity is designed to provide income for the lifetime of the annuitant, thus payments will terminate upon the death of the annuitant, as the contract is specific to their life.

<b>A) death.</b>  
The life annuity contract stipulates that payments will be made for the duration of the annuitant's life. Once the annuitant passes away, the payments stop, as the contract is contingent on their continued existence.

<b>B) maturity.</b>  
Maturity typically refers to the point at which an investment or insurance product reaches its end date, often associated with term products rather than life annuities. Life annuities do not have a maturity date in the traditional sense; instead, they are designed to last until the death of the annuitant.

<b>C) policy termination.</b>  
Policy termination can occur for various reasons, such as non-payment of premiums or the completion of a contractual term in other types of insurance. However, for a life annuity, termination does not apply in the same way since the annuity is specifically tied to the annuitant's lifespan.

<b>D) age 100.</b>  
The age of 100 is not a standard cutoff for life annuities. While some contracts may specify that payments continue until a certain age, most life annuities will cease at the death of the annuitant, regardless of whether they reach age 100.

<b>Conclusion</b>  
In summary, a life annuity is designed to provide payments for the lifetime of the annuitant, which ceases upon their death. Other options presented, such as maturity, policy termination, or age 100, do not accurately describe the conditions under which a life annuity ends. Thus, the defining characteristic of a life annuity is its dependence on the annuitant's life, making death the correct answer.",,Regular,
Insurance Exams,Life Insurance Producer,Pennsylvania Insurance Exams,Pennsylvania Insurance License Practice Test,,The provision that prevents an insurer from denying a claim after a policy has been in force for a certain period of time is called:,Incontestability clause,Grace period,Waiver of premium,Reinstatement clause,,,,A,"<h2>Incontestability clause</h2>  
An incontestability clause ensures that after a specified period, typically two years, an insurer cannot deny a claim based on misrepresentation or fraud in the application, promoting consumer protection and stability in insurance contracts.

<b>A) Incontestability clause</b>  
This provision is crucial as it limits the insurer's ability to contest claims after the policy has been in effect for a designated period, typically two years. It provides policyholders with peace of mind, knowing that their claims will be honored regardless of any issues that might arise during the initial underwriting phase.

<b>B) Grace period</b>  
A grace period refers to the time allowed for a policyholder to pay a premium after the due date without losing coverage. This provision does not prevent denial of claims but rather provides a safety net for policyholders who may be late in making premium payments.

<b>C) Waiver of premium</b>  
The waiver of premium is a benefit that allows policyholders to skip premium payments under certain circumstances, such as disability. While it provides financial relief, it does not address the insurer's ability to deny claims based on the policy's terms, nor does it establish a time frame for contesting claims.

<b>D) Reinstatement clause</b>  
A reinstatement clause allows for the restoration of a lapsed policy, usually after a missed premium payment, provided certain conditions are met. However, this clause does not relate to the insurer's right to contest claims after a certain period, which is the focal issue in this context.

<b>Conclusion</b>  
The incontestability clause is a vital feature of insurance policies, establishing a timeframe after which insurers can no longer contest claims based on prior misrepresentations. This provision reinforces trust in the insurance system, ensuring that consumers can depend on their coverage after a reasonable period, while other options like grace periods and waivers address different aspects of policy management rather than contestation of claims.",,Regular,
Insurance Exams,Life Insurance Producer,Pennsylvania Insurance Exams,Pennsylvania Insurance Study Questions,,Which rider allows the policyowner to increase the face amount to adjust for inflation?,Waiver of premium,Cost of living,Guaranteed insurability,Accidental death,,,,B,"<h2>Cost of living is the rider that allows the policyowner to increase the face amount to adjust for inflation.</h2>  
The cost of living rider enables policyowners to increase their insurance coverage in line with inflation, ensuring that the benefits remain relevant and sufficient over time. This adjustment helps protect the policy's purchasing power, maintaining the intended financial security for beneficiaries.

<b>A) Waiver of premium</b>  
The waiver of premium rider allows the policyowner to skip premium payments if they become disabled and are unable to work. While this rider provides financial relief during difficult times, it does not offer an option to increase the face amount of the policy in response to inflation.

<b>B) Cost of living</b>  
This is indeed the correct answer, as the cost of living rider directly addresses the need to adjust the policy's face amount to keep pace with inflation. It ensures that the insurance coverage remains adequate over time, reflecting changes in the cost of living.

<b>C) Guaranteed insurability</b>  
The guaranteed insurability rider allows the policyowner to purchase additional coverage at specified future dates without having to provide evidence of insurability. However, it does not adjust the existing face amount based on inflation; it merely provides opportunities for increased coverage under certain conditions.

<b>D) Accidental death</b>  
The accidental death rider provides an additional benefit to the policy's face amount in the event of the policyholder's accidental death. While it offers extra coverage, it does not address inflation adjustments or the overall increase of the face amount over time.

<b>Conclusion</b>  
The cost of living rider is crucial for maintaining the adequacy of life insurance benefits against inflation. It directly allows for adjustments to the face amount, ensuring that the coverage remains valuable over time. Other riders, while beneficial in their own rights, do not provide this specific feature, emphasizing the importance of selecting the right riders to meet long-term financial needs.",,Regular,
Insurance Exams,Life Insurance Producer,Pennsylvania Insurance Exams,Pennsylvania Insurance License Practice Test,,The Pennsylvania Insurance Department is responsible for all of the following EXCEPT,shareholders,producers,form approvals,insurers,,,,A,"<h2>The Pennsylvania Insurance Department is not responsible for shareholders.</h2>  
The Pennsylvania Insurance Department primarily regulates the insurance industry, focusing on producers, insurers, and form approvals, but it does not have jurisdiction over shareholders, who are individuals or entities that own shares in a company.

<b>A) shareholders</b>  
Shareholders are stakeholders in an insurance company but are not directly regulated by the Pennsylvania Insurance Department. This department's primary responsibility lies in overseeing the operational aspects of insurance providers and their interactions with policyholders and agents, rather than managing the interests of shareholders.

<b>B) producers</b>  
Producers, or insurance agents and brokers, are under the purview of the Pennsylvania Insurance Department. This department regulates their licensing, conduct, and the practices they employ to ensure consumer protection and compliance with state insurance laws.

<b>C) form approvals</b>  
The Pennsylvania Insurance Department is responsible for the approval of insurance forms, including policy documents and endorsements. This function ensures that all insurance contracts comply with state regulations and adequately protect consumer rights.

<b>D) insurers</b>  
Insurers, or insurance companies, are the core entities regulated by the Pennsylvania Insurance Department. The department oversees their financial stability, market conduct, and adherence to state laws to ensure they can meet their obligations to policyholders.

<b>Conclusion</b>  
The Pennsylvania Insurance Department plays a crucial role in regulating various aspects of the insurance industry, including producers, insurers, and the approval of insurance forms. However, it does not have any regulatory authority over shareholders, who are primarily concerned with the financial performance of the insurance companies rather than their operational compliance. This distinction is essential for understanding the scope of the department's responsibilities within the insurance sector.",,Regular,
Insurance Exams,Life Insurance Producer,Pennsylvania Insurance Exams,Pennsylvania Insurance Study Questions,,Which acceptance status is active?,Accept,Decline,Pending,OB,,,,A,"<h2>Accept is the active acceptance status.</h2>  
The ""Accept"" status indicates that an application or invitation has been actively accepted, making it the current and operational status. In contrast, the other statuses signify different states of acceptance or decision-making that are not active.

<b>A) Accept</b>  
This status represents an active confirmation that an application or invitation has been accepted by the recipient. It is the only status that indicates a definitive affirmative action, thus qualifying it as the active acceptance status.

<b>B) Decline</b>  
The ""Decline"" status indicates that an application or invitation has been rejected. While it is a valid status in the acceptance process, it clearly does not signify an active acceptance; rather, it denotes the opposite.

<b>C) Pending</b>  
The ""Pending"" status suggests that a decision has not yet been made regarding the application or invitation. While it indicates that the process is ongoing, it does not represent an active acceptance, as no decision has been finalized.

<b>D) OB</b>  
""OB"" typically stands for ""Out of Bounds"" or another specific term depending on the context, but it does not represent any status related to acceptance in a conventional sense. As such, it cannot be considered an active acceptance status.

<b>Conclusion</b>  
In summary, the only status that actively confirms acceptance is ""Accept."" The other options—Decline, Pending, and OB—do not indicate active acceptance, as they either reflect rejection or an undecided state. Understanding these distinctions is essential in contexts where acceptance statuses are critical for processes like applications or invitations.",,Regular,
Insurance Exams,Life Insurance Producer,Pennsylvania Insurance Exams,Pennsylvania Insurance License Practice Test,,Which submission-decision flag is selected?,DA,OB,Declined,Preferred,,,,C,"<h2>Declined is the selected submission-decision flag.</h2>  
The ""Declined"" flag indicates that a submission has been reviewed and ultimately not accepted for publication or further consideration. This status is crucial in the submission process as it communicates the outcome of the review to the authors.

<b>A) DA</b>  
""DA"" typically stands for ""Decision Awaiting,"" which means that a submission is still under review and a decision has not yet been made. It does not indicate a final decision on the submission, making it an incorrect choice for the current question.

<b>B) OB</b>  
""OB"" usually refers to ""Onboard,"" which may signify that a submission is currently in the process of being considered or integrated into the system. This status does not reflect a decision made regarding the submission, thus not applicable to the question.

<b>C) Declined</b>  
This choice accurately represents a final decision flag indicating that the submission has been reviewed and not accepted for publication. It is the term used to inform authors that their submission will not proceed further in the review process.

<b>D) Preferred</b>  
""Preferred"" suggests that a submission has been positively received and may be favored for publication or further processing. However, this does not align with the concept of a decision flag indicating rejection, making it an incorrect option for the question.

<b>Conclusion</b>  
In the context of submission decisions, ""Declined"" serves as the definitive flag indicating a negative outcome following review. The other options either represent stages of the review process or positive outcomes, highlighting the importance of understanding the specific terminology used in submission decisions to accurately interpret the status of a submission.",,Regular,
Insurance Exams,Life Insurance Producer,Pennsylvania Insurance Exams,Pennsylvania Insurance Study Questions,,Which of the following best defines a warranty in an insurance contract?,A statement guaranteed to be true,A statement made to the best of oneÃ¢â‚¬â„¢s knowledge,An absolute guarantee that a condition is true,Both A and C,,,,D,"<h2>A warranty in an insurance contract is both a statement guaranteed to be true and an absolute guarantee that a condition is true.</h2>  
In an insurance context, a warranty refers to a specific promise or guarantee made by the policyholder about certain conditions being true. This can include factual statements that the insurer relies on, ensuring the validity of the contract.

<b>A) A statement guaranteed to be true</b>  
This choice describes one aspect of a warranty, as it involves a promise that a certain fact is accurate. However, it is incomplete because it does not encompass the broader definition that includes the absolute nature of warranties in insurance contracts.

<b>B) A statement made to the best of one's knowledge</b>  
This option refers to representations, which are different from warranties. A representation involves statements that an individual believes to be true but does not guarantee their truthfulness. Warranties, on the other hand, are commitments to the accuracy of the statements made.

<b>C) An absolute guarantee that a condition is true</b>  
While this choice accurately captures the nature of a warranty, it is only one part of the definition. Warranties not only include absolute guarantees but also the stipulation that these statements are guarantees to be true, making this option insufficient when considered alone.

<b>D) Both A and C</b>  
This choice correctly identifies that a warranty in an insurance contract encompasses both a statement guaranteed to be true and an absolute guarantee that a condition is true. Together, these components fully encapsulate the legal implications of warranties within insurance agreements.

<b>Conclusion</b>  
In summary, a warranty in an insurance contract involves both a commitment to the truth of specific statements and an absolute guarantee regarding conditions. Choices A and C each capture essential elements of warranties, but only option D combines them to accurately define the concept. Understanding warranties is crucial for policyholders and insurers, as they form the basis for contractual obligations and the validity of coverage.",,Regular,
Insurance Exams,Life Insurance Producer,Pennsylvania Insurance Exams,Pennsylvania Insurance License Practice Test,,"Sometimes when there is ambiguous wording in an insurance contract, the courts may rely on what doctrine to determine if coverage applies?",Doctrine of good faith,Doctrine of indivisibility,Doctrine of proximate cause,Doctrine of reasonable expectations,,,,D,"<h2>Doctrine of reasonable expectations.</h2>  
This doctrine asserts that insurance contracts should be interpreted according to what an average policyholder would reasonably expect from the coverage provided, especially in cases of ambiguous language. It aims to protect consumers by ensuring that their expectations align with the actual terms of the policy, thus promoting fairness in insurance agreements.

<b>A) Doctrine of good faith</b>  
This doctrine emphasizes the obligation of both parties in a contract to act honestly and fairly towards each other. While it underpins many contractual relationships, it does not specifically address the interpretation of ambiguous wording in insurance contracts, making it less relevant in determining coverage applicability.

<b>B) Doctrine of indivisibility</b>  
The doctrine of indivisibility pertains to the idea that certain contracts or obligations cannot be divided into parts without losing their essence. This principle does not apply to insurance contracts or the interpretation of ambiguous terms, as insurance coverage is generally evaluated on a case-by-case basis.

<b>C) Doctrine of proximate cause</b>  
This doctrine is used to establish a direct link between a cause and its effect, often in the context of liability and damages. While it plays a critical role in assessing causation in claims, it does not provide guidance on interpreting ambiguous language in insurance contracts, making it irrelevant to the question at hand.

<b>Conclusion</b>  
The doctrine of reasonable expectations serves as a crucial interpretive tool in insurance law, ensuring that policyholders' expectations are honored in light of ambiguous contract language. By focusing on the reasonable understanding of the insured, this doctrine upholds consumer rights and promotes justice in contractual interpretations. The other doctrines mentioned, while important in their respective contexts, do not specifically address the challenges posed by ambiguous wording in insurance contracts.",,Regular,
Insurance Exams,Life Insurance Producer,Pennsylvania Insurance Exams,Pennsylvania Insurance Study Questions,,A life insurance policy that provides a policyowner with cash value along with protection is called:,Term life insurance,Whole life insurance,Credit life insurance,Group life insurance,,,,B,"<h2>Whole life insurance provides a policyowner with cash value along with protection.</h2>  
Whole life insurance is a type of permanent life insurance that not only offers a death benefit but also accumulates cash value over time. This cash value can be accessed by the policyowner, making it a valuable financial asset in addition to providing lifelong coverage.  

<b>A) Term life insurance</b>  
Term life insurance offers coverage for a specific period, typically ranging from 10 to 30 years, and does not accumulate any cash value. It provides a death benefit if the insured passes away within the term but expires without any payout or value once the term ends. Therefore, it does not meet the criteria of providing cash value along with protection.  

<b>B) Whole life insurance</b>  
Whole life insurance is designed to provide both a death benefit and a cash value component. The cash value grows at a guaranteed rate and can be accessed by the policyowner through loans or withdrawals, which distinguishes it from other types of life insurance. This dual benefit makes it suitable for those seeking both coverage and a savings element.  

<b>C) Credit life insurance</b>  
Credit life insurance is specifically designed to pay off a borrower's debt in the event of their death. It typically does not accumulate cash value and is limited to the amount of the outstanding debt. As such, it primarily serves a protective function rather than providing a cash value benefit alongside life coverage.  

<b>D) Group life insurance</b>  
Group life insurance is a policy offered to a group, often by an employer, providing coverage for all members. It usually does not accumulate cash value and is generally term insurance, which means it only pays out a death benefit while the coverage is in effect. This makes it unsuitable as a solution that offers cash value along with protection.  

<b>Conclusion</b>  
Whole life insurance stands out as the only option that provides lifelong protection while also accumulating cash value for the policyowner. Unlike term, credit, or group life insurance, which lack this dual benefit, whole life insurance serves as both a safety net and a financial asset, making it a preferred choice for individuals seeking comprehensive life coverage.",,Regular,
Insurance Exams,Life Insurance Producer,Utah Insurance Exams,Utah Insurance Practice Test,,"Before a policy owner replaces an existing individual Accident and Health insurance policy, all of the following types of provisions in the new policy need to be reviewed EXCEPT",coverage exclusions,benefit levels,coverage limitations,experience rating,,,,D,"Experience rating is not a policy provision but a method for setting group premiums, so it's not reviewed for individual policy replacement. Choice A is correct as exclusions affect coverage scope. Choice B is correct as benefit levels determine payouts. Choice C is correct as limitations impact coverage conditions.",,Regular,
Insurance Exams,Life Insurance Producer,Utah Insurance Exams,Utah Insurance Mock Exam,,"In Utah, reducing benefits for a newborn child under an Accident and Health plan is",Permitted with regard to cosmetic defects only,Permitted for prescription drug benefits only,Prohibited in any form,Allowed for the first 10 days following birth,,,,C,"Utah prohibits reducing benefits for newborns under accident and health plans to ensure equal coverage. Choices A, B, and D are incorrect as no exceptions are allowed.",,Regular,
Insurance Exams,Life Insurance Producer,Utah Insurance Exams,Utah Insurance Practice Test,,Health Maintenance Organizations usually structure copayments to discourage,preventive care,non-emergency visits to emergency room,prescription drug usage,outpatient X-rays,,,,B,HMOs use copayments to discourage non-emergency ER visits to reduce costs. Choice A is incorrect as preventive care is encouraged. Choice C is incorrect as prescription drug usage is managed differently. Choice D is incorrect as outpatient X-rays are typically covered.,,Regular,
Insurance Exams,Life Insurance Producer,Utah Insurance Exams,Utah Insurance Mock Exam,,All of the following are advantages of term life insurance EXCEPT,it can be used to meet temporary needs,it provides the greatest amount of death benefit per dollar of initial cash outlay,it provides a cash benefit if the insured is alive at the end of the policy period,it can be used with other types of life insurance policies to meet policy owners' needs,,,,C,"Term life insurance does not provide a cash benefit if the insured survives the policy term, as it lacks cash value. Choices A, B, and D are correct advantages of term insurance.",,Regular,
Insurance Exams,Life Insurance Producer,Utah Insurance Exams,Utah Insurance Practice Test,,"At the death of one annuitant, the benefit payments to the surviving annuitant under a joint and survivor annuity, normally, will",cease entirely,depend on the refund option selected,continue at the same or a reduced level,depend on the length of the period certain,,,,C,"In a joint and survivor annuity, payments continue to the surviving annuitant, often at a reduced level. Choice A is incorrect as payments do not cease. Choice B is incorrect as refund options are separate. Choice D is incorrect as period certain is unrelated.",,Regular,
Insurance Exams,Life Insurance Producer,Utah Insurance Exams,Utah Insurance Mock Exam,,Which client could deposit the available funds into a rollover individual retirement annuity (IRA)?,"A student who receives $20,000 as a life insurance death benefit","A self-employed person who has $5,000 to invest for retirement","An employee who resigns and receives $15,000 from a qualified plan","An individual who receives $10,000 from a lottery",,,,C,"An employee receiving funds from a qualified plan can roll them over into an IRA without tax penalties. Choice A is incorrect as life insurance proceeds are not eligible for rollover. Choice B is incorrect as new investments are contributions, not rollovers. Choice D is incorrect as lottery winnings are not eligible.",,Regular,
Insurance Exams,Life Insurance Producer,Utah Insurance Exams,Utah Insurance Practice Test,,Which policy provision allows an employee to change from group coverage to an individual life insurance policy?,Nonforfeiture,Conversion,Assignment,Incontestability,,,,B,"The conversion provision allows an employee to convert group life insurance to an individual policy without evidence of insurability. Choice A is incorrect as nonforfeiture relates to cash value options. Choice C is incorrect because assignment transfers ownership, not coverage type. Choice D is incorrect as incontestability limits the insurer's ability to contest claims after a period.",,Regular,
Insurance Exams,Life Insurance Producer,Utah Insurance Exams,Utah Insurance Mock Exam,,Which one of the following makes accident and health insurance claim handling more convenient for the insured?,Attending physician statements,Inspection reports on the insured,Periodic examinations of hospitals by insurers,Assignment of medical expense payments to providers of service,,,,D,Assignment of payments to providers simplifies claim handling by paying providers directly. Choice A is incorrect as physician statements are for underwriting. Choice B is incorrect as inspection reports are for risk assessment. Choice C is incorrect as hospital exams are unrelated to claims.,,Regular,
Insurance Exams,Life Insurance Producer,Utah Insurance Exams,Utah Insurance Practice Test,,Medical charges that fall within the range of fees normally charged for a given procedure in a certain geographical area are called,reasonable and customary charges,pre-approved charges,utilization charges,scheduled charges,,,,A,Reasonable and customary charges reflect typical fees for procedures in a specific area. Choice B is incorrect as pre-approved charges are not a standard term. Choice C is incorrect as utilization charges relate to service frequency. Choice D is incorrect as scheduled charges are fixed amounts.,,Regular,
Insurance Exams,Life Insurance Producer,Utah Insurance Exams,Utah Insurance Mock Exam,,A tax cost typically associated with death is,life insurance proceeds tax,excise tax,federal estate tax,state sales tax,,,,C,Federal estate tax is a common tax associated with death for large estates. Choice A is incorrect as life insurance proceeds are generally tax-free. Choice B is incorrect as excise taxes are unrelated. Choice D is incorrect as sales tax does not apply to death.,,Regular,
Insurance Exams,Life Insurance Producer,Utah Insurance Exams,Utah Insurance Practice Test,,What is often payable to a life insurance policy owner when a medical condition drastically limits the insured's life expectancy?,Death benefit,Accelerated benefit,Reduced paid-up insurance,Extended term insurance,,,,B,An accelerated benefit allows early payment of part of the death benefit for terminal illness. Choice A is incorrect as the full death benefit is paid upon death. Choice C is incorrect as reduced paid-up is a nonforfeiture option. Choice D is incorrect as extended term uses cash value for term coverage.,,Regular,
Insurance Exams,Life Insurance Producer,Utah Insurance Exams,Utah Insurance Mock Exam,,All of the following are underwriting criteria for individual life insurance EXCEPT,gender,religion,occupation,ability to pay premiums,,,,B,"Religion is not an underwriting criterion due to anti-discrimination laws. Choices A, C, and D are correct as gender, occupation, and ability to pay premiums affect risk and affordability.",,Regular,
Insurance Exams,Life Insurance Producer,Utah Insurance Exams,Utah Insurance Practice Test,,Which of the following statements is true about an irrevocable beneficiary designation in a life insurance policy?,The policy owner can change the designation only with the consent of the beneficiary,The designation can be changed only in the policy owner's will,The policy owner cannot change the designation at any time,The policy owner can change the designation only with the consent of the insurance company,,,,A,An irrevocable beneficiary designation requires the beneficiary's consent to change. Choice B is incorrect as changes are not limited to wills. Choice C is incorrect as changes are possible with consent. Choice D is incorrect as the insurer's consent is not required.,,Regular,
Insurance Exams,Life Insurance Producer,Utah Insurance Exams,Utah Insurance Mock Exam,,The MAXIMUM disability income benefit amount that can be purchased is determined primarily by the insurer's issue limits for the insured's,income,health,age,occupation,,,,A,"The maximum disability income benefit is based on the insured's income to avoid over-insurance. Choice B is incorrect as health affects eligibility, not benefit amount. Choice C is incorrect as age is secondary. Choice D is incorrect as occupation influences risk, not maximum benefit.",,Regular,
Insurance Exams,Life Insurance Producer,Utah Insurance Exams,Utah Insurance Practice Test,,"Under which one of the following life insurance policies does the protection extend to age 100, while the premiums are paid for a shorter period of time?",Endowment,Continuous premium whole life,Limited payment whole life,Yearly renewable term,,,,C,"Limited payment whole life provides coverage to age 100 but requires premiums for a shorter period, such as 20 years. Choice A is incorrect as endowments mature earlier. Choice B is incorrect as continuous premium whole life requires lifelong premiums. Choice D is incorrect as term insurance does not extend to age 100.",,Regular,
Insurance Exams,Life Insurance Producer,Utah Insurance Exams,Utah Insurance Mock Exam,,Coverage for the Medicare hospital co-insurance is,A Medicare Supplement core benefit,A Medicare Supplement additional benefit,A Medicare Part B benefit,An example of a limited Accident and Health policy coverage,,,,A,"Medicare hospital coinsurance coverage is a core benefit of Medicare Supplement policies. Choice B is incorrect as it's not an additional benefit. Choice C is incorrect as Part B covers medical services, not hospital coinsurance. Choice D is incorrect as it's not a limited policy.",,Regular,
Insurance Exams,Life Insurance Producer,Utah Insurance Exams,Utah Insurance Practice Test,,"If a long-term care insurance policy is canceled, which benefit would reimburse the insured with a portion of the premiums paid?",Inflation protection,Return of premium,Right to return,Incontestibility,,,,B,The return of premium benefit reimburses a portion of paid premiums if the policy is canceled. Choice A is incorrect as inflation protection adjusts benefits. Choice C is incorrect as right to return is the free look period. Choice D is incorrect as incontestability limits claim disputes.,,Regular,
Insurance Exams,Life Insurance Producer,Utah Insurance Exams,Utah Insurance Mock Exam,,An opportunity for gain that may result in a loss is an example of a,pure risk,retained risk,speculative risk,transferred risk,,,,C,"Speculative risk involves potential for gain or loss, like investing. Choice A is incorrect as pure risk involves only loss. Choice B is incorrect as retained risk is uninsured risk. Choice D is incorrect as transferred risk is covered by insurance.",,Regular,
Insurance Exams,Life Insurance Producer,Utah Insurance Exams,Utah Insurance Practice Test,,A valid contract requires,a written offer,a company form,consideration,written evidence,,,,C,"A valid contract requires consideration, meaning something of value exchanged between parties. Choice A is incorrect as offers can be oral. Choice B is incorrect as company forms are not required for validity. Choice D is incorrect as written evidence is not always necessary.",,Regular,
Insurance Exams,Life Insurance Producer,Utah Insurance Exams,Utah Insurance Mock Exam,,Medicare Supplement insurance is specifically designed for individuals who,have low incomes and limited assets,have enrolled in Medicare,cannot obtain commercial coverage due to health problems,are ineligible for coverage under an employer group accident and health plan,,,,B,Medicare Supplement insurance is designed for individuals enrolled in Medicare to cover gaps in coverage. Choice A is incorrect as it describes Medicaid eligibility. Choice C is incorrect as it's not limited to those denied commercial coverage. Choice D is incorrect as employer plan ineligibility is irrelevant.,,Regular,
Insurance Exams,Life Insurance Producer,Utah Insurance Exams,Utah Insurance Practice Test,,A life insurance producer is normally responsible for all of the following EXCEPT,delivering newly issued policies to applicants,notifying the company if a new policy will replace an existing policy,approving policies for issue on behalf of the insurer,collecting the initial premium from the applicant,,,,C,"Producers do not approve policies for issuance, as this is the insurer's role. Choices A, B, and D are correct as they are standard producer responsibilities.",,Regular,
Insurance Exams,Life Insurance Producer,Utah Insurance Exams,Utah Insurance Mock Exam,,Which of the following statements about the contestability of a life insurance policy is true?,The policy cannot be contested by the insurer once it is paid for and issued,The policy usually can be contested by the insurer only during the first two years of the contract,The policy can be contested by the insurer at all times,The policy can be contested only if the insured is convicted of a felony,,,,B,Life insurance policies are typically contestable for two years due to misstatements in the application. Choice A is incorrect as policies can be contested within the period. Choice C is incorrect as contestability is time-limited. Choice D is incorrect as felonies are unrelated to contestability.,,Regular,
Insurance Exams,Life Insurance Producer,Utah Insurance Exams,Utah Insurance Practice Test,,"In long-term care insurance, a primary caregiver's vacations, business travel, and illnesses are examples of",grace periods,elimination periods,waiting periods,respite periods,,,,D,"Respite periods provide temporary care to relieve primary caregivers during vacations, travel, or illness. Choice A is incorrect as grace periods relate to premium payments. Choice B is incorrect as elimination periods delay benefits. Choice C is incorrect as waiting periods apply to pre-existing conditions.",,Regular,
Insurance Exams,Life Insurance Producer,Utah Insurance Exams,Utah Insurance Mock Exam,,A change or modification to an accident and health insurance policy,may be made without the insured's knowledge,can be made only if premiums are increased,must be approved by an officer of the insurer,can be made only by the insured's insurance producer,,,,C,Modifications to an accident and health policy must be approved by an insurer's officer to ensure validity. Choice A is incorrect as changes require insured consent. Choice B is incorrect as premium increases are not always required. Choice D is incorrect as producers cannot unilaterally modify policies.,,Regular,
Insurance Exams,Life Insurance Producer,Utah Insurance Exams,Utah Insurance Practice Test,,"In disability income insurance, an insurer can reduce its risk by",broadening the definition of covered disability,lengthening the benefit period,lengthening the elimination period,removing an exclusion rider,,,,C,Lengthening the elimination period (time before benefits start) reduces the insurer's risk by delaying payments. Choice A is incorrect as broadening disability definitions increases risk. Choice B is incorrect as longer benefit periods increase risk. Choice D is incorrect as removing exclusions increases risk.,,Regular,
Insurance Exams,Life Insurance Producer,Utah Insurance Exams,Utah Insurance Mock Exam,,Prescription drug plans sometimes control expenses by encouraging the use of,legend drugs,federally approved drugs,generic drugs,brand-name drugs,,,,C,"Prescription drug plans encourage generic drugs to reduce costs, as they are less expensive than brand-name drugs. Choice A is incorrect as legend drugs are prescription drugs, not cost-specific. Choice B is incorrect as federal approval applies to all drugs. Choice D is incorrect as brand-name drugs are costlier.",,Regular,
Insurance Exams,Life Insurance Producer,Utah Insurance Exams,Utah Insurance Practice Test,,"In Accident and Health insurance, a waiting period for pre-existing conditions means that",coverage for pre-existing conditions is permanently excluded by a new insurer,coverage for pre-existing conditions starts at the inception of the new policy,payment for expenses resulting from pre-existing conditions is held in escrow,a period of time must elapse before pre-existing conditions are covered,,,,D,A waiting period for pre-existing conditions means coverage for those conditions begins after a specified time. Choice A is incorrect as exclusion is not always permanent. Choice B is incorrect as immediate coverage is rare. Choice C is incorrect as payments are not held in escrow.,,Regular,
Insurance Exams,Life Insurance Producer,Utah Insurance Exams,Utah Insurance Mock Exam,,Deductibles in a major medical expense policy may be written to apply to all of the following EXCEPT,each calendar year,each covered person,a covered family,each medical expense,,,,D,"Deductibles in major medical policies typically apply per year, person, or family, not per medical expense. Choice A is correct as annual deductibles are common. Choice B is correct as individual deductibles are standard. Choice C is correct as family deductibles are often included.",,Regular,
Insurance Exams,Life Insurance Producer,Utah Insurance Exams,Utah Insurance Practice Test,,The entire contract clause in a life insurance policy states that the complete contract between the insurer and the policy owner usually consists of the policy and the,conditional premium receipt,attached application,waiver of premium rider,declaration page,,,,B,"The entire contract clause includes the policy and the attached application, which contains all representations made by the insured. Choice A is incorrect as a conditional receipt is temporary and not part of the contract. Choice C is incorrect as riders are optional. Choice D is incorrect as the declaration page is part of the policy, not a separate component.",,Regular,
Insurance Exams,Life Insurance Producer,Utah Insurance Exams,Utah Insurance Mock Exam,,Cash value provisions are typically found in all of the following life insurance policies EXCEPT,universal life,adjustable life,decreasing term life,whole life,,,,C,"Decreasing term life insurance does not accumulate cash value, as it provides only a death benefit. Choices A, B, and D are incorrect because universal life, adjustable life, and whole life policies all build cash value over time.",,Regular,
Insurance Exams,Life Insurance Producer,Virginia Insurance Exams,Virginia Insurance Exam Questions,,"If the insured's dog bites a mail carrier three blocks from home, a Homeowners policy will cover all of the following expenses EXCEPT",Defense costs if a suit is brought against the insured,Damages up to the policy limit if the suit is successful,Medical expenses incurred by the mail carrier,Boarding of the dog pending disposition of the case,,,,D,"<h2>Boarding of the dog pending disposition of the case.</h2>  
While a Homeowners policy provides coverage for certain liabilities stemming from dog bites, it does not typically cover expenses related to boarding the dog during legal proceedings. This type of expense is considered ancillary and not directly tied to the liability arising from the incident itself.

<b>A) Defense costs if a suit is brought against the insured</b>  
Homeowners policies generally include coverage for legal defense costs associated with lawsuits, which means if the mail carrier sues the insured due to the dog bite, the policy would cover the expenses incurred in defending against that suit.

<b>B) Damages up to the policy limit if the suit is successful</b>  
If the mail carrier wins the lawsuit, the Homeowners policy would pay for damages awarded, up to the policy limit. This is a primary function of liability coverage in a Homeowners policy, ensuring protection from potential financial losses due to lawsuits.

<b>C) Medical expenses incurred by the mail carrier</b>  
The Homeowners policy typically covers medical expenses for injuries caused by the insured's dog, which includes any medical treatment required by the mail carrier as a result of the dog bite. This is part of the liability coverage that addresses bodily injury claims.

<b>D) Boarding of the dog pending disposition of the case</b>  
This expense is not covered by a Homeowners policy as it does not directly relate to the liability claim. Boarding costs are considered a personal expense and not a liability incurred due to the dog bite incident, making this choice the exception among the options provided.

<b>Conclusion</b>  
In summary, while Homeowners insurance provides comprehensive coverage for various liabilities, including defense costs, damages, and medical expenses resulting from dog bites, it does not extend to costs related to boarding the dog during legal proceedings. This distinction underscores the specific nature of coverage in liability policies, ensuring that only directly associated expenses are compensated.",,Regular,
Insurance Exams,Life Insurance Producer,Virginia Insurance Exams,Virginia Insurance Practice Test,,A permanent total disability benefit under the Virginia Workers Compensation Act is limited to,The hospital stay plus rehabilitation time,Those who have lost limbs,Occupational diseases only,The period of disability,,,,D,"<h2>The period of disability.</h2>  
A permanent total disability benefit under the Virginia Workers Compensation Act is designed to provide compensation for the duration of the disability, reflecting the ongoing inability of the worker to perform any gainful employment due to their condition.

<b>A) The hospital stay plus rehabilitation time</b>  
This choice inaccurately implies that benefits are limited to the duration of hospital and rehabilitation care. However, the Workers Compensation Act provides benefits for the entire period of disability, which may extend beyond initial medical treatment.

<b>B) Those who have lost limbs</b>  
While individuals who lose limbs may qualify for permanent total disability benefits, this answer is too narrow. The act applies to any worker deemed permanently totally disabled, regardless of the specific nature of their injury or condition, not just limb loss.

<b>C) Occupational diseases only</b>  
This option incorrectly suggests that benefits are exclusive to those suffering from occupational diseases. Permanent total disability benefits are available for a wide range of injuries, not limited to occupational diseases, as long as the injury results in total and permanent disability.

<b>D) The period of disability</b>  
The correct answer encompasses the entire duration of the worker's disability. This means that as long as the individual is deemed permanently totally disabled, they are entitled to benefits for that entire period, regardless of the type of injury sustained.

<b>Conclusion</b>  
In summary, under the Virginia Workers Compensation Act, permanent total disability benefits are provided for the entire period of disability rather than being restricted to specific medical conditions or treatment durations. This ensures that any worker unable to engage in gainful employment due to a permanent disability receives the necessary financial support throughout their disability, reflecting the act's intention to protect workers comprehensively.",,Regular,
Insurance Exams,Life Insurance Producer,Virginia Insurance Exams,Virginia Insurance Exam Questions,,All of the following are Causes of Loss Forms in a Commercial Property Policy EXCEPT,Basic Form,Broad Form,Comprehensive Form,Special Form,,,,C,"<h2>Comprehensive Form is not a recognized Cause of Loss Form in a Commercial Property Policy.</h2>  
In commercial property insurance, the recognized Causes of Loss Forms are Basic, Broad, and Special Forms, while the Comprehensive Form is not a standard designation. Understanding these forms is essential for selecting the appropriate coverage for property risks.

<b>A) Basic Form</b>  
The Basic Form provides coverage for a limited range of perils, including fire, lightning, explosion, and a few other specified risks. This form is widely used as a foundation for commercial property insurance policies, making it a legitimate Cause of Loss Form.

<b>B) Broad Form</b>  
The Broad Form enhances coverage beyond the Basic Form, including additional perils like falling objects, weight of snow, and water damage from certain sources. As a recognized and specific type of Cause of Loss Form, it offers more comprehensive protection compared to the Basic Form.

<b>D) Special Form</b>  
The Special Form, often referred to as ""all risk"" coverage, encompasses a wide array of risks except those specifically excluded in the policy. It is a widely accepted Cause of Loss Form in commercial property policies, providing extensive protection against various potential losses.

<b>Conclusion</b>  
In summary, the Comprehensive Form does not exist as a standard Cause of Loss Form in commercial property insurance, while Basic, Broad, and Special Forms are recognized and utilized for various coverage needs. Understanding the distinctions among these forms is crucial for effectively managing property risks and ensuring appropriate coverage in commercial policies.",,Regular,
Insurance Exams,Life Insurance Producer,Virginia Insurance Exams,Virginia Insurance Practice Test,,The definition of property damage under the liability section in a homeowner's policy includes all of the following EXCEPT,Loss due to copyright infringement,Loss of use of a damaged neighbor's home,Destruction of a store front window,Partial damage of a school aquarium,,,,A,"<h2>Loss due to copyright infringement.</h2>  
Property damage under the liability section of a homeowner's policy generally pertains to physical damage to tangible property, not intangible losses like copyright infringement. This definition encompasses damages that affect physical items and their utility, which are not applicable in cases of intellectual property disputes.

<b>A) Loss due to copyright infringement</b>  
Copyright infringement involves legal violations related to intellectual property and does not pertain to physical property damage. Homeowner's insurance primarily covers physical damage or loss to tangible assets, making this option irrelevant under the liability section's definition.

<b>B) Loss of use of a damaged neighbor's home</b>  
This choice involves a situation where the damage to a neighbor's home prevents them from using it, which can be covered under liability if the insured is responsible for that damage. This type of loss is directly related to property damage and is a legitimate claim under liability coverage.

<b>C) Destruction of a store front window</b>  
The destruction of a storefront window is a clear example of physical property damage, which falls under the liability section of a homeowner's policy. This situation involves tangible property being damaged, thus fitting the policy's coverage criteria.

<b>D) Partial damage of a school aquarium</b>  
Similar to option C, partial damage to a school aquarium constitutes physical property damage. If the homeowner is liable for the damage, it can be covered under the liability section of their homeowner's policy, making this choice relevant to property damage claims.

<b>Conclusion</b>  
In summary, the definition of property damage under a homeowner's liability policy encompasses tangible damages and losses that affect physical property. While options B, C, and D depict scenarios of physical damage, copyright infringement is an intangible issue unrelated to property damage. Thus, it stands out as the only incorrect choice in the context of the question.",,Regular,
Insurance Exams,Life Insurance Producer,Virginia Insurance Exams,Virginia Insurance Exam Questions,,"Before allowing the installation of a business sign on a building, a city might require a contractor to file a",Contract bond,License and permit bond,Fidelity bond,Court bond,,,,B,"<h2>Before allowing the installation of a business sign on a building, a city might require a contractor to file a license and permit bond.</h2>  
A license and permit bond ensures that the contractor complies with local laws and regulations regarding signage, protecting the city and ensuring that the contractor behaves ethically and responsibly during the installation process.

<b>A) Contract bond</b>  
A contract bond guarantees the fulfillment of a specific contract between the contractor and the property owner or city. While important in construction projects, it does not specifically address compliance with local regulations concerning signage, which is the primary focus of the question.

<b>B) License and permit bond</b>  
This bond is essential for ensuring that contractors follow the laws and regulations set forth by the city regarding the installation of business signs. It protects the city from any potential violations and ensures that all necessary permits are obtained, making it the correct answer.

<b>C) Fidelity bond</b>  
A fidelity bond protects against employee dishonesty and theft, covering losses incurred by the employer due to the wrongful acts of employees. It is not relevant to the installation of business signs, as it does not pertain to compliance or regulatory requirements.

<b>D) Court bond</b>  
Court bonds are typically required in legal proceedings to ensure that a party fulfills a court order or judgment. These bonds do not relate to the installation of business signs or compliance with local business regulations, thus making them an inappropriate choice for this scenario.

<b>Conclusion</b>  
Contractors seeking to install business signs must adhere to city regulations, often necessitating the acquisition of a license and permit bond. This bond specifically ensures compliance with local laws, distinguishing it from other types of bonds that serve different purposes. Understanding these distinctions is crucial for contractors to operate legally and responsibly within their communities.",,Regular,
Insurance Exams,Life Insurance Producer,Virginia Insurance Exams,Virginia Insurance Practice Test,,"An insurance applicant is aware of an adverse material fact about the risk, but decides not to disclose it to the insurer. This is an example of",Mistake of fact,Concealment,Right of privacy,Oversight,,,,B,"<h2>Concealment.</h2>  
In insurance, concealment refers to the intentional withholding of material facts that could influence the insurer's decision-making process. By not disclosing an adverse material fact, the applicant is actively attempting to mislead the insurer, which can have significant legal implications.

<b>A) Mistake of fact</b>  
A mistake of fact occurs when one or both parties have a misunderstanding about a fundamental aspect of the agreement or situation. In this scenario, the applicant is not mistaken but is deliberately choosing to hide information. Thus, it does not apply here.

<b>B) Concealment</b>  
Concealment is the act of intentionally omitting or hiding information that is relevant to the insurance risk. In this case, the applicant knows about an adverse material fact and chooses not to disclose it to the insurer, which aligns perfectly with the definition of concealment.

<b>C) Right of privacy</b>  
The right of privacy pertains to an individual's entitlement to keep personal information confidential. While the applicant may feel entitled to privacy, the requirement to disclose material facts in insurance contracts overrides this right when it comes to risk assessment. Therefore, this option is not applicable in this context.

<b>D) Oversight</b>  
Oversight implies a failure to notice or consider something, often unintentionally. However, in this scenario, the applicant is aware of the adverse fact and chooses not to disclose it, which indicates a deliberate action rather than an oversight. 

<b>Conclusion</b>  
In this context, concealment is the correct term for the applicant's decision to withhold an adverse material fact from the insurer. This action reflects a conscious choice to mislead, which can significantly impact the validity of the insurance contract. Understanding such concepts is crucial in ensuring ethical practices in the insurance industry.",,Regular,
Insurance Exams,Life Insurance Producer,Virginia Insurance Exams,Virginia Insurance Exam Questions,,"Under the Broad Form Dwelling Policy, which one of the following is true",It provides open perils coverage on the dwelling,It includes replacement cost coverage on the dwelling,It includes liability coverage,It covers damage caused by nuclear contamination,,,,B,"<h2>It includes replacement cost coverage on the dwelling.</h2>  
The Broad Form Dwelling Policy indeed provides replacement cost coverage for the dwelling, ensuring that in the event of a loss, the insured can receive the amount necessary to replace or repair the dwelling without depreciation deductions, subject to policy limits.

<b>A) It provides open perils coverage on the dwelling</b>  
The Broad Form Dwelling Policy does not provide open perils coverage; rather, it offers named perils coverage. This means it only covers specific risks listed in the policy, unlike open perils policies that cover all risks except those specifically excluded.

<b>B) It includes replacement cost coverage on the dwelling</b>  
This statement is accurate. The Broad Form Dwelling Policy offers replacement cost coverage, allowing policyholders to receive compensation for the full cost of replacing their dwelling without accounting for depreciation, provided the coverage limit is sufficient.

<b>C) It includes liability coverage</b>  
Liability coverage is not included in the Broad Form Dwelling Policy; it primarily focuses on property coverage for the dwelling and its contents. Separate liability coverage must be obtained through a different policy, such as a personal liability umbrella policy or a homeowner's policy.

<b>D) It covers damage caused by nuclear contamination</b>  
Damage from nuclear contamination is typically excluded from most insurance policies, including the Broad Form Dwelling Policy. Such coverage is generally not provided due to the catastrophic nature of nuclear events, which are considered uninsurable risks.

<b>Conclusion</b>  
The Broad Form Dwelling Policy is designed to cover specific perils related to the dwelling, including important features like replacement cost coverage that benefits the policyholder during losses. While it provides valuable property protection, it lacks open perils coverage, liability coverage, and does not extend to damages from nuclear contamination, underscoring the importance of understanding the limitations and specific coverages of insurance policies.",,Regular,
Insurance Exams,Life Insurance Producer,Virginia Insurance Exams,Virginia Insurance Practice Test,,The Employers Liability Section of the Workers Compensation and Employers Liability Insurance Policy,Covers workers compensation benefits required of the employer in any state not listed in the declarations,Applies to suits which are brought against the employer by an employee or someone else because of injury to an employee,Is an optional coverage that is not needed by most employers,Includes employees as additional insureds,if sued by a fellow employee,,,B,"<h2>Applies to suits which are brought against the employer by an employee or someone else because of injury to an employee.</h2>  
The Employers Liability Section of the Workers Compensation and Employers Liability Insurance Policy provides coverage for legal liability when an employee or a third party sues the employer due to injuries sustained by the employee during work-related activities. This coverage is essential for protecting employers from potential lawsuits that arise from workplace injuries.

<b>A) Covers workers compensation benefits required of the employer in any state not listed in the declarations</b>  
This option is incorrect because the Employers Liability Section does not cover workers' compensation benefits; rather, it specifically covers liability arising from lawsuits. Workers' compensation benefits are typically covered under a separate section of the policy that addresses the statutory requirements of workers' compensation laws.

<b>C) Is an optional coverage that is not needed by most employers</b>  
This choice is misleading as the Employers Liability Section is not optional for many employers, especially those in industries where the risk of employee lawsuits is higher. While some small employers may feel they do not need this coverage, it is generally advisable for all employers to have it to protect against the risk of lawsuits arising from employee injuries.

<b>D) Includes employees as additional insureds</b>  
This statement is incorrect because employees are not considered additional insureds under the Employers Liability Section. The coverage is designed to protect employers from claims made by employees, rather than extending coverage to the employees themselves.

<b>E) If sued by a fellow employee</b>  
This option is incorrect as well because while the Employers Liability Section provides coverage for lawsuits by employees, it typically does not cover claims made by one employee against another. Such claims often fall outside the scope of this section, as they are usually addressed through other legal avenues.

<b>Conclusion</b>  
The Employers Liability Section of the Workers Compensation and Employers Liability Insurance Policy is crucial for employers facing lawsuits from employees or third parties due to workplace injuries. It serves to protect against legal liabilities that may arise, while other choices either misrepresent the coverage or describe aspects unrelated to the primary function of this insurance section. Understanding this coverage is vital for employers to mitigate risks associated with employee injuries.",,Regular,
Insurance Exams,Life Insurance Producer,Virginia Insurance Exams,Virginia Insurance Exam Questions,,What might be considered an unfair claims settlement practice,Offering compromise settlements when facts are in question,Denying coverage for claims after a timely investigation,Failing to promptly investigate and settle legitimate claims,Compelling insureds to litigate claims where a real coverage dispute exists,,,,C,"<h2>Failing to promptly investigate and settle legitimate claims.</h2>  
Such practices are deemed unfair because they can prolong the claims process, causing unnecessary stress and financial strain for the insured, who relies on timely support from their insurance provider.

<b>A) Offering compromise settlements when facts are in question</b>  
This practice can be seen as a negotiation strategy rather than an unfair practice. Offering compromise settlements may actually be beneficial for both parties, as it allows for resolution in uncertain situations without the need for litigation.

<b>B) Denying coverage for claims after a timely investigation</b>  
Denying coverage following a thorough investigation is typically within the rights of an insurer, provided it is based on the policy terms. As long as the denial is justified and follows due process, it does not constitute an unfair claims settlement practice.

<b>D) Compelling insureds to litigate claims where a real coverage dispute exists</b>  
While this may seem unfair, it is often a necessary course of action in cases where there is a legitimate dispute over coverage. Insurers sometimes must defend their position legally, and this does not automatically equate to an unfair practice if the dispute is valid.

<b>Conclusion</b>  
Unfair claims settlement practices are characterized by actions that unjustly hinder the rightful claims process for insured individuals. Among the options provided, failing to promptly investigate and settle legitimate claims is the clearest violation, as it directly undermines the insured's trust and financial stability. Insurers are obligated to act promptly and in good faith, ensuring that all legitimate claims are addressed efficiently and fairly.",,Regular,
Insurance Exams,Life Insurance Producer,Virginia Insurance Exams,Virginia Insurance Practice Test,,Which of the following vehicles is eligible for coverage under a Personal Auto Policy,An antique auto owned by an individual,A four-door sedan owned by a partnership,A motor home owned by several unrelated individuals,A cargo van owned by a sole proprietor,,,,A,"<h2>An antique auto owned by an individual is eligible for coverage under a Personal Auto Policy.</h2>  
A Personal Auto Policy (PAP) typically provides coverage for personal vehicles owned by individuals, including certain antique autos. These vehicles can qualify for coverage as long as they meet the specific criteria set forth by the insurance provider.

<b>A) An antique auto owned by an individual</b>  
This choice is correct because a Personal Auto Policy can cover antique vehicles that are owned by individuals, as they are considered personal vehicles under the policy guidelines. Antique autos often have specific coverage options available, making them eligible for insurance under a PAP.

<b>B) A four-door sedan owned by a partnership</b>  
This choice is incorrect because a Personal Auto Policy is designed for individual ownership, not for vehicles owned by partnerships or businesses. A four-door sedan owned by a partnership would require a different type of insurance policy, such as a commercial auto policy, to provide the necessary coverage.

<b>C) A motor home owned by several unrelated individuals</b>  
This choice is incorrect since a Personal Auto Policy does not typically cover vehicles used for business purposes or owned jointly by unrelated individuals. Motor homes often require specialized coverage that reflects their use and ownership structure, which is not provided under a standard PAP.

<b>D) A cargo van owned by a sole proprietor</b>  
This choice is incorrect because cargo vans are generally associated with commercial use rather than personal use. A Personal Auto Policy does not cover vehicles that are primarily used for business activities, even if they are owned by a sole proprietor.

<b>Conclusion</b>  
In summary, a Personal Auto Policy is intended to provide coverage for personal vehicles owned by individuals, including antique autos. Other vehicles owned by partnerships, unrelated individuals, or used for business purposes do not qualify for PAP coverage. Understanding these eligibility requirements helps ensure that vehicle owners secure the appropriate insurance for their needs.",,Regular,
Insurance Exams,Life Insurance Producer,Virginia Insurance Exams,Virginia Insurance Exam Questions,,The primary purpose of the Workers Compensation Second Injury Fund is to,Encourage employers to hire workers with pre-existing disabilities,Provide funds to employees with more than one injury,Provide funds for non-employment-related injuries,Compensate employees for second partial disability claims,,,,A,"<h2>Encourage employers to hire workers with pre-existing disabilities.</h2>  
The Workers Compensation Second Injury Fund is designed to incentivize employers to hire individuals with pre-existing disabilities by mitigating the financial risk associated with potential work-related injuries. This fund helps ensure that these workers can compete in the job market without the added concern of increased costs for their employers.

<b>A) Encourage employers to hire workers with pre-existing disabilities</b>  
This option accurately reflects the primary role of the Workers Compensation Second Injury Fund. By providing financial support to cover additional costs that may arise from a second injury, the fund encourages employers to hire individuals with disabilities, ultimately promoting inclusivity in the workforce.

<b>B) Provide funds to employees with more than one injury</b>  
While the fund does assist individuals with multiple injuries, this choice does not capture the fund's main purpose. It focuses on the financial assistance aspect rather than the encouragement of hiring practices for those with pre-existing conditions, which is central to the fund's mission.

<b>C) Provide funds for non-employment-related injuries</b>  
This choice is incorrect as the fund specifically addresses injuries that occur in the workplace. Non-employment-related injuries fall outside the scope of the Workers Compensation Second Injury Fund, which is exclusively designed to support workers who sustain additional injuries while employed.

<b>D) Compensate employees for second partial disability claims</b>  
Although the fund may deal with partial disabilities, this option does not define its primary purpose. The focus is not just on compensating for second partial disabilities but rather on promoting employment opportunities for individuals with prior disabilities, which is the essence of the fund.

<b>Conclusion</b>  
The Workers Compensation Second Injury Fund plays a crucial role in fostering an inclusive workforce by encouraging the hiring of individuals with pre-existing disabilities. By alleviating the financial burden on employers who hire such workers, the fund helps remove barriers to employment and supports a diverse labor market. Other options do not adequately represent the fund's core mission, highlighting the importance of promoting job opportunities for all individuals.",,Regular,
Insurance Exams,Life Insurance Producer,Virginia Insurance Exams,Virginia Insurance Practice Test,,All of the following are eligible for the Businessowners Policy EXCEPT,Barber shops,Bakeries,Auto dealers,Bookstores,,,,C,"<h2>Auto dealers are not eligible for the Businessowners Policy.</h2>  
Businessowners Policies (BOP) are designed for small to medium-sized businesses with low risk profiles. Auto dealers typically have higher risks and unique coverage needs that are not adequately addressed by a standard BOP, making them ineligible for this type of insurance.

<b>A) Barber shops</b>  
Barber shops are considered low-risk businesses that often qualify for a Businessowners Policy. They typically require standard liability and property coverage, which a BOP can provide effectively, as they do not present the higher risks associated with more complex businesses.

<b>B) Bakeries</b>  
Bakeries fall under the category of small businesses that can be insured through a Businessowners Policy. Their operations generally involve lower risks related to property and liability, making them suitable candidates for this insurance type.

<b>C) Auto dealers</b>  
Auto dealers deal with higher risks due to the nature of their business, including vehicle inventory and the potential for liability claims related to vehicle sales and services. These factors necessitate more specialized coverage options that a standard Businessowners Policy cannot fulfill, leading to their exclusion.

<b>D) Bookstores</b>  
Bookstores are typically low-risk establishments that can be covered under a Businessowners Policy. They generally require insurance for liability and property, which aligns well with the coverage offered by a BOP, making them eligible for this type of insurance.

<b>Conclusion</b>  
In summary, while barber shops, bakeries, and bookstores are all businesses that fit well within the scope of a Businessowners Policy, auto dealers are not eligible due to the higher risks associated with their operations. Understanding these distinctions helps business owners make informed decisions about their insurance needs and ensures they select the most appropriate coverage for their specific business type.",,Regular,
Insurance Exams,Life Insurance Producer,Virginia Insurance Exams,Virginia Insurance Exam Questions,,Which watercraft owned by the insured would have automatic liability coverage under a homeowners policy,A 28 foot sailboat,A boat with a 40 horsepower inboard motor,A boat with a 40 horsepower outboard motor,A 12 foot kayak,,,,D,"<h2>A 12 foot kayak would have automatic liability coverage under a homeowners policy.</h2>  
Homeowners policies typically provide automatic liability coverage for certain types of watercraft, specifically smaller, non-motorized boats, such as kayaks. This coverage is designed to protect homeowners from liabilities arising from accidents involving these watercraft.

<b>A) A 28 foot sailboat</b>  
A 28-foot sailboat exceeds the size limitations typically set for automatic liability coverage under homeowners policies. Larger sailboats often require separate insurance due to increased risks and potential liabilities associated with their size and capabilities.

<b>B) A boat with a 40 horsepower inboard motor</b>  
Boats with inboard motors, especially those with significant horsepower, generally do not qualify for automatic liability coverage under homeowners policies. The presence of a motor increases the risk profile of the watercraft, necessitating specialized insurance to cover potential liabilities.

<b>C) A boat with a 40 horsepower outboard motor</b>  
Similar to inboard motor boats, those with outboard motors also exceed the coverage limits of typical homeowners policies. The horsepower rating indicates higher speed and power, which correlates with increased risk, thereby requiring separate insurance coverage for adequate liability protection.

<b>D) A 12 foot kayak</b>  
A 12-foot kayak is a non-motorized watercraft that falls within the automatic liability coverage limits of homeowners policies. Its size and construction pose lower risk than powered or larger boats, making it eligible for inclusion in the homeowner's liability coverage without requiring additional insurance.

<b>Conclusion</b>  
In summary, homeowners policies automatically cover certain types of watercraft, particularly smaller, non-motorized ones like kayaks. The 12-foot kayak stands out as the only option listed that meets the criteria for automatic liability coverage, while the other choices involve larger or motorized boats that necessitate separate liability insurance due to their increased risk. Understanding these distinctions is crucial for homeowners to ensure adequate coverage for their watercraft.",,Regular,
Insurance Exams,Life Insurance Producer,Virginia Insurance Exams,Virginia Insurance Practice Test,,"A liability policy has a per person limit of $200,000 and a per occurrence limit of $600,000. In one covered accident, three people each receive judgments of $350,000. How much will each person receive from the policy","$2,000","$3,000","$3,500","$6,000",,,,A,"<h2>Each person will receive $200,000 from the policy.</h2>  
The liability policy has a per person limit of $200,000, meaning that regardless of the total judgments, each individual's claim is capped at this amount. Since each of the three people received a judgment of $350,000, they will only be compensated up to the per person limit.

<b>A) $2,000</b>  
This option does not reflect the actual compensation amount per person under the policy limits. Each individual is entitled to receive $200,000; therefore, $2,000 is significantly lower than the per person cap.

<b>B) $3,000</b>  
Similar to option A, this choice underestimates the amount each person can receive based on the policy limits. The per person limit of $200,000 applies, making $3,000 an incorrect figure.

<b>C) $3,500</b>  
This choice also fails to adhere to the established limits of the policy. Each person can collect up to $200,000, rendering $3,500 inadequate and incorrect.

<b>D) $6,000</b>  
While this option suggests a total amount, it does not address the per person limit imposed by the policy. Since each individual can only receive $200,000, $6,000 is far below the maximum allowable compensation.

<b>Conclusion</b>  
The liability policy clearly stipulates a per person limit of $200,000, which is the maximum amount payable for each individual's claim arising from the accident. Given the judgments exceed this limit, each of the three individuals will receive $200,000, capped by the policy, which is not represented in any of the other options.",,Regular,
Insurance Exams,Life Insurance Producer,Virginia Insurance Exams,Virginia Insurance Exam Questions,,An agent may be guilty of misrepresentation if the agent,Failed to disclose exclusions of the policy,Denied a claim for failure of the policyholder to prove damages,Required timely written notice of loss for all claims,Issued a full settlement check expressly releasing the insurer,,,,A,"<h2>Failed to disclose exclusions of the policy.</h2>  
When an agent does not disclose exclusions that are critical to understanding a policy, this can lead to a misrepresentation of what coverage is actually provided, thus potentially making the agent liable for misrepresentation.

<b>A) Failed to disclose exclusions of the policy</b>  
This choice directly relates to the concept of misrepresentation, as failing to disclose exclusions can mislead the policyholder about the extent of their coverage. It is essential for agents to fully inform clients about any limitations or exclusions in a policy to prevent misunderstandings and ensure informed decision-making.

<b>B) Denied a claim for failure of the policyholder to prove damages</b>  
Denying a claim based on a policyholder's inability to prove damages is typically a standard practice in insurance. This does not constitute misrepresentation; rather, it reflects the requirements outlined in the policy that must be met for a claim to be honored.

<b>C) Required timely written notice of loss for all claims</b>  
Requiring timely written notice of loss is a common contractual obligation in insurance policies. This requirement does not relate to misrepresentation, as it is a standard process to ensure claims are handled efficiently and fairly, provided it is clearly stated in the policy.

<b>D) Issued a full settlement check expressly releasing the insurer</b>  
Issuing a full settlement check that releases the insurer from further claims is a normal procedure once a claim is settled. This action does not imply misrepresentation; instead, it signifies the conclusion of a claim process, assuming all terms were communicated clearly.

<b>Conclusion</b>  
Misrepresentation occurs when an agent fails to provide essential information that could affect a policyholder's understanding of their coverage. In this case, the failure to disclose exclusions is a critical factor that can lead to potential liability for the agent. Other choices revolve around standard practices and contractual obligations that do not amount to misrepresentation. Therefore, it is crucial for agents to communicate all pertinent details about policies to avoid legal repercussions.",,Regular,
Insurance Exams,Life Insurance Producer,Virginia Insurance Exams,Virginia Insurance Practice Test,,A Homeowners Policy EXCLUDES coverage for,Damage to property of the insured,Personal liability of the insured,Medical payments to the insured,Premises liability for the insured,,,,C,"<h2>Medical payments to the insured are excluded from coverage under a Homeowners Policy.</h2>  
Homeowners policies typically do not provide coverage for medical payments incurred by the insured themselves, as these policies are primarily designed to cover liabilities arising from incidents involving third parties. This exclusion helps to prevent conflicts of interest and potential fraud.

<b>A) Damage to property of the insured</b>  
Homeowners policies generally cover damage to the property of the insured, such as the home and personal belongings, against various risks like fire or theft. This coverage is essential for protecting the financial investment homeowners have in their property.

<b>B) Personal liability of the insured</b>  
Personal liability coverage is a key component of homeowners policies, designed to protect the insured against claims of bodily injury or property damage to others for which they are responsible. This coverage helps to safeguard the insured's financial assets in the event of a lawsuit.

<b>D) Premises liability for the insured</b>  
Premises liability coverage is included in homeowners policies, protecting the insured from claims related to injuries or damages occurring on their property. This essential coverage ensures that homeowners are financially protected if someone is injured while visiting their home.

<b>Conclusion</b>  
In summary, a Homeowners Policy explicitly excludes coverage for medical payments to the insured, while providing essential protections for property damage, personal liability, and premises liability. This structure helps to maintain the integrity of the insurance system and protects homeowners from various financial risks associated with third-party claims.",,Regular,
Insurance Exams,Life Insurance Producer,Virginia Insurance Exams,Virginia Insurance Exam Questions,,"Under the Homeowners Policy, how long can a dwelling be vacant before coverage for breakage of glass is EXCLUDED",15 days,30 days,45 days,60 days,,,,D,"<h2>Under the Homeowners Policy, a dwelling can be vacant for 60 days before coverage for breakage of glass is EXCLUDED.</h2>  
Homeowners insurance policies typically stipulate that if a dwelling remains vacant for more than 60 consecutive days, certain coverages, including breakage of glass, may be excluded. This provision is designed to mitigate risks associated with unoccupied properties.

<b>A) 15 days</b>  
A vacancy period of 15 days is insufficient for triggering the exclusion of coverage for breakage of glass. Homeowners policies generally allow for a longer duration before exclusions take effect, making this option incorrect and not aligned with standard policy terms.

<b>B) 30 days</b>  
While some insurance policies may have different stipulations, a 30-day vacancy period does not meet the threshold set by most homeowners policies for excluding coverage for glass breakage. This option is too short and does not reflect the standard requirement of 60 days.

<b>C) 45 days</b>  
Similar to the previous options, 45 days does not reach the critical 60-day mark specified in many homeowners policies. Coverage for breakage of glass remains intact until the end of this period, making this choice inaccurate.

<b>D) 60 days</b>  
A dwelling can remain vacant for up to 60 days before coverage for breakage of glass is excluded under the Homeowners Policy. This timeframe is crucial for homeowners to understand in order to maintain their insurance coverage effectively.

<b>Conclusion</b>  
Understanding the vacancy requirements within a Homeowners Policy is essential for maintaining coverage. In this case, the 60-day limit for a dwelling's vacancy is critical, as exceeding this period results in the exclusion of specific coverage, including breakage of glass. Homeowners should be aware of this stipulation to ensure they are adequately protected.",,Regular,
Insurance Exams,Life Insurance Producer,Virginia Insurance Exams,Virginia Insurance Practice Test,,A licensee must report an administrative action taken by another state or governmental agency to the Bureau of Insurance within how many calendar days after final disposition,10 days,20 days,30 days,45 days,,,,C,"<h2>A licensee must report an administrative action taken by another state or governmental agency to the Bureau of Insurance within 30 calendar days after final disposition.</h2>  
It is mandated that licensees notify the Bureau of Insurance within 30 days after the conclusion of any administrative action, ensuring regulatory compliance and proper oversight.

<b>A) 10 days</b>  
Reporting within 10 days is insufficient according to the regulations, as it does not meet the specified timeframe for notifying the Bureau of Insurance. This shorter period would not allow adequate time for thorough review and reporting of administrative actions.

<b>B) 20 days</b>  
While 20 days is an improvement over 10, it still falls short of the 30-day requirement set forth by regulatory standards. This option fails to comply with the established protocol for timely reporting by licensees.

<b>C) 30 days</b>  
This timeframe aligns perfectly with the regulatory requirement for licensees to report administrative actions to the Bureau of Insurance. Adhering to this 30-day window ensures that all relevant authorities are informed in a timely manner, facilitating proper regulatory oversight.

<b>D) 45 days</b>  
Reporting after 45 days exceeds the permissible timeframe for notification. Such delays could impede regulatory processes and may result in penalties or other repercussions for the licensee, undermining the objective of maintaining accountability and transparency.

<b>Conclusion</b>  
The requirement to report administrative actions within 30 calendar days is crucial for maintaining regulatory compliance and ensuring that the Bureau of Insurance is promptly informed of significant actions impacting licensees. Options A, B, and D do not satisfy this essential requirement, while option C correctly captures the specified timeframe for reporting, thus promoting accountability within the insurance industry.",,Regular,
Insurance Exams,Life Insurance Producer,Virginia Insurance Exams,Virginia Insurance Exam Questions,,An individual or business entity conducting business under an assumed or fictitious name must notify the Bureau of Insurance either at the time the license application is filed or,Within 30 calendar days from the date the name is adopted,Within 60 calendar days from when the first policy is sold under the assumed name,At the time of license renewal,30 days before the assumed name is no longer being used,,,,A,"<h2>An individual or business entity conducting business under an assumed or fictitious name must notify the Bureau of Insurance within 30 calendar days from the date the name is adopted.</h2>  
This requirement ensures that the Bureau of Insurance is updated with accurate information regarding the names under which entities operate, promoting transparency and compliance in the insurance industry.

<b>A) Within 30 calendar days from the date the name is adopted</b>  
This is the correct answer as it aligns with the regulatory requirement for notifying the Bureau of Insurance. Entities must communicate the adoption of a fictitious name promptly, within a 30-day window, to ensure compliance.

<b>B) Within 60 calendar days from when the first policy is sold under the assumed name</b>  
This option is incorrect because the notification requirement is not tied to the sale of insurance policies. The regulation specifically mandates notification based on the date the name is adopted, making this timeline irrelevant.

<b>C) At the time of license renewal</b>  
This choice is incorrect as it suggests a less immediate obligation. The Bureau requires notification at the time the name is adopted, not during the license renewal process, which could delay necessary updates.

<b>D) 30 days before the assumed name is no longer being used</b>  
This option is also incorrect since the notification requirement pertains to the adoption of the name, not its discontinuation. There is no provision that allows for notification to occur prior to the name being abandoned.

<b>Conclusion</b>  
Entities must notify the Bureau of Insurance within 30 calendar days after adopting an assumed name to ensure regulatory compliance. This requirement emphasizes timely communication and transparency within the insurance sector, distinguishing it from other timelines associated with policy sales or license renewals. Understanding these regulations helps maintain operational integrity and proper licensing practices.",,Regular,
Insurance Exams,Life Insurance Producer,Virginia Insurance Exams,Virginia Insurance Practice Test,,All of the following are considered insureds under the Business Auto Coverage Form EXCEPT,Any person named in the declarations of the policy,An employee of the insured using a covered auto for business,Anyone using an insured auto with permission of the insured,An employee using a personal car for the insured's business,,,,D,"<h2>An employee using a personal car for the insured's business is not considered an insured under the Business Auto Coverage Form.</h2>  
In the context of the Business Auto Coverage Form, coverage extends to specific individuals and circumstances, and using a personal vehicle does not automatically qualify for coverage under the business policy.

<b>A) Any person named in the declarations of the policy</b>  
Individuals explicitly listed in the declarations of the policy are covered as insureds, as the policy is designed to provide protection to those specified parties while operating covered autos. This inclusion is a fundamental aspect of insurance contracts, ensuring that the named individuals have coverage in business-related vehicle operations.

<b>B) An employee of the insured using a covered auto for business</b>  
Employees who operate vehicles covered under the policy for business purposes are considered insureds. This coverage is crucial as it protects the business from liability arising from the employee's use of the vehicle while conducting work-related tasks, reinforcing the intent of the policy to safeguard business operations.

<b>C) Anyone using an insured auto with permission of the insured</b>  
Coverage extends to anyone who has the insured's permission to use a covered auto. This provision is designed to ensure that businesses are protected against liabilities incurred by others who may drive their vehicles, further broadening the scope of protection provided by the policy.

<b>D) An employee using a personal car for the insured's business</b>  
An employee utilizing their personal vehicle for business purposes does not fall under the coverage of the Business Auto Coverage Form. This limitation is significant, as personal auto insurance policies typically govern such use, and the business policy does not extend to personal vehicles unless specifically endorsed.

<b>Conclusion</b>  
In summary, the Business Auto Coverage Form provides protection to named insureds, employees using covered autos, and those using insured vehicles with permission. However, employees using their personal vehicles for business do not qualify as insureds under this form, emphasizing the need for separate coverage considerations for personal vehicles used in a business context. Understanding these distinctions is critical for ensuring appropriate insurance coverage and protecting business interests.",,Regular,
Insurance Exams,Life Insurance Producer,Virginia Insurance Exams,Virginia Insurance Exam Questions,,Which one of the following is true concerning the premises and operations liability coverage of the Commercial General Liability Policy,It can be eliminated by endorsement,Coverage is not available on a claims-made basis,Bodily injury to the named insured on the named insured's premises is covered,Coverage is provided for bodily injury and property damage liability,,,,D,"<h2>Coverage is provided for bodily injury and property damage liability.</h2>  
The Commercial General Liability (CGL) Policy offers coverage for various liabilities, specifically including bodily injury and property damage, which are fundamental components of the policy. This coverage protects businesses against claims that arise from accidents occurring on their premises or due to their operations.

<b>A) It can be eliminated by endorsement</b>  
While certain coverages within a CGL policy can be modified or eliminated through endorsements, the premises and operations liability coverage itself is not inherently eliminable without affecting the overall coverage of the policy. Endorsements may adjust coverage limits or specific conditions but do not simply remove this fundamental liability protection.

<b>B) Coverage is not available on a claims-made basis</b>  
The premises and operations liability coverage under a CGL policy is typically provided on an occurrence basis rather than a claims-made basis. This means that the coverage applies to incidents that occur during the policy period, regardless of when the claim is made, making this statement incorrect.

<b>C) Bodily injury to the named insured on the named insured's premises is covered</b>  
Generally, bodily injury to the named insured is excluded from coverage under a CGL policy. The policy is designed to protect against claims made by third parties, not injuries sustained by the insured themselves, making this statement false.

<b>Conclusion</b>  
The Commercial General Liability Policy is essential for protecting businesses against claims of bodily injury and property damage resulting from their operations and premises. Option D correctly identifies this coverage as a core component of the policy, while the other options misinterpret the terms or limitations of the coverage provided. Understanding these distinctions is vital for effective risk management in business operations.",,Regular,
Insurance Exams,Life Insurance Producer,Virginia Insurance Exams,Virginia Insurance Practice Test,,"In Virginia, upon nonrenewal of a dwelling policy which includes a mortgage clause, the insurer is required to",Notify the Federal Home Loan Mortgage Corporation (FHLMC) of the intent to nonrenew the policy,Send a copy of the written notice of nonrenewal to the mortgagee named in the policy,Send a copy of the written notice of nonrenewal to the Bureau of Insurance,Send the written notice of nonrenewal to the insured to forward to the mortgagee named in the policy,,,,B,"<h2>Send a copy of the written notice of nonrenewal to the mortgagee named in the policy.</h2>  
In Virginia, when a dwelling policy that includes a mortgage clause is nonrenewed, the insurer is required to notify the mortgagee directly to ensure that their interests are protected. This requirement is crucial for maintaining clear communication regarding the insurance status of the property.

<b>A) Notify the Federal Home Loan Mortgage Corporation (FHLMC) of the intent to nonrenew the policy</b>  
This option is incorrect as the FHLMC is not involved in the nonrenewal process of individual insurance policies. The requirement focuses on notifying the mortgagee listed in the policy, who has a direct interest in the insurance coverage.

<b>C) Send a copy of the written notice of nonrenewal to the Bureau of Insurance</b>  
While the Bureau of Insurance oversees regulatory compliance, it does not require notification of nonrenewal for specific dwelling policies. The primary responsibility lies with directly informing the mortgagee to ensure they are aware of any changes affecting their collateral.

<b>D) Send the written notice of nonrenewal to the insured to forward to the mortgagee named in the policy</b>  
This option is incorrect because the insurer must directly send the notice to the mortgagee rather than relying on the insured to forward it. Direct communication ensures that the mortgagee receives timely information about the nonrenewal.

<b>Conclusion</b>  
In summary, Virginia law mandates that insurers send a written notice of nonrenewal directly to the mortgagee named in the policy when a dwelling policy is nonrenewed. This requirement safeguards the interests of the mortgagee and ensures they are promptly informed of any changes affecting their financial investment. The other options do not fulfill this direct communication requirement and therefore do not meet the legal obligations set forth.",,Regular,
Insurance Exams,Life Insurance Producer,Virginia Insurance Exams,Virginia Insurance Exam Questions,,"If the insured has physical damage coverage on a personal auto and hits a light pole while driving a borrowed auto, the damages to the borrowed auto may be covered by",Supplementary payments coverage,Other than collision coverage,Collision coverage,No fault coverage,,,,C,"<h2>Collision coverage may cover the damages to the borrowed auto.</h2>  
Collision coverage is designed to protect against damage to a vehicle resulting from a collision with another object, which includes hitting a light pole. Since the insured has physical damage coverage on their personal auto, this coverage typically extends to borrowed vehicles during the incident.

<b>A) Supplementary payments coverage</b>  
Supplementary payments coverage typically refers to additional payments made by an insurer for costs related to a claim, such as legal fees or bail bonds, rather than coverage for physical damage to a vehicle. Therefore, it does not provide coverage for damages incurred from a collision.

<b>B) Other than collision coverage</b>  
Other than collision coverage, often referred to as comprehensive coverage, protects against damages not resulting from a collision, such as theft, vandalism, or natural disasters. Since the incident involved a collision with a light pole, this type of coverage would not apply.

<b>C) Collision coverage</b>  
Collision coverage directly addresses damages resulting from a collision with another object, including the situation described. Since the insured hit a light pole while driving a borrowed vehicle, their collision coverage would apply to the damages to that vehicle.

<b>D) No fault coverage</b>  
No fault coverage pertains to personal injury protection that allows insured individuals to receive benefits regardless of fault in an accident. It does not provide coverage for property damage to vehicles, thus not applicable to the situation of hitting a light pole.

<b>Conclusion</b>  
In this scenario, collision coverage is the relevant type of insurance that would address the damages to the borrowed auto after hitting a light pole. While other coverage types such as supplementary payments, other than collision, and no fault coverage serve distinct purposes, they do not apply to physical damage resulting from a collision. Hence, collision coverage is essential for protecting against such incidents, ensuring that the insured's liabilities are managed effectively.",,Regular,
Insurance Exams,Life Insurance Producer,Virginia Insurance Exams,Virginia Insurance Practice Test,,"For Virginia employers with three employees or more, workers compensation insurance is",Mandatory,Voluntary,Self-insured,Provided by the state,,,,A,"<h2>For Virginia employers with three employees or more, workers compensation insurance is mandatory.</h2>  
In Virginia, it is a legal requirement for employers with three or more employees to carry workers' compensation insurance. This mandate ensures that employees are protected in the event of work-related injuries or illnesses, providing necessary compensation for medical expenses and lost wages.

<b>A) Mandatory</b>  
This option is correct because Virginia law explicitly states that employers with three or more employees must provide workers' compensation insurance. This legal requirement is in place to protect workers and ensure they receive benefits in case of workplace injuries.

<b>B) Voluntary</b>  
This choice is incorrect because, while some states allow businesses with fewer employees to opt out of carrying workers' compensation insurance, Virginia does not provide such an option for employers with three or more employees. In Virginia, the law makes it compulsory, not a choice.

<b>C) Self-insured</b>  
This option is misleading as self-insurance is an alternative route that some larger employers may take, but it is not the default requirement. However, it only applies under specific circumstances that must meet state regulations, making it not universally applicable to all employers with three or more employees.

<b>D) Provided by the state</b>  
This choice is incorrect because workers' compensation insurance is not provided by the state in Virginia. Instead, employers are responsible for obtaining their own insurance coverage—either through private insurance companies or through self-insurance if they meet certain criteria.

<b>Conclusion</b>  
In Virginia, the obligation for employers with three or more employees to secure workers' compensation insurance is a mandatory legal requirement aimed at safeguarding employee welfare. Other options, such as voluntary coverage or state provision, do not accurately reflect the law's stipulations. Understanding this legal framework is essential for employers to comply and ensure their employees are adequately protected.",,Regular,
Insurance Exams,Life Insurance Producer,Virginia Insurance Exams,Virginia Insurance Exam Questions,,"Under the Business Auto Coverage Form, property damage liability is EXCLUDED for cargo belonging to others",While being loaded by the insured onto an insured truck,While being unloaded by the insured or an employee from an insured truck,After it has been unloaded and moved to its final resting point from an insured truck,After it has been loaded onto an insured truck for transport to some destination,,,,C,"<h2>After it has been unloaded and moved to its final resting point from an insured truck.</h2>  
Under the Business Auto Coverage Form, property damage liability for cargo belonging to others is excluded once the cargo has been unloaded and relocated to its final destination. This exclusion is in place to limit the insurer's liability for goods that are no longer in transit.

<b>A) While being loaded by the insured onto an insured truck</b>  
The exclusion does not apply during the loading process. While the cargo is being loaded onto an insured truck, the liability for any damage to that cargo is still covered under the Business Auto Coverage Form, as it is considered part of the transportation process.

<b>B) While being unloaded by the insured or an employee from an insured truck</b>  
Similarly, the liability for cargo is not excluded while it is being unloaded from the truck. Coverage remains in effect during the unloading phase, as the cargo is still under the care and control of the insured until the unloading is fully complete.

<b>D) After it has been loaded onto an insured truck for transport to some destination</b>  
This choice also does not represent an exclusion. The liability for property damage is covered while the cargo is still loaded and in transit. The exclusion only comes into effect after the cargo has been unloaded and moved to its final resting point.

<b>Conclusion</b>  
The Business Auto Coverage Form specifically excludes property damage liability for cargo belonging to others once it has been unloaded and relocated to its final destination. This distinction is crucial for understanding when coverage applies and highlights the limits of liability during different phases of cargo handling, ensuring clarity in insurance responsibilities.",,Regular,
Insurance Exams,Life Insurance Producer,Virginia Insurance Exams,Virginia Insurance Practice Test,,"In general practice, which one of the following is true of the powers of the Bureau of Insurance with respect to access to an agent's business records",Records can only be accessed by an order of a state court,Authorization must come from the National Association of Insurance Commissioners (NAIC),Records must be produced upon the request of the Bureau of Insurance,The Bureau of Insurance has no right to access an agent's business records because of privacy considerations,,,,C,"<h2>Records must be produced upon the request of the Bureau of Insurance.</h2>  
In general practice, the Bureau of Insurance has the authority to access an agent's business records, which must be provided when requested. This power is essential for ensuring compliance with regulations and maintaining oversight within the insurance industry.

<b>A) Records can only be accessed by an order of a state court</b>  
This choice is incorrect because the Bureau of Insurance does not require a court order to access an agent's business records. Instead, the Bureau operates under regulatory authority that allows direct access to these records to fulfill its oversight responsibilities.

<b>B) Authorization must come from the National Association of Insurance Commissioners (NAIC)</b>  
This option is not accurate, as the NAIC does not have the authority to grant access to an agent's business records. The Bureau of Insurance operates independently and has its own regulatory framework that does not depend on the NAIC for such authorizations.

<b>D) The Bureau of Insurance has no right to access an agent's business records because of privacy considerations</b>  
While privacy is an important consideration, this statement is incorrect. The Bureau of Insurance is granted specific powers and rights to access business records as part of its regulatory role, thus allowing it to ensure compliance and protect consumers.

<b>Conclusion</b>  
The Bureau of Insurance plays a crucial role in regulating the insurance industry and possesses the authority to request access to an agent's business records. This ensures that agents operate within legal and ethical guidelines. The incorrect options misinterpret the Bureau's authority and the regulatory framework governing access to these records, emphasizing the importance of compliance over privacy concerns in this context.",,Regular,
Insurance Exams,Life Insurance Producer,Virginia Insurance Exams,Virginia Insurance Exam Questions,,Which type of equipment is covered under the Businessowners Policy,Business automobiles,Business lawn mowers,Business watercraft,Business aircraft,,,,B,"<h2>Business lawn mowers are covered under the Businessowners Policy.</h2>  
The Businessowners Policy (BOP) is designed to provide coverage for various types of property and equipment used in a business, with specific provisions for business personal property like lawn mowers. This policy typically includes essential tools and equipment necessary for conducting business operations, particularly for those in landscaping and maintenance services.

<b>A) Business automobiles</b>  
Business automobiles are generally covered under a separate commercial auto insurance policy rather than the Businessowners Policy. The BOP focuses on property coverage for business operations, while automobile policies specifically address liability and physical damage for vehicles used in business activities.

<b>C) Business watercraft</b>  
Like automobiles, business watercraft typically require specialized marine insurance policies to cover their unique risks and liabilities. The Businessowners Policy does not encompass watercraft, as it is primarily tailored for real and personal property associated with the business premises.

<b>D) Business aircraft</b>  
Business aircraft are also excluded from coverage under the Businessowners Policy. Aviation insurance is needed to address the specific risks associated with flying and operating aircraft, as the BOP does not extend to aerial vehicles.

<b>Conclusion</b>  
The Businessowners Policy provides comprehensive coverage for business personal property, prominently including equipment like business lawn mowers essential for operations in sectors such as landscaping. Other options presented—business automobiles, watercraft, and aircraft—require separate, specialized insurance policies due to their distinct operational risks and coverage needs. Understanding these distinctions ensures that businesses secure appropriate coverage for all their operational equipment.",,Regular,
Insurance Exams,Life Insurance Producer,Virginia Insurance Exams,Virginia Insurance Practice Test,,An agent's authority to bind an insurer to an insurance contract may be granted in the,Agent's contract with the insurance company,Countersignature authorization agreement,Agent's license,Legislative code,,,,A,"<h2>Agent's authority to bind an insurer to an insurance contract may be granted in the agent's contract with the insurance company.</h2>  
This contract explicitly defines the powers and responsibilities of the agent, including the authority to enter into insurance agreements on behalf of the insurer. Without this formal agreement, the agent would lack the necessary authority to bind the insurer legally.

<b>A) Agent's contract with the insurance company</b>  
The agent's contract is a crucial document that outlines the scope of the agent's authority, including the ability to enter into binding agreements with clients. This contract serves as the foundation for the agent's relationship with the insurer and explicitly grants them the power to act on the insurer's behalf.

<b>B) Countersignature authorization agreement</b>  
A countersignature authorization agreement pertains to the requirement for a second signature on certain insurance documents to validate them, but it does not provide the agent with the authority to bind the insurer. This agreement is more about procedural validation rather than granting direct binding authority.

<b>C) Agent's license</b>  
An agent's license is a regulatory requirement that allows the agent to operate legally within a specific jurisdiction. While necessary for the agent to conduct business, it does not confer the authority to bind the insurer to contracts; that authority comes specifically from the agent's contract with the insurer.

<b>D) Legislative code</b>  
Legislative codes establish the legal framework within which insurance operates, setting forth the rules and regulations governing the industry. However, they do not specifically grant authority to individual agents to bind insurers to contracts; that authority is derived from the contractual relationship between the agent and the insurance company.

<b>Conclusion</b>  
The authority for an agent to bind an insurer to an insurance contract is explicitly granted in the agent's contract with the insurance company. This contractual agreement delineates the parameters of the agent's power, while the other options—countersignature agreements, licenses, and legislative codes—do not provide such binding authority. Understanding this distinction is essential for both agents and insurers in navigating the legalities of insurance transactions.",,Regular,
Insurance Exams,Life Insurance Producer,Virginia Insurance Exams,Virginia Insurance Exam Questions,,The Garagekeepers Coverage under the Garage Coverage Form,Covers damage to products held for sale,Replaces the Garage Liability Policy,Covers damage to customers' vehicles in the insured's care,custody or control,Covers owned vehicles on a primary basis,,,C,"<h2>Covers damage to customers' vehicles in the insured's care.</h2>  
Garagekeepers Coverage is specifically designed to protect against damages that occur to customers' vehicles while they are in the care, custody, or control of the insured. This coverage is critical for businesses like auto repair shops or parking garages that handle customer vehicles.

<b>A) Covers damage to products held for sale</b>  
This choice refers to coverage that protects inventory or products intended for sale, which falls under different types of insurance, such as property insurance. Garagekeepers Coverage does not provide protection for items held for sale, as it is specifically focused on vehicles in the insured's care.

<b>B) Replaces the Garage Liability Policy</b>  
Garagekeepers Coverage does not replace the Garage Liability Policy; rather, it complements it. The liability policy covers third-party claims arising from accidents, while Garagekeepers Coverage specifically addresses damages to customers' vehicles. Both policies serve different but essential functions in a garage insurance program.

<b>C) Covers damage to customers' vehicles in the insured's care</b>  
This is the correct answer as Garagekeepers Coverage directly addresses the risk of damage to vehicles owned by customers while they are being serviced or stored by the insured. This coverage is vital for garage businesses to operate without the financial burden of potential vehicle damages.

<b>D) Custody or control</b>  
While the term ""custody or control"" pertains to the condition necessary for Garagekeepers Coverage to apply, it is not a comprehensive description of what the coverage entails. It merely indicates that coverage applies when the insured has physical control over customer vehicles, rather than describing the coverage itself.

<b>E) Covers owned vehicles on a primary basis</b>  
This choice is incorrect as Garagekeepers Coverage does not cover owned vehicles on a primary basis; instead, it is intended to protect vehicles that belong to customers. Coverage for owned vehicles would typically fall under a different auto insurance policy rather than Garagekeepers Coverage.

<b>Conclusion</b>  
Garagekeepers Coverage is an essential insurance policy for businesses that handle customers' vehicles, providing protection against damages while those vehicles are in the insured's care. Options A, B, D, and E do not accurately describe the nature or purpose of this specific coverage, highlighting the importance of understanding the distinct roles played by different types of insurance in the garage industry.",,Regular,
Insurance Exams,Life Insurance Producer,Virginia Insurance Exams,Virginia Insurance Practice Test,,"In the Farm Property Coverage form, Coverage A - Dwellings includes",Structures physically attached to the covered dwelling,Land where the covered dwelling is located,Water sources used to service the covered dwelling,Outdoor equipment scheduled as farm personal property,,,,A,"<h2>Structures physically attached to the covered dwelling.</h2>  
Coverage A - Dwellings in the Farm Property Coverage form specifically encompasses structures that are physically connected to the primary dwelling, ensuring protection for the core living area and its immediate extensions.

<b>A) Structures physically attached to the covered dwelling</b>  
This choice accurately reflects the definition of Coverage A, which includes any structures that are integral to the dwelling, such as attached garages or decks. These structures are considered part of the primary dwelling and are thus covered under this section of the policy.

<b>B) Land where the covered dwelling is located</b>  
While the land is essential for the function of the dwelling, it is not covered under Coverage A. Insurance policies typically exclude land coverage, focusing instead on the structures themselves and their associated risks, leaving the land's value unprotected.

<b>C) Water sources used to service the covered dwelling</b>  
Water sources, like wells or irrigation systems, are not classified as part of Coverage A. Instead, these features may fall under different coverage sections or specific endorsements, as they serve functional roles rather than being physical extensions of the dwelling itself.

<b>D) Outdoor equipment scheduled as farm personal property</b>  
Outdoor equipment is categorized separately from the dwelling coverage and is typically included under personal property coverage or specific farm equipment policies. Coverage A focuses solely on structures attached to or part of the dwelling, not movable or outdoor equipment.

<b>Conclusion</b>  
Coverage A - Dwellings in the Farm Property Coverage form is designed to protect structures that are physically attached to the primary dwelling, such as garages and porches. Other choices, such as land, water sources, and outdoor equipment, do not fall under this specific coverage and are addressed through different sections of the policy. Understanding these distinctions is crucial for effective property insurance management on a farm.",,Regular,
Insurance Exams,Life Insurance Producer,New Jersey Insurance Exams,New Jersey Insurance Mock Exam,,A life insurance policy MOST often becomes effective when the,application is submitted.,premium is collected and policy is issued.,agent and individual agree on coverage.,policy is actually issued.,,,,B,"<h2>A life insurance policy MOST often becomes effective when the premium is collected and the policy is issued.</h2>  
The effectiveness of a life insurance policy is typically contingent upon the payment of the initial premium and the subsequent issuance of the policy document. This ensures that the insurer has accepted the risk and that the coverage is officially in place.

<b>A) application is submitted.</b>  
Submitting an application is merely the first step in the insurance process and does not guarantee that coverage is effective. The insurer must evaluate the application and approve it, which includes underwriting, before any coverage is established.

<b>B) premium is collected and policy is issued.</b>  
This choice correctly identifies the moment when coverage becomes effective. The collection of the premium signals the acceptance of the risk by the insurer, while the issuance of the policy document formalizes the agreement between the insurer and the insured, thereby activating the insurance coverage.

<b>C) agent and individual agree on coverage.</b>  
While agreement on coverage is an important aspect of the insurance process, it does not finalize the policy. Until the premium is paid and the policy is issued, there is no binding contract that provides coverage, making this choice incomplete.

<b>D) policy is actually issued.</b>  
Though the issuance of the policy is a crucial step, it is the combination of the policy being issued and the premium being collected that establishes the policy's effectiveness. A policy can be issued, but without the premium payment, the coverage is not in force.

<b>Conclusion</b>  
In summary, the effectiveness of a life insurance policy hinges on both the collection of the premium and the issuance of the policy document. While other steps such as application submission and agreement on coverage are important, they do not activate coverage. Therefore, for a policy to be effective, it must be issued following the premium payment, solidifying the contractual relationship between the insurer and the insured.",,Regular,
Insurance Exams,Life Insurance Producer,New Jersey Insurance Exams,New Jersey Insurance Test Prep,,A producer assists an insured in converting a life policy to Reduced Paid-Up insurance in order for the insured to buy a new policy. This action is BEST known as,solicitation.,rebating.,twisting.,replacement.,,,,C,"<h2>Twisting.</h2>  
Twisting occurs when an agent persuades a policyholder to exchange their existing insurance policy for a new one in order to gain commissions, often without fully disclosing the potential disadvantages. In this scenario, the producer assists the insured in converting a life policy to Reduced Paid-Up insurance to facilitate the purchase of a new policy, which is a classic example of twisting.

<b>A) solicitation.</b>  
Solicitation refers to the act of trying to persuade someone to purchase insurance or service offerings. While solicitation is a part of insurance sales, it does not describe the specific action of converting one policy for the purpose of obtaining a new one. Therefore, it does not apply to the situation presented in the question.

<b>B) rebating.</b>  
Rebating involves returning a portion of the commission to the insured as an incentive to buy a policy. This practice is illegal in many jurisdictions and is unrelated to the action of converting a policy to Reduced Paid-Up insurance. Thus, it does not capture the essence of the scenario described in the question.

<b>C) twisting.</b>  
This is the correct answer, as twisting specifically involves persuading a policyholder to replace or convert their existing insurance policy for a new one, typically for the agent's benefit. In the context of the question, the producer's actions align with the definition of twisting, emphasizing the potential issues of misrepresentation and lack of clarity in the transaction.

<b>D) replacement.</b>  
Replacement refers to the process of replacing one insurance policy with another, but it does not encompass the nuances of twisting, which includes misleading the insured about the benefits or disadvantages of such actions. Although related, it does not fully capture the unethical implications of the producer's conduct in this scenario.

<b>Conclusion</b>  
In summary, the act of twisting is characterized by persuading a policyholder to convert their existing insurance for a new one, often with misleading intentions. While terms like solicitation and replacement are related to insurance transactions, they do not specifically address the unethical aspects involved in the scenario. Understanding these distinctions is crucial for maintaining ethical standards in the insurance industry.",,Regular,
Insurance Exams,Life Insurance Producer,New Jersey Insurance Exams,New Jersey Insurance Mock Exam,,"Nancy purchased a life insurance policy with a face amount of $250,000. Over a period of years, the cash value in the policy accumulates to $50,000, and the face amount of the policy has become $300,000. This is an example of a",modified premium whole life policy.,participating whole life policy.,limited pay life insurance policy.,universal life policy.,,,,B,"<h2>Participating whole life policy.</h2>  
A participating whole life policy allows policyholders to accumulate cash value and receive dividends, which can lead to an increase in the face amount of the policy over time. In this case, the cash value has reached $50,000, and the face amount has increased to $300,000, illustrating the features of a participating policy.

<b>A) Modified premium whole life policy.</b>  
A modified premium whole life policy typically features lower premiums in the initial years that increase after a specified period. While it may accumulate cash value, it does not inherently include the dividend feature that allows the face amount to grow as seen in this scenario.

<b>B) Participating whole life policy.</b>  
This option accurately describes Nancy's policy, as it allows for cash value accumulation and potential dividends that increase the face amount. The $50,000 cash value and $300,000 face amount reflect the characteristics of participating whole life insurance, where policyholders share in the insurer's profits.

<b>C) Limited pay life insurance policy.</b>  
Limited pay life insurance requires premiums to be paid for a shorter duration, after which the policy remains in force for life. While it may also have cash value accumulation, it does not typically provide the same potential for dividend growth in the face amount, which is a key feature in this scenario.

<b>D) Universal life policy.</b>  
Universal life insurance combines flexible premiums and adjustable death benefits, allowing for cash value accumulation. However, it does not operate on the same dividend structure as participating whole life policies, meaning it lacks the specific growth in face amount due to dividends that is evident in Nancy's policy.

<b>Conclusion</b>  
Nancy's life insurance policy exemplifies a participating whole life policy due to its features of cash value accumulation and the increase in face amount through dividends. This policy structure enhances the policyholder's benefits over time, setting it apart from other types of life insurance that do not offer the same level of participation in the insurer's profits.",,Regular,
Insurance Exams,Life Insurance Producer,New Jersey Insurance Exams,New Jersey Insurance Test Prep,,Which rider assures the premiums will be paid on a juvenile policy until the insured child reaches a specific age?,Guaranteed insurability rider.,Payor rider.,Waiver of premium rider.,Automatic premium loan rider.,,,,B,"<h2>Payor rider.</h2>  
The payor rider is specifically designed to ensure that premiums for a juvenile insurance policy are paid if the adult payor (usually a parent) becomes incapacitated or passes away before the insured child reaches a specified age. This provision provides financial security by preventing policy lapse due to non-payment in such circumstances.

<b>A) Guaranteed insurability rider.</b>  
This rider allows the insured to purchase additional coverage without medical underwriting at specified times, but it does not address premium payments. Its purpose is to ensure that the insured can increase their coverage as their needs grow, rather than ensuring premiums are paid for a juvenile policy.

<b>B) Payor rider.</b>  
This rider guarantees that premiums will be paid on a juvenile policy if the adult responsible for the payments cannot do so due to death or disability. It protects the policy from lapsing, ensuring that coverage remains in force until the child reaches the age specified in the rider. This is the correct choice as it directly addresses the question.

<b>C) Waiver of premium rider.</b>  
The waiver of premium rider relieves the policyholder from paying premiums in the event of total disability, but it applies to the policyholder rather than specifically ensuring juvenile policy premiums are covered. This rider helps the payor but does not guarantee payments for juvenile policies.

<b>D) Automatic premium loan rider.</b>  
This rider allows an insurer to automatically use the cash value of a policy to pay overdue premiums, preventing the policy from lapsing. However, it does not directly ensure that premiums will be paid on a juvenile policy, as it relies on the policy having sufficient cash value, which may not apply in all situations.

<b>Conclusion</b>  
The payor rider is essential for juvenile policies as it safeguards against the potential lapse of coverage due to the inability of the adult payor to meet premium obligations. While other riders provide various benefits, only the payor rider specifically ensures that premiums will be paid until the insured child reaches a predetermined age, thus securing ongoing coverage during vulnerable times.",,Regular,
Insurance Exams,Life Insurance Producer,New Jersey Insurance Exams,New Jersey Insurance Mock Exam,,A group contract that lapses because of nonpayment of premium will continue to cover losses incurred by the insured for,the duration of the Grace Period.,a maximum of 30 days after the Grace Period expires.,a maximum of 30 days after the last premium is paid.,a maximum of 45 days after the last premium is paid.,,,,A,"<h2>The duration of the Grace Period.</h2>  
Insurance contracts typically include a Grace Period during which coverage remains in effect despite nonpayment of premiums. This period allows the insured to make payments without losing their coverage, ensuring they are still protected against losses incurred during this timeframe.

<b>A) the duration of the Grace Period.</b>  
This option correctly identifies that coverage continues for the length of the Grace Period, which is usually specified in the policy. During this time, the insured can still file claims for losses that occur, even if the premium payment is overdue.

<b>B) a maximum of 30 days after the Grace Period expires.</b>  
This choice is incorrect because coverage does not extend beyond the Grace Period itself. Once the Grace Period ends, the contract lapses, and any losses incurred after that would not be covered.

<b>C) a maximum of 30 days after the last premium is paid.</b>  
This option misrepresents the terms of the policy, as coverage does not continue based on the timing of the last premium payment. Instead, coverage is contingent upon being within the Grace Period following the due date of the premium.

<b>D) a maximum of 45 days after the last premium is paid.</b>  
This choice is also inaccurate, as it suggests an extended coverage period that does not align with the standard provisions of most insurance contracts. Once the Grace Period has lapsed, the policy does not provide any coverage regardless of the timing of previous payments.

<b>Conclusion</b>  
Insurance policies typically allow for a Grace Period during which coverage remains active despite missed premium payments. This period is critical for ensuring that the insured remains protected against losses even when facing financial difficulties. After the Grace Period, however, coverage ceases, and any claims made for incidents occurring after this point would not be honored.",,Regular,
Insurance Exams,Life Insurance Producer,New Jersey Insurance Exams,New Jersey Insurance Test Prep,,Insurance advertising in local newspapers is regulated by the,marketing department of the insurance company.,attorney general.,Federal Communications Commission.,New Jersey Department of Banking and Insurance.,,,,D,"<h2>Insurance advertising in local newspapers is regulated by the New Jersey Department of Banking and Insurance.</h2>  
The New Jersey Department of Banking and Insurance (DOBI) oversees the regulation of insurance advertising within the state, ensuring that all marketing practices comply with state laws and protect consumers from misleading information.

<b>A) marketing department of the insurance company.</b>  
The marketing department of an insurance company is responsible for creating and implementing advertising strategies. However, they do not regulate advertisements; rather, they must adhere to the regulations set forth by governing bodies like the DOBI to ensure compliance with state laws regarding insurance advertising.

<b>B) attorney general.</b>  
While the attorney general may intervene in cases of deceptive practices or consumer protection, they do not specifically regulate insurance advertising. Their role typically involves enforcement actions rather than direct oversight of advertising practices, which falls under the jurisdiction of the DOBI.

<b>C) Federal Communications Commission.</b>  
The Federal Communications Commission (FCC) regulates interstate and international communications, primarily focusing on telecommunications and broadcasting. However, insurance advertising regulation is a state matter, specifically under the purview of entities like the New Jersey Department of Banking and Insurance, not the FCC.

<b>D) New Jersey Department of Banking and Insurance.</b>  
The New Jersey Department of Banking and Insurance is responsible for regulating the insurance industry within the state, including the advertising practices of insurance companies. This department ensures that advertisements are truthful and not misleading, protecting consumers and maintaining fair competition.

<b>Conclusion</b>  
The regulation of insurance advertising in New Jersey is specifically managed by the New Jersey Department of Banking and Insurance, which ensures compliance with state laws aimed at protecting consumers. Other choices, such as the marketing department, attorney general, and FCC, either pertain to different roles or jurisdictions and do not hold regulatory authority over insurance advertising. Understanding these regulatory frameworks is crucial for ensuring ethical practices within the insurance industry.",,Regular,
Insurance Exams,Life Insurance Producer,New Jersey Insurance Exams,New Jersey Insurance Mock Exam,,All of the following items may be considered forms of advertising for life insurance EXCEPT,informational brochures.,audiovisual materials.,sales presentations.,Buyer's Guides.,,,,D,"<h2>Buyer's Guides are not considered forms of advertising for life insurance.</h2>
While Buyer's Guides provide valuable information and assistance in the decision-making process for consumers, they are primarily educational tools rather than promotional materials. In contrast, forms of advertising are specifically designed to promote products and services, including life insurance.

<b>A) informational brochures.</b>  
Informational brochures are explicitly designed to promote life insurance products by providing potential customers with details about the offerings, benefits, and features. They serve as a direct advertising medium to inform and entice consumers to consider purchasing life insurance.

<b>B) audiovisual materials.</b>  
Audiovisual materials, such as videos or presentations, are commonly used in advertising to engage consumers through dynamic content. These materials effectively convey information about life insurance products in an appealing manner, making them legitimate advertising tools.

<b>C) sales presentations.</b>  
Sales presentations are direct forms of advertising as they involve presenting life insurance products to potential customers in a persuasive manner. These presentations aim to influence purchasing decisions and highlight the features and benefits of the insurance offerings.

<b>D) Buyer's Guides.</b>  
Buyer's Guides, while informative, are not primarily focused on advertising life insurance. Instead, they aim to educate consumers about various insurance options and help them make informed decisions. Their purpose is more aligned with providing guidance rather than promoting specific products.

<b>Conclusion</b>  
In the realm of life insurance, advertising encompasses materials that actively promote products, such as brochures, audiovisual content, and sales presentations. Buyer's Guides, however, serve an educational role, aiding consumers in understanding their choices without directly advertising specific life insurance policies. This distinction is crucial for understanding the different functions of these tools in the consumer decision-making process.",,Regular,
Insurance Exams,Life Insurance Producer,New Jersey Insurance Exams,New Jersey Insurance Test Prep,,Which of the following is a PRIMARY feature of endowment policies?,They are designed to provide higher benefits to beneficiaries with slow cash value accumulation.,They have comparatively low premiums relative to other forms of life insurance.,They are designed to build cash values quickly.,They pay the specified sum only if the insured dies prior to the end of the stated time period.,,,,C,"<h2>They are designed to build cash values quickly.</h2>  
Endowment policies are specifically structured to accumulate cash values at a faster rate compared to traditional life insurance policies, which typically focus on death benefit protection. This rapid cash value accumulation is a primary characteristic that appeals to policyholders looking for both savings and insurance coverage.

<b>A) They are designed to provide higher benefits to beneficiaries with slow cash value accumulation.</b>  
This statement is inaccurate as endowment policies do not focus on providing benefits in scenarios where cash value accumulation is slow. Instead, they are explicitly intended to build cash values quickly, making this choice contradictory to the fundamental purpose of these policies.

<b>B) They have comparatively low premiums relative to other forms of life insurance.</b>  
Endowment policies generally require higher premiums than many other life insurance types, particularly term life insurance, due to their dual function of providing both a death benefit and a cash value component. Therefore, this choice misrepresents the typical cost structure associated with endowment policies.

<b>C) They are designed to build cash values quickly.</b>  
This is the defining feature of endowment policies, as they aim to accumulate cash value over a relatively short period. This rapid accumulation is beneficial for policyholders who wish to access cash values earlier, either for future investments or emergencies.

<b>D) They pay the specified sum only if the insured dies prior to the end of the stated time period.</b>  
While endowment policies do provide a death benefit if the insured dies within the policy term, they also guarantee a payout at the end of the term if the insured is still alive. This characteristic distinguishes them from pure life insurance, which solely pays benefits upon death.

<b>Conclusion</b>  
Endowment policies are uniquely designed to build cash values quickly, making them attractive for individuals seeking both insurance and savings benefits. The other options mischaracterize aspects of these policies, focusing on incorrect premium structures, benefits related to cash value accumulation, and payout conditions. Understanding the primary features of endowment policies is crucial for making informed insurance decisions.",,Regular,
Insurance Exams,Life Insurance Producer,New Jersey Insurance Exams,New Jersey Insurance Mock Exam,,Which rider allows the wife of the insured to be added to the primary insured's coverage?,Spouse Term Rider.,Family Income Rider.,Decreasing Term Rider.,Cost of Living Rider.,,,,A,"<h2>Spouse Term Rider allows the wife of the insured to be added to the primary insured's coverage.</h2>  
This rider specifically extends life insurance coverage to the spouse of the insured individual, ensuring that they are financially protected in the event of the primary insured's death.

<b>A) Spouse Term Rider.</b>  
This rider is designed to provide life insurance coverage for the spouse of the primary insured. It allows the insured to add their wife to the policy, thus extending the benefits of coverage to her in case of an unfortunate event involving the primary insured. This rider is a direct solution for the question posed.

<b>B) Family Income Rider.</b>  
The Family Income Rider provides a monthly income benefit to the insured's family for a specified period following the primary insured's death. While it supports the family financially, it does not specifically add the spouse to the coverage, making it irrelevant to the question of adding a spouse to the policy.

<b>C) Decreasing Term Rider.</b>  
The Decreasing Term Rider is a type of life insurance that provides coverage which decreases over time, usually aligned with a loan or mortgage. This rider does not pertain to adding a spouse to the primary insured's coverage; instead, it focuses on reducing the benefit amount over the policy's term.

<b>D) Cost of Living Rider.</b>  
The Cost of Living Rider adjusts the death benefit of the policy in accordance with inflation to maintain purchasing power. While it enhances the policy's benefits over time, it does not facilitate the addition of a spouse to the coverage, thus failing to address the specifics of the question.

<b>Conclusion</b>  
The Spouse Term Rider uniquely permits the inclusion of a spouse in the primary insured's life insurance coverage, a feature not offered by the other riders. This distinction is crucial for ensuring that both the insured and their spouse have financial protection. The other options, while valuable in their own right, do not fulfill the requirement of adding the wife to the coverage.",,Regular,
Insurance Exams,Life Insurance Producer,New Jersey Insurance Exams,New Jersey Insurance Test Prep,,Which of the following acts states that federal government laws and regulations apply to the insurance industry when the industry is NOT regulated by state laws?,Sherman Act.,McCarran-Ferguson Act.,Federal Insurance Administration Act.,Clayton Act.,,,,B,"<h2>McCarran-Ferguson Act.</h2>  
The McCarran-Ferguson Act explicitly states that federal laws and regulations do not preempt state laws governing the insurance industry, unless the states are not regulating the industry. This law recognizes state authority over insurance and ensures that the federal government only intervenes when necessary.

<b>A) Sherman Act.</b>  
The Sherman Act is primarily focused on antitrust laws and the prevention of monopolistic practices in commerce. It does not specifically address the regulation of the insurance industry, making it irrelevant to the question regarding federal versus state authority in insurance regulation.

<b>B) McCarran-Ferguson Act.</b>  
This act is crucial as it affirms that the insurance industry is generally regulated by state law and outlines the conditions under which federal laws may apply. It is the only option that directly relates to the question posed, making it the correct answer.

<b>C) Federal Insurance Administration Act.</b>  
This act established a federal agency to oversee certain aspects of the insurance industry, but it does not specifically address the preemption of state laws by federal regulations. It is not as relevant to the question about when federal laws apply in the absence of state regulation.

<b>D) Clayton Act.</b>  
The Clayton Act focuses on antitrust issues related to market competition and mergers, similar to the Sherman Act. While it addresses some aspects of commerce, it does not pertain to the regulation of the insurance industry, thus failing to answer the question about federal and state law interactions in insurance.

<b>Conclusion</b>  
The McCarran-Ferguson Act is the key piece of legislation that governs the relationship between state and federal regulation of the insurance industry. It allows for state laws to take precedence unless there is a lack of state regulation, delineating the boundaries of federal involvement. Understanding this act is essential for comprehending the regulatory framework of the insurance industry in the United States.",,Regular,
Insurance Exams,Life Insurance Producer,New Jersey Insurance Exams,New Jersey Insurance Mock Exam,,Which of the following information maintained by the Banking and Insurance Department on a producer is available to the public?,The names of the insurance companies represented by the producer.,Medical disability information.,Criminal complaints against the producer.,Revocation of professional certifications held by the producer.,,,,A,"<h2>The names of the insurance companies represented by the producer are available to the public.</h2>  
This information is typically maintained by regulatory bodies such as the Banking and Insurance Department and is made accessible to ensure transparency and accountability within the insurance industry.

<b>A) The names of the insurance companies represented by the producer.</b>  
This choice is correct as the names of insurance companies that a producer represents are public information. This transparency helps consumers make informed decisions about their insurance options and fosters trust in the industry.

<b>B) Medical disability information.</b>  
Medical disability information is sensitive and protected under privacy laws, such as the Health Insurance Portability and Accountability Act (HIPAA). This ensures that personal health information remains confidential and is not disclosed to the public without consent.

<b>C) Criminal complaints against the producer.</b>  
While criminal complaints may be recorded, they are often not publicly available unless they result in formal charges or convictions. The privacy of individuals involved in investigations is typically safeguarded until due process is completed.

<b>D) Revocation of professional certifications held by the producer.</b>  
Revocation of professional certifications may not always be publicized. Such actions can depend on the regulatory body's policies and the specifics of the case. In many instances, this information may be restricted to internal records or disclosed only under certain circumstances.

<b>Conclusion</b>  
Public access to information about insurance producers is crucial for consumer protection and industry integrity. The names of the insurance companies represented by a producer are openly available, allowing consumers to verify credentials and affiliations. In contrast, sensitive personal information and certain legal proceedings are kept private to protect individual rights and maintain confidentiality.",,Regular,
Insurance Exams,Life Insurance Producer,New Jersey Insurance Exams,New Jersey Insurance Test Prep,,A producer acting as an agent may take all of the following actions EXCEPT,countersign policies on behalf of an insurance company.,place insurance with a company the producer does not represent.,collect the initial premium.,solicit insurance.,,,,B,"<h2>A producer acting as an agent may take all of the following actions EXCEPT place insurance with a company the producer does not represent.</h2>  
A producer, as an agent, is authorized to perform various actions on behalf of an insurance company, but they are limited to the companies they represent. Placing insurance with a company they do not represent violates the agency agreement and licensing regulations.

<b>A) countersign policies on behalf of an insurance company.</b>  
Countersigning policies is a common action performed by producers, as it indicates that the agent has the authority to bind coverage on behalf of the insurer. This action is in alignment with the responsibilities assigned to agents under their contractual agreements with insurance companies.

<b>B) place insurance with a company the producer does not represent.</b>  
This choice is incorrect because producers are prohibited from placing insurance with companies they do not represent. Agents must operate within the scope of their agency agreements, which restricts them to the insurance carriers they are licensed to work with.

<b>C) collect the initial premium.</b>  
Producers are allowed to collect initial premiums as part of their role in facilitating the insurance transaction. This action is vital for initiating coverage and is a standard responsibility for agents acting on behalf of the insurer.

<b>D) solicit insurance.</b>  
Soliciting insurance is a primary function of a producer, allowing them to engage potential clients and promote insurance products. This action falls well within the scope of an agent's duties and is essential for generating new business for the insurer.

<b>Conclusion</b>  
In summary, a producer acting as an agent holds the authority to engage in various activities, such as countersigning policies, collecting premiums, and soliciting insurance. However, they cannot place insurance with companies they do not represent, as this would violate their agency agreement and licensing requirements. Understanding these limitations is crucial for maintaining compliance in the insurance industry.",,Regular,
Insurance Exams,Life Insurance Producer,New Jersey Insurance Exams,New Jersey Insurance Mock Exam,,"Which rider would allow additional insurance at specified dates or events, without evidence of insurability?",Return of Premium.,Guaranteed Insurability.,Cost of Living.,Disability Income.,,,,B,"<h2>Guaranteed Insurability allows additional insurance at specified dates or events, without evidence of insurability.</h2>  
This rider is specifically designed to enable policyholders to increase their coverage at predetermined times or circumstances without needing to provide further medical evidence, ensuring they can adapt their insurance as their needs change.

<b>A) Return of Premium.</b>  
This rider provides a refund of premiums paid if the insured outlives the policy term, but it does not allow for additional coverage or modify the policy's limits without evidence of insurability. Its focus is on returning premiums rather than expanding coverage options.

<b>B) Guaranteed Insurability.</b>  
This is the correct choice, as it specifically allows policyholders to purchase additional insurance coverage at specified events or dates, like major life events, without the requirement for medical underwriting. This provides flexibility and assurance as life circumstances evolve.

<b>C) Cost of Living.</b>  
The Cost of Living rider adjusts the policy's benefits to keep pace with inflation, ensuring that the coverage maintains its purchasing power over time. However, it does not provide options for additional coverage without evidence of insurability, as it is designed to adjust existing benefits rather than add new ones.

<b>D) Disability Income.</b>  
The Disability Income rider provides a source of income if the insured becomes disabled and cannot work. While it is a valuable addition to a policy, it does not pertain to increasing life insurance coverage or allow for additional insurance without medical evidence.

<b>Conclusion</b>  
The Guaranteed Insurability rider uniquely provides the opportunity to increase insurance coverage at specific times or events without the need for further medical evidence, allowing policyholders to adjust their protection as their life circumstances change. Other riders like Return of Premium, Cost of Living, and Disability Income serve different purposes and do not facilitate additional coverage without insurability assessments.",,Regular,
Insurance Exams,Life Insurance Producer,New Jersey Insurance Exams,New Jersey Insurance Test Prep,,Which of the following statements is TRUE about premium refunds resulting from the cancellation of a Credit Life policy?,They are prohibited by law.,They are permitted only if they will be used to purchase replacement coverage.,They are considered unearned premiums and must be paid to the borrower.,They are considered earned premiums and may be retained by the creditor as loan security.,,,,C,"<h2>They are considered unearned premiums and must be paid to the borrower.</h2>  
When a Credit Life policy is canceled, any portion of the premium that has not been used for coverage is classified as unearned. By law, these unearned premiums must be refunded to the borrower, ensuring that they are compensated for the unused portion of their insurance coverage.

<b>A) They are prohibited by law.</b>  
This statement is incorrect because laws do not prohibit premium refunds; rather, they require that unearned premiums be returned to the borrower upon cancellation. Refunds are a legal obligation tied to the unearned portion of the premium, rather than a restriction.

<b>B) They are permitted only if they will be used to purchase replacement coverage.</b>  
This choice misrepresents the nature of premium refunds. Refunds are not contingent upon the purchase of replacement coverage. Instead, the law mandates that any unearned premiums must be refunded to the borrower regardless of whether they choose to obtain a new policy.

<b>D) They are considered earned premiums and may be retained by the creditor as loan security.</b>  
This option is misleading because earned premiums refer to the portion of the premium that has been used for coverage. Upon cancellation, any remaining premium is classified as unearned and cannot be retained by the creditor. Retaining unearned premiums would be against regulatory practices.

<b>Conclusion</b>  
In summary, when a Credit Life policy is canceled, the unearned premiums must be refunded to the borrower, as dictated by insurance regulations. This ensures that borrowers are not financially penalized for coverage they did not utilize. Understanding the distinction between earned and unearned premiums is crucial for both creditors and borrowers in managing insurance policies and associated refunds.",,Regular,
Insurance Exams,Life Insurance Producer,New Jersey Insurance Exams,New Jersey Insurance Mock Exam,,"A widow age 70 has $250,000 in savings that she wants to distribute to her 5 grandchildren at her death. She also has a need for income. Which of the following is this?","Buy an immediate income annuity for $250,000 with a cash refund settlement option and name the grandchildren as beneficiaries.","Buy a single premium life insurance policy for $250,000 and name the grandchildren as beneficiaries.","Buy five $50,000 deferred annuities, one for each grandchild.","Give each grandchild $50,000.",,,,A,"<h2>Buy an immediate income annuity for $250,000 with a cash refund settlement option and name the grandchildren as beneficiaries.</h2>  
An immediate income annuity allows the widow to receive income for her lifetime while ensuring that the $250,000 principal can be passed on to her grandchildren upon her death through the cash refund option. This approach satisfies her need for income while also meeting her desire to provide for her grandchildren.

<b>A) Buy an immediate income annuity for $250,000 with a cash refund settlement option and name the grandchildren as beneficiaries.</b>  
This choice is the best option as it provides the widow with a steady income stream while allowing for the principal amount to be transferred to her grandchildren in the event of her passing. The cash refund feature ensures that the grandchildren will inherit any remaining funds, aligning with her wishes.

<b>B) Buy a single premium life insurance policy for $250,000 and name the grandchildren as beneficiaries.</b>  
While this option would provide a death benefit to the grandchildren, it does not address the widow's immediate income needs. Life insurance primarily serves as a financial safety net for beneficiaries upon the policyholder's death rather than providing ongoing income during their lifetime.

<b>C) Buy five $50,000 deferred annuities, one for each grandchild.</b>  
This choice does not fulfill the widow's need for immediate income, as deferred annuities begin payments at a future date. Although it allows for distribution to the grandchildren, it does not provide any financial support to the widow in the interim.

<b>D) Give each grandchild $50,000.</b>  
While this option would directly provide funds to each grandchild, it completely depletes the widow's savings without addressing her need for ongoing income. This choice fails to balance her financial needs with her desire to provide for her grandchildren.

<b>Conclusion</b>  
The immediate income annuity option effectively meets both the widow's need for income and her desire to leave a legacy for her grandchildren. By opting for an immediate income annuity with a cash refund option, she can secure her financial stability while ensuring that her intentions for her grandchildren are honored after her passing. Other options either neglect her income needs or do not adequately provide for her grandchildren.",,Regular,
Insurance Exams,Life Insurance Producer,New Jersey Insurance Exams,New Jersey Insurance Test Prep,,An owner of a life insurance policy may transfer ownership temporarily with,a collateral assignment.,a beneficiary assignment.,an absolute assignment.,a transfer assignment.,,,,A,"<h2>A) a collateral assignment.</h2>  
A collateral assignment allows the policy owner to temporarily transfer ownership rights to a lender or another party while retaining the policy's benefits. This arrangement is commonly used to secure a loan, ensuring that the lender has a claim to the policy's death benefit in case of default.

<b>B) a beneficiary assignment.</b>  
A beneficiary assignment refers to the designation of a person or entity as the recipient of the policy's benefits upon the insured's death. This does not involve the transfer of ownership rights; instead, it merely identifies who will receive the payout, leaving the original owner with full control of the policy.

<b>C) an absolute assignment.</b>  
An absolute assignment is a permanent transfer of ownership of the life insurance policy to another party. Unlike a collateral assignment, this type of transfer relinquishes all rights and benefits associated with the policy, making it not suitable for temporary ownership transfer.

<b>D) a transfer assignment.</b>  
The term ""transfer assignment"" is not a recognized legal term in the context of life insurance policies. While it may imply a change of ownership, it lacks the specific legal framework and implications associated with collateral or absolute assignments, making it an incorrect choice.

<b>Conclusion</b>  
In life insurance, the owner can temporarily transfer ownership through a collateral assignment, allowing for the securing of loans while still retaining the policy's benefits. This is distinct from beneficiary assignments, which merely designate payout recipients, and absolute assignments, which permanently transfer ownership. Understanding these distinctions is crucial for effective policy management and financial planning.",,Regular,
Insurance Exams,Life Insurance Producer,New Jersey Insurance Exams,New Jersey Insurance Mock Exam,,All of the following are examples of third-party ownership EXCEPT,Key Person insurance.,Collateral assignment.,Primary beneficiary.,Juvenile policies.,,,,C,"<h2>Primary beneficiary.</h2>
A primary beneficiary is the individual or entity designated to receive the death benefit of an insurance policy and does not involve third-party ownership. In contrast, third-party ownership occurs when someone other than the insured or the policyholder benefits from the policy, making this option distinctly separate from the others listed.

<b>A) Key Person insurance.</b>  
Key Person insurance is a type of policy taken out by a business on the life of a key employee, with the business as the policyowner and beneficiary. This clearly illustrates third-party ownership, as the business, not the employee, receives the benefits from the policy.

<b>B) Collateral assignment.</b>  
Collateral assignment refers to the process of using a life insurance policy as collateral for a loan. In this case, the lender may receive the death benefit if the borrower defaults, which constitutes third-party ownership since the lender stands to benefit from the policy.

<b>D) Juvenile policies.</b>  
Juvenile policies are life insurance policies purchased for minors, where the parent or guardian typically owns the policy and is the one benefiting from it. Though the child is the insured, the ownership and benefits do not lie solely with them, thus representing a form of third-party ownership.

<b>Conclusion</b>  
In summary, third-party ownership in insurance refers to situations where someone other than the insured benefits from the policy. The primary beneficiary directly receives the policy's benefits and does not represent a third party, making it the correct answer to the question. All other options exemplify scenarios where third-party ownership is present, highlighting the distinction between ownership and beneficiary status in insurance policies.",,Regular,
Insurance Exams,Life Insurance Producer,New Jersey Insurance Exams,New Jersey Insurance Test Prep,,Which of the following is MOST likely used for underwriting purposes that includes an applicant's character and personal habits?,Investigative consumer report.,Medical Information Bureau (MIB) report.,Agent report.,Buyer's Guide.,,,,A,"<h2>Investigative consumer report.</h2>  
An investigative consumer report evaluates an applicant's character, reputation, and personal habits, making it a critical tool for underwriting decisions. This type of report provides comprehensive insights that help insurers assess the risk associated with insuring an individual.

<b>A) Investigative consumer report.</b>  
This option is correct as it specifically focuses on gathering detailed information about an applicant's character and personal habits, which are essential factors in the underwriting process. Such reports typically include interviews with acquaintances and other sources to provide a thorough understanding of the applicant's background.

<b>B) Medical Information Bureau (MIB) report.</b>  
The MIB report contains medical information and history relevant to an applicant's health and risk factors. While it is crucial in assessing health-related risks for insurance purposes, it does not directly address an applicant's character or personal habits.

<b>C) Agent report.</b>  
An agent report summarizes the observations and notes made by the insurance agent regarding the applicant. Although it may include some insights about the applicant's character, it is primarily based on the agent's subjective evaluation rather than a detailed investigation into personal habits.

<b>D) Buyer's Guide.</b>  
A buyer's guide provides information about insurance products and options available to consumers. It serves as an educational tool rather than a report focused on underwriting, and it does not assess an applicant's character or personal habits.

<b>Conclusion</b>  
The investigative consumer report is the most relevant tool for underwriting as it delves into an applicant's character and personal behavior. This depth of assessment is vital for insurers to make informed decisions about risk. Other options, while useful in their own contexts, do not provide the same level of insight into personal habits and character, which are critical elements in the underwriting process.",,Regular,
Insurance Exams,Life Insurance Producer,New Jersey Insurance Exams,New Jersey Insurance Mock Exam,,The McCarran-Ferguson Act was passed by Congress to,redefine the authority of state and federal governments to regulate the insurance industry.,redefine the authority of insurance companies to issue policies.,establish the regulation of insurance company advertising lies solely within the jurisdiction of the Federal Communications Commission (FCC).,establish that the process of transacting insurance is not interstate commerce.,,,,A,"<h2>Redefine the authority of state and federal governments to regulate the insurance industry.</h2>  
The McCarran-Ferguson Act of 1945 was enacted to clarify the regulatory framework of the insurance industry, affirming that states have the primary authority to regulate insurance practices, while also allowing for federal oversight under certain circumstances. This legislation is crucial in maintaining a balance between state regulation and federal interests.

<b>A) Redefine the authority of state and federal governments to regulate the insurance industry.</b>  
This choice accurately reflects the purpose of the McCarran-Ferguson Act, which was to assert that states have the primary role in regulating the insurance sector. It allows for federal regulation only when states do not adequately govern the insurance industry, establishing a clear framework for authority.

<b>B) Redefine the authority of insurance companies to issue policies.</b>  
This option misrepresents the Act's intent, as it does not focus on granting insurance companies the authority to issue policies. Instead, the Act primarily addresses the regulatory authority of states versus the federal government, rather than expanding the issuance capabilities of the insurance companies themselves.

<b>C) Establish the regulation of insurance company advertising lies solely within the jurisdiction of the Federal Communications Commission (FCC).</b>  
This statement is incorrect because the McCarran-Ferguson Act does not assign exclusive regulatory power over insurance company advertising to the FCC. Instead, it emphasizes state regulation of insurance practices, including advertising, which may also fall under other regulatory bodies.

<b>D) Establish that the process of transacting insurance is not interstate commerce.</b>  
This choice inaccurately portrays the Act's implications regarding interstate commerce. The McCarran-Ferguson Act acknowledges that insurance transactions can indeed be part of interstate commerce but allows states to regulate these transactions, thus not denying their interstate nature.

<b>Conclusion</b>  
The McCarran-Ferguson Act was pivotal in defining the regulatory landscape for the insurance industry, affirming state authority while allowing for federal involvement when necessary. The fundamental purpose of the Act was to clarify the roles of state and federal governments, rather than focusing on insurance companies' authority or the specifics of advertising regulation. Understanding this balance is essential for comprehending the regulatory environment surrounding the insurance industry in the United States.",,Regular,
Insurance Exams,Life Insurance Producer,New Jersey Insurance Exams,New Jersey Insurance Test Prep,,The premium mode defines the,premium limit.,premium amount.,frequency of the premium payment.,method of premium payment.,,,,C,"<h2>The premium mode defines the frequency of the premium payment.</h2>  
The premium mode specifically refers to how often a premium is paid—whether monthly, quarterly, annually, etc. This classification is crucial for policyholders as it affects cash flow and budgeting for insurance expenses.

<b>A) Premium limit</b>  
The premium limit refers to the maximum amount of premium that can be charged for a policy but does not pertain to the frequency or timing of payments. This term describes a constraint rather than a scheduling aspect, making it unrelated to the concept of premium mode.

<b>B) Premium amount</b>  
The premium amount is the actual sum of money required for an insurance policy, which is determined by various factors such as coverage level and risk assessment. While it is a critical component of an insurance policy, it does not address how often the payment is made, which is the essence of the premium mode.

<b>C) Frequency of the premium payment</b>  
The premium mode directly pertains to the frequency at which the premium is paid, such as monthly, quarterly, or annually. Understanding the premium mode helps policyholders manage their financial obligations and plan their budgets accordingly.

<b>D) Method of premium payment</b>  
The method of premium payment refers to the way in which premiums are paid, such as through credit card, bank transfer, or check. While this is an important aspect of premium payments, it does not define the frequency, which is what the term ""premium mode"" specifically encompasses.

<b>Conclusion</b>  
The premium mode is essential for understanding how frequently insurance premiums are paid, impacting financial planning for policyholders. By distinguishing between frequency, amount, limit, and payment method, we clarify the role of premium mode in insurance policies, ensuring that policyholders can make informed decisions about their coverage and budgeting.",,Regular,
Insurance Exams,Life Insurance Producer,New Jersey Insurance Exams,New Jersey Insurance Mock Exam,,Which of the following acts states that federal government laws and regulations apply to the insurance industry when the industry is NOT regulated by state laws?,Sherman Act.,McCarran-Ferguson Act.,Clayton Act.,Gramm-Leach-Bliley Act.,,,,B,"<h2>McCarran-Ferguson Act states that federal government laws and regulations apply to the insurance industry when the industry is NOT regulated by state laws.</h2>  
The McCarran-Ferguson Act establishes that states have the authority to regulate the insurance industry, but it also allows federal laws to apply in cases where state laws do not provide adequate regulation. This act essentially creates a framework for federal oversight while respecting state authority.

<b>A) Sherman Act</b>  
The Sherman Act primarily addresses anti-competitive practices and monopolies in commerce, focusing on promoting fair competition among businesses. It does not specifically pertain to the regulation of the insurance industry or delineate the boundaries between state and federal oversight of insurance.

<b>B) McCarran-Ferguson Act</b>  
As previously mentioned, the McCarran-Ferguson Act explicitly states that federal laws and regulations can apply to the insurance industry in the absence of adequate state regulation. This act is crucial in defining the regulatory landscape for insurance, distinguishing it from other industries.

<b>C) Clayton Act</b>  
The Clayton Act complements the Sherman Act by addressing specific practices that may harm competition, such as price discrimination and exclusive dealings. However, similar to the Sherman Act, it does not specifically address the insurance industry, nor does it set guidelines for federal and state regulatory authority in this sector.

<b>D) Gramm-Leach-Bliley Act</b>  
The Gramm-Leach-Bliley Act primarily focuses on financial services and the repeal of the Glass-Steagall Act's separation of banking, securities, and insurance companies. While it impacts the insurance industry indirectly, it does not establish federal oversight specifically in the context of state regulation of insurance.

<b>Conclusion</b>  
The McCarran-Ferguson Act is the key legislation that clarifies the role of federal government laws and regulations concerning the insurance industry when state laws are insufficient. Unlike the other acts, which primarily target competition or broader financial regulations, the McCarran-Ferguson Act directly addresses the unique regulatory environment of insurance, highlighting the balance between state control and federal authority.",,Regular,
Insurance Exams,Life Insurance Producer,New Jersey Insurance Exams,New Jersey Insurance Test Prep,,"If the New Jersey Banking and Insurance Department receives a request for information about a producer's license, it will provide a",certificate of insurance.,certification of license status.,copy of the producer's license.,letter of authorization signed by the Banking and Insurance Commissioner.,,,,B,"<h2>Certification of license status is provided by the New Jersey Banking and Insurance Department.</h2>  
When the New Jersey Banking and Insurance Department receives a request for information regarding a producer's license, it specifically issues a certification of license status, which outlines the current standing of that license.

<b>A) Certificate of insurance.</b>  
A certificate of insurance is a document that provides evidence of insurance coverage to a third party, but it does not pertain to the status or details of a producer's license. This choice is unrelated to the licensing information requested by the department.

<b>B) Certification of license status.</b>  
This is the correct choice, as the New Jersey Banking and Insurance Department responds to requests for information about a producer's license by providing a certification of license status. This document verifies the validity and current status of the producer's license, which is exactly what is needed in this context.

<b>C) Copy of the producer's license.</b>  
While a copy of the producer's license may be useful, the department typically provides a certification of license status instead. This certificate serves as an official confirmation of the license's validity rather than just a duplicate of the license document itself.

<b>D) Letter of authorization signed by the Banking and Insurance Commissioner.</b>  
A letter of authorization is not issued in response to a request for information about a producer's license. Such a letter would generally pertain to specific permissions or authorizations rather than the status of a license, making it irrelevant to the request at hand.

<b>Conclusion</b>  
The New Jersey Banking and Insurance Department accurately provides a certification of license status when responding to inquiries about a producer's license. This certification serves as an official verification of the license's current standing, distinct from other documents such as insurance certificates or copies of the license itself. Understanding this process is essential for stakeholders seeking clarity on a producer's licensing status.",,Regular,
Insurance Exams,Life Insurance Producer,New Jersey Insurance Exams,New Jersey Insurance Mock Exam,,A certification of license status contains all of the following information EXCEPT the,licensee's place of birth.,license reference number.,license expiration date.,license authorities granted.,,,,A,"<h2>Licensee's place of birth is not included in a certification of license status.</h2>  
A certification of license status typically provides essential information related to the licensing of an individual, which does not include personal details such as the licensee's place of birth.

<b>A) Licensee's place of birth.</b>  
The place of birth is a personal detail that is irrelevant to the status of a professional license. Certifications are focused on the licensing aspects, such as validity and authority, and do not encompass personal information that does not impact the license itself.

<b>B) License reference number.</b>  
The license reference number is a critical piece of information included in a certification of license status. It uniquely identifies the license and allows for easy verification and tracking of the license's validity and history.

<b>C) License expiration date.</b>  
The license expiration date is essential information provided in the certification, informing stakeholders of when the license will need to be renewed. This date is vital for maintaining compliance with licensing regulations and ensuring the licensee's continued eligibility to practice.

<b>D) License authorities granted.</b>  
This information is also included in a certification of license status, detailing the specific permissions or powers that the licensee possesses under their license. It is important for understanding the scope of practice and the legal authority of the licensee.

<b>Conclusion</b>  
In summary, a certification of license status encompasses information crucial for verifying and assessing the licensing credentials of an individual, including the license reference number, expiration date, and granted authorities. However, personal details such as the licensee's place of birth are not pertinent to the license's validity and are therefore excluded from such certifications. This distinction ensures that the focus remains on professional qualifications rather than personal identity.",,Regular,
Insurance Exams,Life Insurance Producer,New Jersey Insurance Exams,New Jersey Insurance Test Prep,,"For a New Jersey insurance producer to charge a prospective insured for analyzing insurance coverages, there MUST be a reasonable relationship between the fee and",Nature of the services performed.,Total commission earned on the coverages purchased.,Average face amount of the policies analyzed.,Average premium of the policies analyzed.,,,,A,"<h2>For a New Jersey insurance producer to charge a prospective insured for analyzing insurance coverages, there MUST be a reasonable relationship between the fee and the nature of the services performed.</h2>  
The fee charged by an insurance producer must accurately reflect the complexity and type of services being provided to ensure fairness and transparency in the transaction. This principle safeguards against excessive charges that do not correspond to the actual work done.

<b>A) Nature of the services performed.</b>  
This option is the correct answer because it emphasizes the importance of aligning the fee with the specific services rendered. The fee should reflect the level of expertise, time, and resources involved in analyzing the insurance coverages, ensuring that the prospective insured feels they are receiving value for their payment.

<b>B) Total commission earned on the coverages purchased.</b>  
This choice is incorrect as the total commission earned is unrelated to the fee for analyzing coverages. Commissions are based on the sale of insurance policies and do not directly correlate with the analytical services provided prior to purchase. Charging fees based on commissions could lead to conflicts of interest and unfair pricing practices.

<b>C) Average face amount of the policies analyzed.</b>  
This option is also incorrect because the average face amount of the policies does not reflect the work involved in analyzing coverage. The complexity and nature of the analysis may vary regardless of the face amount, making this a poor basis for determining a service fee.

<b>D) Average premium of the policies analyzed.</b>  
This choice is incorrect as the average premium does not necessarily relate to the effort required to analyze the insurance coverages. Fees should be based on the nature of the services rather than the premiums of the policies, as the latter can vary widely without indicating the complexity of the analysis performed.

<b>Conclusion</b>  
In New Jersey, the rationale for charging fees for insurance coverage analysis hinges on the nature of the services performed. This ensures that charges are fair and commensurate with the actual work done, protecting both the insurance producer and the prospective insured from arbitrary pricing based on unrelated factors such as commissions or policy values.",,Regular,
Insurance Exams,Life Insurance Producer,New Jersey Insurance Exams,New Jersey Insurance Mock Exam,,A certification of license status contains all of the following information EXCEPT the,Licensee's place of birth.,License reference number.,License expiration date.,License authorities granted.,,,,A,"<h2>Licensee's place of birth is not included in a certification of license status.</h2>  
A certification of license status typically includes essential information related to the validity and details of a license, such as the license reference number, expiration date, and the authorities granted. However, personal details like the licensee's place of birth are not relevant to the licensing information itself.

<b>A) Licensee's place of birth.</b>  
The place of birth is personal information that does not pertain to the operational status or validity of a license. Licensing documents focus on qualifications and permissions granted rather than personal identifiers, making this choice the exception among the options provided.

<b>B) License reference number.</b>  
The license reference number is a unique identifier assigned to each license, crucial for tracking and verifying its status. This information is essential for both the licensee and regulatory authorities to manage and authenticate the license, ensuring compliance with relevant laws.

<b>C) License expiration date.</b>  
The license expiration date indicates the period during which the license remains valid. It is a critical piece of information that informs the licensee when renewal is necessary, thereby maintaining the legality of their practice or activity.

<b>D) License authorities granted.</b>  
This refers to the specific permissions or privileges that the license confers upon the licensee. It is an essential aspect of the certification as it outlines the scope of practice allowed, ensuring that the licensee operates within legal boundaries.

<b>Conclusion</b>  
In summary, a certification of license status includes the license reference number, expiration date, and the authorities granted, all vital for verifying the legitimacy of a license. The licensee's place of birth, however, is irrelevant to the licensing process and thus is excluded from such documentation. Understanding this distinction is important for both licensees and regulatory bodies.",,Regular,
Insurance Exams,Life Insurance Producer,New Jersey Insurance Exams,New Jersey Insurance Test Prep,,The purpose of advertising regulations is to,Assure full and truthful disclosure to the public.,Ensure that the prospect has all the required information to make an informed decision.,Ensure that the insurance company is supervising its agents properly.,Assure that spokespersons are properly compensated.,,,,A,"<h2>Assure full and truthful disclosure to the public.</h2>  
Advertising regulations are designed primarily to protect consumers by ensuring that all claims made in advertisements are truthful and not misleading. This transparency helps maintain trust in the marketplace and informs the public about the products and services available to them.

<b>A) Assure full and truthful disclosure to the public.</b>  
This choice correctly identifies the primary purpose of advertising regulations, which is to mandate that advertisements provide accurate and truthful information. By enforcing these regulations, consumers can make informed decisions based on reliable data.

<b>B) Ensure that the prospect has all the required information to make an informed decision.</b>  
While this choice touches on the idea of informed decision-making, it is too broad. Advertising regulations specifically focus on truthful disclosure rather than guaranteeing all information is available. Not all required information is necessarily related to truthfulness, which is the core aim of the regulations.

<b>C) Ensure that the insurance company is supervising its agents properly.</b>  
This option pertains to internal company practices rather than the broader scope of advertising regulations. Although supervision of agents is important, it does not reflect the primary goal of advertising regulations, which is to protect consumers from misleading advertisements.

<b>D) Assure that spokespersons are properly compensated.</b>  
This choice is irrelevant to the main purpose of advertising regulations. While compensation for spokespersons can be a part of advertising ethics, it does not relate to the fundamental objective of ensuring truthful and clear communication in advertisements.

<b>Conclusion</b>  
The essence of advertising regulations lies in their role of assuring full and truthful disclosure to the public. This ensures that consumers receive accurate information, allowing them to make well-informed choices. The focus on truthfulness is critical, as it safeguards consumer interests and promotes fair competition in the marketplace. Other aspects, such as internal supervision and spokesperson compensation, do not align with this core purpose.",,Regular,
Insurance Exams,Life Insurance Producer,New Jersey Insurance Exams,New Jersey Insurance Mock Exam,,"If the New Jersey Banking and Insurance Department receives a request for information about a producer's license, it will provide a",certificate of insurance.,certification of license status.,copy of the producer's license.,letter of authorization signed by the Banking and Insurance Commissioner.,,,,B,"<h2>Certification of license status is provided by the New Jersey Banking and Insurance Department upon request.</h2>  
When the New Jersey Banking and Insurance Department receives a request for information regarding a producer's license, they issue a certification of license status, which verifies the current standing of that license.

<b>A) Certificate of insurance.</b>  
A certificate of insurance is a document that provides evidence of insurance coverage for a specific period but does not pertain to the status of a producer's license. This option is irrelevant to the inquiry about licensing information.

<b>B) Certification of license status.</b>  
This is the correct answer as the New Jersey Banking and Insurance Department specifically provides this document to confirm whether a producer's license is active, expired, or suspended. It serves as an official verification of the producer's licensing status.

<b>C) Copy of the producer's license.</b>  
While a copy of the producer's license contains similar information, it is not typically provided as a response to inquiries. Instead, the department focuses on the certification of the license status, which reflects the current validity rather than just duplicating the license itself.

<b>D) Letter of authorization signed by the Banking and Insurance Commissioner.</b>  
A letter of authorization is generally not issued in response to requests about a producer's licensing status. Such letters are typically used for specific permissions or actions rather than general inquiries about licensing information.

<b>Conclusion</b>  
The New Jersey Banking and Insurance Department addresses requests for information about a producer's license by providing a certification of license status, which confirms the license's current state. Other options, including a certificate of insurance, a copy of the license, or a letter of authorization, do not fulfill this specific request and are therefore incorrect.",,Regular,
Insurance Exams,Life Insurance Producer,New Jersey Insurance Exams,New Jersey Insurance Test Prep,,One area in which errors are commonly made on life insurance applications and for which the incontestable clause does NOT apply is,occupation.,age.,education level.,state of residence.,,,,B,"<h2>Age is an area in which errors are commonly made on life insurance applications and for which the incontestable clause does NOT apply.</h2>  
Mistakes regarding the age of the insured can lead to significant implications for coverage and benefit amounts. The incontestable clause generally protects insurers against claims for misrepresentations after a specified period, but age discrepancies can affect the validity of the policy from its inception.

<b>A) Occupation.</b>  
Errors related to occupation may raise concerns during underwriting but are typically addressed under the incontestable clause once the policy is in force. Insurers can contest claims based on misrepresentation of occupation only if it significantly impacts risk assessment, but these issues are usually resolved within the policy period.

<b>B) Age.</b>  
Errors regarding the age of the applicant are critical because they directly influence the risk assessment and premium calculations. If an applicant misstates their age, the insurer can contest the policy or deny claims, even after the incontestable period, because age is essential to determining eligibility and pricing.

<b>C) Education level.</b>  
While education level may be relevant for assessing certain risks, it does not typically affect the policy's validity in the same manner as age. Errors in educational background are less likely to have an immediate impact on coverage and are thus generally covered under the protections of the incontestable clause.

<b>D) State of residence.</b>  
Similar to education, an applicant's state of residence does not usually lead to issues that would void a policy. While it may affect certain policy terms or availability, it is not a factor that triggers the same level of scrutiny as age discrepancies, making it less critical in the context of the incontestable clause.

<b>Conclusion</b>  
Errors in age on life insurance applications are significant and can undermine the validity of the contract, allowing insurers to contest claims even after the incontestable period. This highlights the importance of accurately reporting age when applying for life insurance, as it is a fundamental factor in underwriting and policy issuance, unlike other areas such as occupation or education level, which are generally protected under the incontestable clause.",,Regular,
Insurance Exams,Life Insurance Producer,New Jersey Insurance Exams,New Jersey Insurance Mock Exam,,Which of the following statements is CORRECT about a Buyer's Guide?,It must explain specific policy values.,Its content must be approved by the Insurance Commissioner.,It must include the amount of the equivalent level annual dividend.,It must give the name and address of the producer making the sales presentation.,,,,B,"<h2>Its content must be approved by the Insurance Commissioner.</h2>  
A Buyer's Guide is a regulatory document that must be approved by the Insurance Commissioner to ensure it meets the necessary legal standards and provides accurate information to consumers. This approval is crucial to maintaining transparency and trust in the insurance industry.

<b>A) It must explain specific policy values.</b>  
While a Buyer's Guide may provide general information about policy values, it is not required to explain specific values for every insurance product. The focus of a Buyer's Guide is to give an overview of coverage types and general policy features, rather than detailed explanations of individual policy values.

<b>C) It must include the amount of the equivalent level annual dividend.</b>  
A Buyer's Guide does not need to include specific financial figures such as equivalent level annual dividends. Instead, it serves to inform potential buyers about the types of insurance available and general benefits, rather than providing detailed financial data that can vary widely among policies.

<b>D) It must give the name and address of the producer making the sales presentation.</b>  
While the Buyer's Guide may provide information about the insurance carrier, it is not mandated to include the name and address of the specific producer involved in the sales presentation. The purpose of the document is more focused on educating consumers rather than identifying individual agents or brokers.

<b>Conclusion</b>  
A Buyer's Guide must have its content approved by the Insurance Commissioner to ensure compliance with regulatory standards and protect consumer interests. This requirement underlines the importance of accuracy and trustworthiness in insurance documentation. Other choices incorrectly emphasize details that are not mandated by regulations governing Buyer's Guides, highlighting the distinct purpose of this essential consumer resource.",,Regular,
Insurance Exams,Life Insurance Producer,New Jersey Insurance Exams,New Jersey Insurance Test Prep,,Which of the following MUST an agent do when replacing a Life Insurance Policy?,Obtain with the application the applicant's justification for why the replacement is suitable.,Notify the insurer whose policy is being replaced but not the insurer replacing the policy.,Submit to the replacing insurer a list of all life insurance policies or annuity contracts proposed to be replaced.,Forward the signed and completed Disclosure Statement to the replacing insurer and not provide the applicant with a copy.,,,,C,"<h2>Submit to the replacing insurer a list of all life insurance policies or annuity contracts proposed to be replaced.</h2>  
When replacing a life insurance policy, it is essential for the agent to provide the new insurer with a list of all existing policies that are being replaced. This requirement ensures full transparency and allows the replacing insurer to assess the applicant's overall insurance portfolio properly.

<b>A) Obtain with the application the applicant's justification for why the replacement is suitable.</b>  
While it is advisable for agents to gather justification for the replacement from the applicant, it is not a mandatory requirement. The focus of the replacement process is primarily on ensuring that all existing policies are disclosed to avoid any potential issues related to misrepresentation or lack of information.

<b>B) Notify the insurer whose policy is being replaced but not the insurer replacing the policy.</b>  
This statement is incorrect as agents are typically required to notify both the existing insurer and the new insurer. Failing to inform the replacing insurer could lead to complications in processing the replacement and might violate regulatory requirements designed to protect consumers.

<b>D) Forward the signed and completed Disclosure Statement to the replacing insurer and not provide the applicant with a copy.</b>  
This option is misleading, as agents are usually required to provide a copy of the Disclosure Statement to the applicant as well. This ensures that the applicant is fully informed about the terms and implications of the replacement, which is a critical component of consumer protection in insurance transactions.

<b>Conclusion</b>  
In the process of replacing a life insurance policy, the agent's responsibility includes submitting a comprehensive list of all existing policies to the replacing insurer. This requirement is crucial for maintaining transparency and enabling the new insurer to make informed decisions regarding the applicant's insurance needs. Other options, while relevant, do not encapsulate the mandatory steps involved in the replacement process as effectively as this choice.",,Regular,
Insurance Exams,Life Insurance Producer,Institutition-based Insurace Exams,Insurance Practice Questions,,An applicant's consideration in an insurance contract refers to the,Proceeds of the policy.,Cash or equivalent income payable to the beneficiary.,Premium to be paid.,Face value of the policy.,,,,C,"<h2>Premium to be paid.</h2>  
In an insurance contract, consideration refers to the amount that the policyholder agrees to pay, commonly known as the premium. This payment is essential as it represents the insured's part of the contractual agreement, providing the insurer with the funds needed to cover potential claims.

<b>A) Proceeds of the policy.</b>  
The proceeds of the policy refer to the amount that the beneficiary receives upon the insured's death or when a claim is made. This is a result of the insurance contract and does not constitute the consideration provided by the policyholder; rather, it is the outcome of the agreement.

<b>B) Cash or equivalent income payable to the beneficiary.</b>  
This choice describes the benefits payable to the beneficiary, which are contingent upon the occurrence of an insured event. While important, it does not define the consideration in the insurance contract, as it represents the insurer's obligation rather than the policyholder's contribution.

<b>C) Premium to be paid.</b>  
Consideration in an insurance contract is specifically the premium that the policyholder agrees to pay in exchange for insurance coverage. This payment is a fundamental component of the contract, establishing the policyholder's commitment to the agreement.

<b>D) Face value of the policy.</b>  
The face value of the policy is the amount that will be paid to the beneficiary upon a claim. While it reflects the potential benefit of the insurance contract, it does not represent the consideration provided by the policyholder, which is the premium payment.

<b>Conclusion</b>  
Consideration in an insurance contract is defined as the premium the policyholder agrees to pay, establishing their part of the agreement. The other options refer to various aspects of the insurance policy or its benefits but do not represent the policyholder's commitment within the contract. Understanding this distinction is crucial for comprehending the dynamics of insurance agreements and the responsibilities of both parties involved.",,Regular,
Insurance Exams,Life Insurance Producer,Institutition-based Insurace Exams,Insurance Certification Exam Prep,,"In a Fidelity Bond, the employee is known as the",Guarantor,Obligee,Principal,Surety,,,,C,"<h2>The employee is known as the Principal in a Fidelity Bond.</h2>  
In the context of a Fidelity Bond, the Principal is the party whose honesty and integrity are being guaranteed, typically the employee who is bonded. This role is crucial as it establishes the relationship between the employee and the parties providing the bond.

<b>A) Guarantor</b>  
The Guarantor is the party that provides the guarantee for the bond, ensuring that the obligations of the Principal are fulfilled. In a Fidelity Bond, this is not the employee, but rather the bonding company or insurer that backs the bond. Therefore, this choice does not accurately describe the role of the employee.

<b>B) Obligee</b>  
The Obligee is the party that benefits from the bond, typically the employer or entity that requires the bond to protect against potential losses caused by the Principal's dishonest actions. As such, the Obligee is not the employee but rather the entity ensuring protection through the bond.

<b>C) Principal</b>  
The Principal is the employee who is bonded, representing the individual whose actions are being insured against loss due to dishonesty. This term accurately describes the employee's position within the Fidelity Bond arrangement, making it the correct choice.

<b>D) Surety</b>  
The Surety is the entity that issues the bond and is responsible for payment in case of loss resulting from the Principal's actions. This term refers to the bonding company, rather than the employee who is bonded, and thus is not applicable to the question.

<b>Conclusion</b>  
In a Fidelity Bond, the employee is designated as the Principal, as this role encompasses the individual whose conduct the bond protects against. The other terms—Guarantor, Obligee, and Surety—describe different parties involved in the bonding process and do not accurately reflect the employee's position. Understanding these roles is essential for grasping the mechanics of Fidelity Bonds and their purpose in safeguarding against employee dishonesty.",,Regular,
Insurance Exams,Life Insurance Producer,Institutition-based Insurace Exams,Insurance Practice Questions,,Which of the following lines of insurance CANNOT be included in the Commercial Package policy?,Aviation,Casualty,Crime,Property,,,,A,"<h2>Aviation cannot be included in the Commercial Package policy.</h2>  
The Commercial Package policy (CPP) is designed to combine various types of coverage, but aviation insurance is typically excluded as it requires specialized coverage due to the unique risks involved in aviation operations.

<b>A) Aviation</b>  
Aviation insurance is specifically tailored to cover risks associated with aircraft operations, including liability and damage to aircraft. Due to the distinct nature of aviation-related risks, this type of insurance is not eligible for inclusion in a Commercial Package policy, which is intended for more general business coverage.

<b>B) Casualty</b>  
Casualty insurance covers risks related to bodily injury and property damage, and it is a common component of the Commercial Package policy. It includes coverage for general liability, workers' compensation, and other liability protections, making it suitable for inclusion in a CPP.

<b>C) Crime</b>  
Crime insurance provides coverage against loss of property due to criminal acts such as theft, fraud, or employee dishonesty. This type of coverage is often included in the Commercial Package policy, allowing businesses to protect themselves from various financial losses resulting from criminal activities.

<b>D) Property</b>  
Property insurance protects against risks to physical assets owned by a business, including buildings, equipment, and inventory. This coverage is a fundamental part of the Commercial Package policy, as it addresses the primary risks faced by most businesses in terms of property loss or damage.

<b>Conclusion</b>  
The Commercial Package policy is structured to offer flexibility and comprehensive coverage for businesses, but it explicitly excludes aviation insurance due to the specialized nature of aviation risks. In contrast, casualty, crime, and property insurance are integral components of the CPP, providing essential protections for various business operations. Understanding these distinctions helps businesses effectively tailor their insurance needs to suit their specific risk profiles.",,Regular,
Insurance Exams,Life Insurance Producer,Institutition-based Insurace Exams,Insurance Certification Exam Prep,,Which one of the following would NOT be considered a covered auto under the Personal Auto policy?,A car borrowed by an insured for use while hers is being repaired,A car owned by the insured's employer that the insured drives while making sales calls,A pickup truck used on a farm and described in the Declarations,A trailer the insured attached to his sedan,,,,B,"<h2>A car owned by the insured's employer that the insured drives while making sales calls.</h2>  
Under a Personal Auto policy, covered autos are typically defined as vehicles owned by the insured or available for the insured's use. A car owned by the insured's employer does not fit this definition, as it is not owned by the insured and is used for business purposes rather than personal use.

<b>A) A car borrowed by an insured for use while hers is being repaired</b>  
This option describes a situation where the insured borrows a vehicle temporarily, which is typically covered under the Personal Auto policy. The policy allows for borrowed vehicles as long as they are used for personal purposes, making this a covered auto.

<b>C) A pickup truck used on a farm and described in the Declarations</b>  
Since this pickup truck is explicitly described in the Declarations section of the policy, it is considered a covered auto. The Personal Auto policy can cover vehicles used for farming, provided they are listed in the policy documents.

<b>D) A trailer the insured attached to his sedan</b>  
Trailers are generally included under the Personal Auto policy as covered autos, provided they are designed for use with the vehicle. As long as the trailer is attached to the insured's sedan, it falls under the coverage provided by the policy.

<b>Conclusion</b>  
The distinction between covered and non-covered autos in a Personal Auto policy is crucial for understanding liability and coverage limits. The employer-owned vehicle in option B is not covered because it does not belong to the insured and is used for business, while all other options represent vehicles that are either owned by the insured or adequately covered by the policy provisions. This ensures that insured individuals can confidently operate their vehicles within the scope of their coverage.",,Regular,
Insurance Exams,Life Insurance Producer,Institutition-based Insurace Exams,Insurance Practice Questions,,"In Alabama, the Commissioner of Insurance may do all of the following EXCEPT:",enforce all provisions of the Insurance Code,conduct examinations and investigations of insurance matters,change laws at will for the good of the general public,Invoke any legal actions necessary to enforce insurance laws,,,,C,"<h2>In Alabama, the Commissioner of Insurance may do all of the following EXCEPT change laws at will for the good of the general public.</h2>  
The Commissioner of Insurance in Alabama has specific regulatory powers but cannot unilaterally change laws, as this authority is reserved for the legislative body. Regulatory actions must adhere to established laws and procedures to maintain legal integrity and accountability.

<b>A) Enforce all provisions of the Insurance Code</b>  
The Commissioner is responsible for enforcing the Insurance Code, which includes ensuring compliance by insurance companies and protecting consumers. This power is an essential function of the Commissioner's role, allowing them to uphold industry standards and regulations.

<b>B) Conduct examinations and investigations of insurance matters</b>  
Conducting examinations and investigations is a fundamental duty of the Commissioner. This authority allows the Commissioner to assess insurance companies' practices and ensure they meet legal and ethical standards, protecting consumers and the integrity of the insurance market.

<b>C) Change laws at will for the good of the general public</b>  
This choice is incorrect because the Commissioner does not have the authority to change laws independently. Legislative changes require a formal process involving elected representatives, ensuring that any modifications reflect the will of the people and maintain a system of checks and balances.

<b>D) Invoke any legal actions necessary to enforce insurance laws</b>  
The Commissioner possesses the authority to invoke legal actions as needed to enforce insurance laws. This power is crucial for addressing violations and ensuring that all insurance entities adhere to the regulatory framework established by law.

<b>Conclusion</b>  
The Commissioner of Insurance in Alabama is equipped with significant powers to regulate the insurance industry, including enforcement of laws, conducting investigations, and initiating legal actions. However, altering laws at will is beyond their authority, emphasizing the importance of legislative processes in governance. This structure ensures that regulatory actions are consistent with democratic principles and legal accountability.",,Regular,
Insurance Exams,Life Insurance Producer,Institutition-based Insurace Exams,Insurance Certification Exam Prep,,Which of the following is CORRECT concerning the payment of commissions for insurance in Alabama?,No insurer may pay a commission to relatives of a deceased insurance producer,No insurer may pay a person holding only a temporary producer license,An insurer who violates the Alabama rules on commission payments may be fined up to three times the amount of the commissions paid,"An individual producer may share commissions with other persons, even if they are not licensed for the same lines of insurance",,,,C,"<h2>An insurer who violates the Alabama rules on commission payments may be fined up to three times the amount of the commissions paid.</h2>  
In Alabama, insurance regulations impose strict penalties on insurers that fail to comply with rules concerning commission payments. This includes fines that can reach up to three times the amount of the commissions improperly paid, ensuring accountability and adherence to the law.

<b>A) No insurer may pay a commission to relatives of a deceased insurance producer</b>  
This statement is misleading; Alabama law does not prohibit insurers from paying commissions to the relatives of deceased producers under certain conditions. Commissions may still be allocated to the estate or designated beneficiaries, provided all legal requirements are met.

<b>B) No insurer may pay a person holding only a temporary producer license</b>  
In Alabama, individuals with a temporary producer license are permitted to receive commissions for insurance sales. However, the circumstances under which these commissions can be paid may vary based on specific regulations, but outright prohibition is not accurate.

<b>D) An individual producer may share commissions with other persons, even if they are not licensed for the same lines of insurance</b>  
This statement is incorrect, as Alabama regulations require individuals sharing commissions to be properly licensed in the same lines of insurance. Sharing commissions with unlicensed individuals violates state insurance laws and can lead to penalties.

<b>Conclusion</b>  
In Alabama, insurers face significant fines for non-compliance with commission payment regulations, with penalties potentially reaching three times the amount of commissions paid. The other options misrepresent the legal framework surrounding commission payments, highlighting the importance of understanding state-specific insurance laws to ensure compliance and avoid legal repercussions.",,Regular,
Insurance Exams,Life Insurance Producer,Institutition-based Insurace Exams,Insurance Practice Questions,,Each of the following is a primary coverage provided under the Commercial General Liability policy EXCEPT,Bodily Injury and Property Damage Liability,Liquor Liability,Medical Payments,Personal and Advertising Injury,,,,B,"<h2>Liquor Liability is not a primary coverage provided under the Commercial General Liability policy.</h2>  
The Commercial General Liability (CGL) policy primarily covers Bodily Injury and Property Damage Liability, Medical Payments, and Personal and Advertising Injury. Liquor Liability, however, is typically considered a separate coverage that needs to be purchased additionally, rather than being included in standard CGL coverage.

<b>A) Bodily Injury and Property Damage Liability</b>  
This is a fundamental coverage under the CGL policy, protecting against claims of bodily injury or property damage resulting from the insured's operations or products. It forms the core component of CGL, ensuring financial protection against legal claims arising from such incidents.

<b>C) Medical Payments</b>  
Medical Payments coverage is also included in the CGL policy and provides for medical expenses incurred by individuals injured on the insured's premises or as a result of the insured's operations, regardless of fault. This coverage aims to address minor injuries quickly and help prevent lawsuits.

<b>D) Personal and Advertising Injury</b>  
This coverage protects against claims related to personal injury (such as defamation or invasion of privacy) and advertising injury (like copyright infringement) arising from the insured's business activities. It is a standard inclusion in CGL policies, safeguarding businesses from various non-physical injury claims.

<b>Conclusion</b>  
While the Commercial General Liability policy includes several essential coverages such as Bodily Injury and Property Damage Liability, Medical Payments, and Personal and Advertising Injury, Liquor Liability is not part of the standard offerings. It requires separate coverage to address risks associated with the sale and service of alcohol, highlighting the need for businesses that serve liquor to consider additional insurance options.",,Regular,
Insurance Exams,Life Insurance Producer,Institutition-based Insurace Exams,Insurance Certification Exam Prep,,An intentional misrepresentation on an application for insurance can invalidate an insurance policy if it is,subjective misrepresentation,objective misrepresentation,material misrepresentation,absolute misrepresentation,,,,C,"<h2>Material misrepresentation can invalidate an insurance policy.</h2>  
Material misrepresentation occurs when an applicant intentionally provides false information that affects the insurer's decision to provide coverage. This type of misrepresentation is significant enough to influence the insurer's risk assessment and therefore can lead to the invalidation of the policy.

<b>A) Subjective misrepresentation</b>  
Subjective misrepresentation refers to personal opinions or statements that may not be factually verifiable, such as an individual's belief about their health. While these can sometimes lead to misunderstandings, they are generally not considered material unless they significantly impact the insurer's decision-making process.

<b>B) Objective misrepresentation</b>  
Objective misrepresentation involves false statements that can be proven or disproven through facts and evidence. However, this term does not emphasize the impact of the misrepresentation on the insurance contract. For it to invalidate a policy, the misrepresentation must be material, meaning it affects the terms or risk assessment of the policy.

<b>D) Absolute misrepresentation</b>  
Absolute misrepresentation is not a recognized legal term in the context of insurance applications. It suggests a total falsehood without considering whether the misrepresentation is material or relevant to the insurer's decision. Therefore, it does not accurately reflect the criteria needed for potentially invalidating a policy.

<b>Conclusion</b>  
In the context of insurance applications, material misrepresentation is critical as it directly affects the insurer's evaluation and decision-making process. A misrepresentation is deemed material if it is significant enough to influence the underwriting decision. Thus, intentional misrepresentations that are material can justifiably lead to the invalidation of an insurance policy, protecting insurers from fraudulent claims.",,Regular,
Insurance Exams,Life Insurance Producer,Institutition-based Insurace Exams,Insurance Practice Questions,,Which of the following characteristics apply to Medicare Supplement Policies (MSPs)?,First-time applicants (over age 65) for MSPs cannot be turned down.,The definitions used in MSPs must be the same definitions used in Medicare.,MSPs may not duplicate coverage provided by Medicare.,All of the above.,,,,D,"<h2>All of the above.</h2>  
Medicare Supplement Policies (MSPs) are designed to complement Medicare coverage, and all the statements provided accurately describe key characteristics of these policies. They ensure that beneficiaries receive the necessary coverage without gaps, adhere to standard definitions, and do not replicate Medicare services.

<b>A) First-time applicants (over age 65) for MSPs cannot be turned down.</b>  
This statement is true during the Open Enrollment Period for Medicare, where individuals cannot be denied coverage due to pre-existing conditions. However, this characteristic alone does not encompass the full scope of MSP regulations, as it is just one aspect of the broader protections afforded to beneficiaries.

<b>B) The definitions used in MSPs must be the same definitions used in Medicare.</b>  
While MSPs must align with Medicare definitions to ensure consistency in coverage, this statement does not cover the overall regulatory framework governing MSPs. It's important, but it highlights only one part of the policies' requirements rather than their entirety.

<b>C) MSPs may not duplicate coverage provided by Medicare.</b>  
This statement is also accurate, as MSPs are intended to fill the gaps left by Medicare without overlapping. However, like the previous choices, it doesn't encompass all the characteristics of MSPs, making it an incomplete representation by itself.

<b>Conclusion</b>  
All the statements regarding Medicare Supplement Policies highlight various essential features that ensure these policies effectively support Medicare beneficiaries. By stating ""All of the above,"" we recognize that each characteristic plays a vital role in defining the essence and function of MSPs, providing comprehensive protection and clarity for individuals seeking supplemental coverage.",,Regular,
Insurance Exams,Life Insurance Producer,Institutition-based Insurace Exams,Insurance Certification Exam Prep,,Adjustable Life allows changes to each of the following EXCEPT:,The face amount.,The premium amount.,The policy period.,The interest rate charged on cash value loans.,,,,D,"<h2>The interest rate charged on cash value loans cannot be changed in an Adjustable Life policy.</h2>  
In an Adjustable Life insurance policy, the policyholder has the flexibility to adjust certain elements such as the face amount, premium amount, and policy period. However, the interest rate applied to cash value loans is typically set by the insurer and is not adjustable by the policyholder.

<b>A) The face amount.</b>  
The face amount of an Adjustable Life policy can be increased or decreased by the policyholder, allowing for flexibility as their needs change over time. This adjustability ensures that the coverage can align with the policyholder's current financial situation or goals.

<b>B) The premium amount.</b>  
Policyholders have the ability to adjust the premium amount in an Adjustable Life policy. They can choose to increase or decrease their premium payments, affecting both the cash value and the death benefit of the policy, which adds to its flexibility.

<b>C) The policy period.</b>  
The policy period can also be modified in an Adjustable Life policy. This allows the policyholder to extend or shorten the duration of their coverage, adapting to changes in their life circumstances or financial needs.

<b>D) The interest rate charged on cash value loans.</b>  
The interest rate charged on cash value loans is generally determined by the insurance company and remains fixed, regardless of changes made to other elements of the policy. This characteristic limits the policyholder's control over this specific aspect of their policy.

<b>Conclusion</b>  
Adjustable Life policies offer significant flexibility for policyholders, enabling changes to the face amount, premium amount, and policy period to better suit their evolving needs. However, the interest rate on cash value loans remains a constant, set by the insurer, and cannot be altered by the policyholder. Understanding these distinctions is crucial for effective management of life insurance policies.",,Regular,
Insurance Exams,Life Insurance Producer,Institutition-based Insurace Exams,Insurance Practice Questions,,Billy is the owner of a life insurance policy and has chosen a policy settlement option under which the company will pay the beneficiary (his widow) an income each month for as long as she lives. Payment stops at her death. Which settlement option has Billy selected?,Fixed amount option,Fixed period option,Interest only option,Life income option,,,,D,"<h2>Life income option</h2>  
Billy has selected the life income option, which ensures that his widow will receive monthly payments for the duration of her life, ceasing upon her death. This option provides financial security to the beneficiary by guaranteeing a steady income stream as long as she is alive.

<b>A) Fixed amount option</b>  
The fixed amount option allows the beneficiary to receive a predetermined set amount of money at regular intervals until the policy's proceeds are exhausted. This does not guarantee payments for the duration of the beneficiary's life, making it unsuitable for Billy's intention to provide lifelong support for his widow.

<b>B) Fixed period option</b>  
A fixed period option pays the beneficiary a set income for a specified number of years, regardless of whether they are alive at the end of that period. This option does not provide the lifelong income that Billy intended for his widow, thus it does not align with his chosen settlement method.

<b>C) Interest only option</b>  
The interest only option means that the insurance company pays only the interest earned on the policy's proceeds, leaving the principal amount intact. This setup does not provide an income for life, as it depends on the interest generated rather than a guaranteed payment for the beneficiary's lifetime.

<b>D) Life income option</b>  
The life income option guarantees the beneficiary a monthly income for as long as she lives, which is exactly what Billy chose. This option ensures financial support for his widow throughout her lifetime, aligning perfectly with his wishes.

<b>Conclusion</b>  
Billy's selection of the life income option demonstrates a thoughtful approach to providing for his widow after his passing. This option not only assures her a steady income for life, but it also alleviates any concerns regarding financial instability after his death. The other options fail to provide the same level of security and longevity that the life income option offers.",,Regular,
Insurance Exams,Life Insurance Producer,Institutition-based Insurace Exams,Insurance Certification Exam Prep,,"For the insurance company to pay under the accidental death rider, most companies require that the insured",die instantly in the accident.,die within 10 days of the accident.,has the policy in force at least two years prior to the accident.,die within 90 days of the accident.,,,,D,"<h2>For the insurance company to pay under the accidental death rider, most companies require that the insured die within 90 days of the accident.</h2>  
The majority of insurance companies stipulate that for an accidental death claim to be valid, the insured must pass away within a specified time frame, commonly 90 days from the date of the accident. This requirement ensures that the death is directly linked to the accident and reduces potential fraudulent claims.

<b>A) die instantly in the accident.</b>  
This choice implies that the insured must die immediately upon the occurrence of the accident. However, most accidental death riders do not necessitate instant death; rather, they allow for a period during which death can occur as a result of the accident, typically up to 90 days.

<b>B) die within 10 days of the accident.</b>  
While some policies may have shorter time frames, the common requirement is 90 days. A 10-day limit is less typical and would not encompass the range of potential complications or delayed fatalities that can arise from an accident.

<b>C) has the policy in force at least two years prior to the accident.</b>  
This choice refers to the duration of the policy, which is not a standard requirement related to the timing of the death after an accident. While some policies may have a contestability period, the key requirement for the accidental death rider focuses on the timeframe of death following the accident, not the policy's duration.

<b>D) die within 90 days of the accident.</b>  
This is the standard requirement for most accidental death riders. The 90-day window allows for the possibility of complications or delayed effects from the accident, ensuring that the death is considered a direct result of the incident.

<b>Conclusion</b>  
In summary, the requirement that the insured die within 90 days of an accident is a standard clause in accidental death riders, linking the cause of death directly to the accident. Options A, B, and C misrepresent the common stipulations found in insurance policies, demonstrating the importance of understanding the specific terms related to accidental death claims.",,Regular,
Insurance Exams,Life Insurance Producer,Institutition-based Insurace Exams,Insurance Practice Questions,,"An individual insurance producer who allows his or her license to lapse may, within a maximum period of ______ months from the due date of the renewal fee, reinstate the same license without having to pass a written examination.",6,12,24,36,,,,B,"<h2>12 months</h2>  
An individual insurance producer who allows their license to lapse can reinstate it within a maximum period of 12 months from the due date of the renewal fee without needing to pass a written examination. This provision is crucial for maintaining continuity in the producer's ability to operate within the insurance industry.

<b>A) 6</b>  
The six-month period is too short for reinstatement without examination. According to regulatory guidelines, producers must have a maximum of 12 months to reinstate their license, which allows more time to complete necessary requirements and ensure compliance with licensing regulations.

<b>B) 12</b>  
This choice accurately reflects the regulation that permits reinstatement of a lapsed insurance producer license within 12 months without the need for a written examination. This timeframe provides a reasonable window for producers to maintain their qualifications and continue their business operations.

<b>C) 24</b>  
A 24-month reinstatement period exceeds the regulatory limit established for insurance producers. After 12 months, a lapsed license typically requires re-examination to ensure that the producer's knowledge and compliance with current regulations are up to date.

<b>D) 36</b>  
Similar to choice C, a 36-month period is significantly longer than the allowable timeframe for reinstating a lapsed license. Such an extended duration would necessitate a reassessment of the individual's qualifications, including passing a written examination, which contradicts the premise of the question.

<b>Conclusion</b>  
In summary, individual insurance producers have a maximum of 12 months to reinstate a lapsed license without needing to retake a written examination. This policy ensures that producers can efficiently resume their professional activities while also maintaining the integrity of the licensing process. Other durations, such as 6, 24, or 36 months, do not align with established regulations and thus do not provide valid options for reinstatement.",,Regular,
Insurance Exams,Life Insurance Producer,Institutition-based Insurace Exams,Insurance Certification Exam Prep,,When does Flood insurance begin?,10 days after the application date,15 days after the application date,30 days after the application date,45 days after the application date,,,,C,"<h2>Flood insurance begins 30 days after the application date.</h2>  
Flood insurance policies typically have a waiting period of 30 days from the application date before coverage takes effect. This waiting period is standard to ensure that coverage is not obtained in anticipation of an imminent flood event.

<b>A) 10 days after the application date</b>  
A waiting period of 10 days is shorter than the established guidelines for flood insurance policies. This duration does not allow sufficient time for processing applications and underwriting, which is why it cannot be the correct answer.

<b>B) 15 days after the application date</b>  
Similarly, a 15-day waiting period is still shorter than the standard 30 days required for flood insurance coverage. This insufficient timeframe does not align with the typical policies set by most insurance providers.

<b>C) 30 days after the application date</b>  
This is the correct answer, as flood insurance policies generally require a 30-day waiting period after the application date for the coverage to become effective. This stipulation helps prevent last-minute purchases before a flood event.

<b>D) 45 days after the application date</b>  
A waiting period of 45 days exceeds the standard requirement for flood insurance. Such a lengthy duration would be impractical for policyholders, making it an unlikely choice for when coverage would start.

<b>Conclusion</b>  
Flood insurance policies have a standard waiting period of 30 days from the application date before coverage begins. This period is designed to prevent immediate coverage in anticipation of floods and ensures proper processing of applications. Choices A, B, and D do not align with this standard, confirming that C is the only accurate answer regarding the commencement of flood insurance coverage.",,Regular,
Insurance Exams,Life Insurance Producer,Institutition-based Insurace Exams,Insurance Practice Questions,,A mutual company is owned by whom?,Stock holders,Policyholders,The Insurance Commissioner,Lloyd's of London,,,,B,"<h2>Policyholders own a mutual company.</h2>  
In a mutual company, ownership is vested in the policyholders, who are the individuals or entities that hold policies with the company. This structure allows policyholders to benefit from any profits made by the company, which may be distributed as dividends or used to reduce future premiums.

<b>A) Stock holders</b>  
Stockholders are owners of a corporation that issues shares of stock, which is not applicable to mutual companies. In mutual companies, there are no stockholders; instead, ownership is exclusively held by policyholders. Thus, stockholders do not have any claim or ownership over a mutual company's assets or profits.

<b>B) Policyholders</b>  
Policyholders are indeed the owners of a mutual company, as they possess the rights associated with their policies. This ownership structure allows them to influence company decisions and receive financial benefits derived from the company's operations, distinguishing mutual companies from stockholder-owned corporations.

<b>C) The Insurance Commissioner</b>  
The Insurance Commissioner is a regulatory official responsible for overseeing the insurance industry within a specific jurisdiction. While they may regulate mutual companies and ensure compliance with laws, they do not own any part of the company. Their role is to protect policyholders and maintain fair practices, not to hold ownership.

<b>D) Lloyd's of London</b>  
Lloyd's of London is a marketplace for insurance and reinsurance, not a mutual company itself. It operates on a different model where various syndicates provide coverage. As such, Lloyd's does not own mutual companies nor do policyholders within a mutual company have any ownership ties to Lloyd's.

<b>Conclusion</b>  
In summary, mutual companies are uniquely structured to be owned by their policyholders, who benefit directly from the company's profits and decisions. Unlike stockholder-owned corporations, mutual companies prioritize the interests of their policyholders, making them the rightful owners. Understanding this ownership structure is crucial for recognizing how mutual companies operate within the insurance industry.",,Regular,
Insurance Exams,Life Insurance Producer,Institutition-based Insurace Exams,Insurance Certification Exam Prep,,"In Alabama, an insurance binder is valid for __________ days or until a policy issued, whichever is less.",30,60,90,120,,,,C,"<h2>In Alabama, an insurance binder is valid for 90 days or until a policy is issued, whichever is less.</h2>  
In Alabama, the law stipulates that an insurance binder remains in effect for a maximum of 90 days, providing temporary coverage until the actual policy is issued. This ensures that individuals have coverage during the interim period without a lapse.

<b>A) 30</b>  
A 30-day duration is incorrect because Alabama law specifies a longer period for insurance binders. While some states may have shorter duration requirements, Alabama clearly allows for a maximum of 90 days. Thus, 30 days does not reflect the legal standard in this context.

<b>B) 60</b>  
Selecting 60 days is also incorrect, as it falls short of the legal limit established by Alabama law. The law specifies that the binder can last up to 90 days, and therefore 60 days does not meet the maximum duration allowed for temporary coverage.

<b>C) 90</b>  
This option correctly reflects the legal duration for an insurance binder in Alabama. The law allows the binder to be valid for up to 90 days, or until a policy is issued, providing a clear framework for temporary insurance coverage.

<b>D) 120</b>  
A duration of 120 days exceeds the maximum allowed for an insurance binder in Alabama. The law explicitly limits the binder's validity to 90 days, making 120 days an invalid choice and not compliant with state regulations.

<b>Conclusion</b>  
In summary, Alabama mandates that insurance binders are valid for up to 90 days, or until a policy is issued, whichever occurs first. This provision ensures that individuals have consistent coverage while awaiting the finalization of their insurance policy. The incorrect options fail to reflect this legal requirement, highlighting the importance of understanding state-specific insurance regulations.",,Regular,
Insurance Exams,Life Insurance Producer,Institutition-based Insurace Exams,Insurance Practice Questions,,Life insurance policy dividends,must be guaranteed.,can be guaranteed.,cannot be guaranteed.,are taxable.,,,,C,"<h2>Life insurance policy dividends cannot be guaranteed.</h2>  
Life insurance policy dividends are contingent upon the insurer's financial performance and are not promised to policyholders. Unlike guaranteed benefits, dividends may fluctuate based on various factors, including the company's earnings and claims experience, thus making them unpredictable.

<b>A) must be guaranteed.</b>  
Dividends are not mandatory payments made by life insurance companies; rather, they are distributed at the discretion of the insurer based on its profitability. Therefore, the statement that dividends must be guaranteed is incorrect, as they depend on the company's performance and are not an obligatory aspect of the policy.

<b>B) can be guaranteed.</b>  
While some life insurance policies may offer guaranteed interest rates on cash value components, dividends themselves cannot be guaranteed. The potential for dividends exists but is subject to the financial health of the insurer and their discretion in dividend distribution, making this choice misleading.

<b>C) cannot be guaranteed.</b>  
This statement accurately reflects the nature of life insurance policy dividends. They are considered a non-guaranteed benefit, as their distribution depends on the insurer's overall performance and may vary each year. This characteristic distinguishes them from guaranteed benefits outlined within the policy.

<b>D) are taxable.</b>  
Although dividends may be subject to taxation under certain conditions, this statement does not directly address the guarantee aspect of dividends. Tax treatment depends on specific circumstances, such as whether the policyholder has taken loans against the policy, making this choice irrelevant to the question regarding guarantees.

<b>Conclusion</b>  
Life insurance policy dividends are a potential benefit for policyholders but are inherently non-guaranteed and fluctuate based on the insurer's financial situation. Understanding this distinction is crucial for policyholders, as it influences their expectations regarding returns on their life insurance investments. The difference between guaranteed benefits and non-guaranteed dividends is a fundamental concept in life insurance policies.",,Regular,
Insurance Exams,Life Insurance Producer,Institutition-based Insurace Exams,Insurance Certification Exam Prep,,Withholding of facts that should be included in an application for insurance is called,Misrepresentation.,Concealment.,Waiver.,Warranty.,,,,B,"<h2>Withholding of facts that should be included in an application for insurance is called concealment.</h2>  
Concealment occurs when an applicant fails to disclose pertinent information that could affect the insurer's decision. This act can lead to the denial of claims or cancellation of the policy since insurers rely on full disclosure to assess risk accurately.

<b>A) Misrepresentation.</b>  
Misrepresentation involves providing false information or making misleading statements in an insurance application. While it can also lead to issues in the insurance process, it differs from concealment, which specifically refers to failing to disclose the truth rather than stating something incorrect.

<b>C) Waiver.</b>  
A waiver is the voluntary relinquishment of a known right or privilege, often seen in legal contexts. In insurance, it does not pertain to withholding information but rather to an insurer's decision to forgo certain rights or claims against a policyholder. Therefore, it does not describe the act of failing to disclose facts.

<b>D) Warranty.</b>  
A warranty is a promise or guarantee made by the policyholder regarding the truth of certain statements or the condition of the insured item. Unlike concealment, which involves nondisclosure, a warranty requires explicit declarations about the facts. Failure to meet a warranty can lead to policy voidance, but it is not synonymous with withholding information.

<b>Conclusion</b>  
Concealment is the correct term for the act of withholding important facts in an insurance application. Unlike misrepresentation, waiver, and warranty, concealment specifically addresses the failure to disclose information, which can significantly affect the insurer's risk assessment and decision-making process. Understanding this distinction is crucial for both applicants and insurers to maintain transparency and fairness in insurance transactions.",,Regular,
Insurance Exams,Life Insurance Producer,Institutition-based Insurace Exams,Insurance Practice Questions,,The provision which states that the policy will stay in force a certain period of time after the premium falls due is the,grace period provision.,automatic premium loan provision.,facility of payment provision.,incontestable provision.,,,,A,"<h2>Grace period provision.</h2>  
The grace period provision allows a policy to remain in force for a specified time after the premium due date, giving the policyholder the opportunity to make the payment without losing coverage.

<b>A) Grace period provision</b>  
This provision explicitly states that if a policy premium is not paid on time, the policy will still be active for a predetermined period, typically 30 days. This measure protects the policyholder from immediate lapse of coverage, allowing time for payment without penalty.

<b>B) Automatic premium loan provision</b>  
The automatic premium loan provision permits the insurer to automatically use a policy's cash value to pay overdue premiums. While it helps maintain coverage, it does not provide a grace period, as the policy may still lapse if there is insufficient cash value to cover the premium.

<b>C) Facility of payment provision</b>  
The facility of payment provision allows the insurer some discretion in paying out benefits to a beneficiary or other parties upon the insured's death. It does not relate to premium payments or the maintenance of coverage during a grace period.

<b>D) Incontestable provision</b>  
The incontestable provision prevents the insurer from disputing the validity of the policy after a specified period, typically two years. This clause is related to the enforceability of the policy itself rather than the timing of premium payments.

<b>Conclusion</b>  
The grace period provision is essential for policyholders, ensuring they have a buffer to pay premiums without losing coverage. In contrast, the other provisions mentioned address different aspects of the policy or its benefits, highlighting the unique role that the grace period plays in maintaining active insurance coverage during financial difficulties.",,Regular,
Insurance Exams,Life Insurance Producer,Institutition-based Insurace Exams,Insurance Certification Exam Prep,,"Waiver of Premium with Disability Income Rider not only waived the premium in the case of total disability, it also:",Distributes the cash value back to the policy owner.,Provides a monthly income check to the policy owner.,Reduces the face amount to 50% of the original agreement.,Utilizes the cash value to make premium payments.,,,,D,"<h2>Utilizes the cash value to make premium payments.</h2>  
The Waiver of Premium with Disability Income Rider allows the policyholder's cash value to be used to cover premium payments in the event of total disability, ensuring that the policy remains active without additional financial burden.

<b>A) Distributes the cash value back to the policy owner.</b>  
This choice is incorrect because the Waiver of Premium with Disability Income Rider does not distribute the cash value to the policyholder. Instead, it allows the cash value to be used to cover ongoing premiums but does not return any cash value directly to the owner.

<b>B) Provides a monthly income check to the policy owner.</b>  
While the rider facilitates premium payments, it does not directly provide a monthly income check to the policyholder. The monthly income is typically associated with a different rider known as the Disability Income Rider, which is separate from the Waiver of Premium function.

<b>C) Reduces the face amount to 50% of the original agreement.</b>  
This choice is not accurate as the Waiver of Premium with Disability Income Rider does not alter the face amount of the policy. The face amount remains intact while the rider is in effect; it simply waives the premium payments during total disability.

<b>D) Utilizes the cash value to make premium payments.</b>  
This statement correctly describes the function of the rider. In the event of total disability, the rider allows the cash value accumulated in the policy to be used to cover premium payments, ensuring the policy remains in force without additional cost to the insured.

<b>Conclusion</b>  
The Waiver of Premium with Disability Income Rider is a valuable feature that relieves the policyholder from premium payments during periods of total disability by utilizing the policy's cash value. This ensures that the policy remains active without financial strain, while other options do not accurately reflect the rider's purpose or function. Understanding how this rider operates is essential for policyholders to effectively manage their insurance coverage during times of need.",,Regular,
Insurance Exams,Life Insurance Producer,Institutition-based Insurace Exams,Insurance Practice Questions,,The type of health insurance policy most likely used to cover all students attending a large university is,a blanket policy.,a franchise policy.,a student fund.,a self-insured plan.,,,,A,"<h2>A blanket policy.</h2>  
A blanket policy is designed to provide coverage for a group of individuals, such as students at a university, under a single insurance contract. This type of policy typically encompasses all enrolled students, ensuring that they have access to health care services without the need for individual applications or enrollment processes.

<b>A) a blanket policy.</b>  
This choice represents the most suitable option as it offers comprehensive coverage for all students under one policy, making it efficient and effective for large groups. Blanket policies are specifically tailored for situations where a specific population, like university students, requires health coverage collectively.

<b>B) a franchise policy.</b>  
A franchise policy is generally used for businesses or groups that want to provide insurance coverage to individual members, but each member needs to apply separately. This approach lacks the cohesive coverage provided by a blanket policy, making it less practical for a large university setting where uniform coverage for all students is necessary.

<b>C) a student fund.</b>  
A student fund may refer to a financial pool created by students to support health expenses, but it does not function as an insurance policy. This option does not provide the structured, regulated health coverage that a blanket policy offers, which is essential for ensuring students have access to necessary medical services.

<b>D) a self-insured plan.</b>  
A self-insured plan involves the university taking on the financial risk of providing health benefits to students without purchasing an insurance policy. This method is often complex and may not guarantee coverage for all students, making it less favorable compared to the simplicity and inclusivity of a blanket policy.

<b>Conclusion</b>  
In summary, a blanket policy is the most effective type of health insurance for covering all students at a large university, offering collective coverage without the complications of individual applications. The other options—franchise policy, student fund, and self-insured plan—lack the comprehensive and streamlined approach necessary to ensure health care access for all students simultaneously.",,Regular,
Insurance Exams,Life Insurance Producer,Institutition-based Insurace Exams,Insurance Certification Exam Prep,,Which of the following is covered by the Equipment Breakdown Coverage policy?,Failure as a consequence of cleaning or adjustment,"Defects in computer equipment or software, including viruses",Arcing in electrical equipment,Damage to supporting structure,,,,C,"<h2>Arcing in electrical equipment is covered by the Equipment Breakdown Coverage policy.</h2>  
Arcing is a form of electrical discharge that can cause significant damage to electrical equipment, and Equipment Breakdown Coverage specifically addresses such incidents. This policy is designed to protect against losses resulting from mechanical or electrical failures, including arcing, which can lead to costly repairs and replacements.

<b>A) Failure as a consequence of cleaning or adjustment</b>  
Failures resulting from cleaning or adjustment are typically considered maintenance issues and are not covered under the Equipment Breakdown Coverage policy. This type of failure does not stem from an unexpected breakdown but rather from routine handling, which is usually excluded in such policies.

<b>B) Defects in computer equipment or software, including viruses</b>  
Defects related to computer equipment or software, including issues caused by viruses, fall under different types of coverage, such as data loss or technology errors. Equipment Breakdown Coverage does not extend to software or digital defects, as it primarily covers physical equipment failures due to mechanical breakdowns.

<b>C) Arcing in electrical equipment</b>  
This choice correctly identifies a situation covered by the Equipment Breakdown Coverage policy, as arcing represents a sudden and unexpected electrical failure that can cause damage to equipment. Such events align with the policy's purpose of protecting against breakdowns in machinery and electrical systems.

<b>D) Damage to supporting structure</b>  
Damage to the supporting structure of equipment is generally considered property damage rather than a failure of the equipment itself. Equipment Breakdown Coverage focuses on the machinery and its operational failures, not the structural integrity of the buildings or supports that house them.

<b>Conclusion</b>  
The Equipment Breakdown Coverage policy is specifically designed to cover unexpected mechanical or electrical failures, such as arcing in electrical equipment, which can lead to significant damage. Other options, including maintenance failures, software defects, and structural damage, fall outside the scope of this coverage, highlighting the importance of understanding what is included in insurance policies to ensure proper protection for equipment-related risks.",,Regular,
Insurance Exams,Life Insurance Producer,Institutition-based Insurace Exams,Insurance Practice Questions,,Which Businessowner Policy endorsement would insure trucks that have been leased by the insured's housepainting business?,Coverage for hired autos,Coverage for nonowned autos,Garagekeepers coverage,Truckers policy,,,,A,"<h2>Coverage for hired autos is the endorsement that would insure trucks leased by the insured's housepainting business.</h2>  
This endorsement provides coverage for vehicles that the business has rented or leased, ensuring that any hired vehicles used in the operation of the business are adequately protected under the Businessowner Policy.

<b>A) Coverage for hired autos</b>  
This option specifically addresses coverage for vehicles that a business does not own but has rented or leased for its operations. Since the question pertains to trucks leased by the housepainting business, this endorsement directly applies, providing liability and physical damage coverage while the vehicles are in use for business purposes.

<b>B) Coverage for nonowned autos</b>  
While this endorsement covers vehicles not owned by the business, it typically applies to situations where employees use their personal vehicles for business tasks. It does not include vehicles that have been leased by the business, which is the specific scenario outlined in the question.

<b>C) Garagekeepers coverage</b>  
Garagekeepers coverage is designed to protect businesses that store or park customers' vehicles, covering damage to these vehicles while in the care of the business. This does not relate to leasing trucks for business operations, making it irrelevant for the question at hand.

<b>D) Truckers policy</b>  
A Truckers policy is specifically tailored for businesses that transport goods and provides coverage for owned trucks and trailers. However, it does not cover leased vehicles unless they are specifically included, making it unsuitable for insuring leased trucks used by the housepainting business.

<b>Conclusion</b>  
In summary, the endorsement needed for insuring leased trucks in a housepainting business is Coverage for hired autos, as it specifically caters to vehicles rented or leased by the business. Other options either cover different scenarios or do not apply to vehicles leased for business use, underscoring the importance of selecting the appropriate coverage to ensure comprehensive protection.",,Regular,
Insurance Exams,Life Insurance Producer,Institutition-based Insurace Exams,Insurance Certification Exam Prep,,Paid-up Additions act as a default if the Policyholder doesn't indicate an option. Paid-up Additions are:,Single payment premiums which purchase additional amounts of insurance which add to the face amount.,Taxable as income.,Additional insurance that is typically cheaper than could be purchased otherwise.,Half of the cost of the original insurance protection.,,,,A,"<h2>Paid-up Additions are single payment premiums which purchase additional amounts of insurance which add to the face amount.</h2>  
Paid-up Additions (PUAs) are a feature of whole life insurance policies that allow policyholders to make one-time payments to acquire additional insurance coverage, which increases the total death benefit of the policy. This feature enhances the policy's value without the need for ongoing premiums.

<b>A) Single payment premiums which purchase additional amounts of insurance which add to the face amount.</b>  
This option accurately describes Paid-up Additions, as they are indeed single premium payments made by the policyholder to increase the insurance coverage. These additions become part of the overall death benefit, making it a key feature for increasing policy value.

<b>B) Taxable as income.</b>  
Paid-up Additions are not taxable as income. The payments made for these additions are considered part of the policy's cash value, and they do not trigger immediate tax consequences for the policyholder. Taxes may apply only if the policy is surrendered for cash value exceeding the total premiums paid.

<b>C) Additional insurance that is typically cheaper than could be purchased otherwise.</b>  
While Paid-up Additions may offer favorable pricing compared to traditional term insurance, this statement is misleading. The cost-effectiveness of PUAs depends on individual circumstances and comparisons to other insurance products available in the market. Therefore, they are not universally cheaper.

<b>D) Half of the cost of the original insurance protection.</b>  
This statement is inaccurate because Paid-up Additions do not represent a fixed fraction of the original insurance cost. Instead, they are determined by the specific premium payment the policyholder opts to make, and there is no standard ratio that applies to these additions.

<b>Conclusion</b>  
Paid-up Additions serve as a beneficial component of whole life insurance, enabling policyholders to enhance their coverage through single premium payments that contribute directly to the policy's face amount. Understanding this feature helps policyholders make informed decisions about their insurance needs, as it provides an avenue for increasing benefits without incurring ongoing premium obligations. Other options presented fail to accurately reflect the nature and implications of Paid-up Additions.",,Regular,
Insurance Exams,Life Insurance Producer,Institutition-based Insurace Exams,Insurance Practice Questions,,The Medical Information Bureau (MIB),Is a nonprofit agency supported by life insurance companies to aid in underwriting.,Supplies member companies with information concerning the insurability of proposed insureds.,Must be authorized by the applicant to give information to member companies.,Satisfies all of the above.,,,,D,"<h2>The Medical Information Bureau (MIB) satisfies all of the above.</h2>  
The MIB serves multiple functions that encompass the aspects described in all the choices, providing a comprehensive service for member insurance companies regarding underwriting and insurability.

<b>A) Is a nonprofit agency supported by life insurance companies to aid in underwriting.</b>  
While the MIB is indeed a nonprofit organization supported by life insurance companies, this statement alone does not capture the full scope of its functions. The MIB also provides critical information about insurability and requires authorization from applicants, making this choice incomplete.

<b>B) Supplies member companies with information concerning the insurability of proposed insureds.</b>  
This statement accurately describes one of the key roles of the MIB, as it provides data on the insurability of individuals. However, it fails to mention that the organization operates under a nonprofit model and the necessity of applicant authorization for sharing information, thus lacking a complete view.

<b>C) Must be authorized by the applicant to give information to member companies.</b>  
This choice correctly highlights the requirement for applicant authorization, which is essential for the MIB's operation. However, it overlooks the nonprofit nature of the agency and its broader role in underwriting, making it an incomplete representation of the MIB's functions.

<b>Conclusion</b>  
The Medical Information Bureau (MIB) operates as a nonprofit agency that aids life insurance companies by supplying vital information regarding the insurability of proposed insureds, all while requiring authorization from the applicants to share their information. Thus, option D encapsulates all necessary components of the MIB's functionality, affirming that it satisfies all of the above statements.",,Regular,
Insurance Exams,Life Insurance Producer,Institutition-based Insurace Exams,Insurance Certification Exam Prep,,Which section of your Commercial General Liability policy will respond?,Operations Liability,Personal Injury,Premises Liability,Products Liability,,,,C,"<h2>Premises Liability is the section of your Commercial General Liability policy that will respond.</h2>  
Premises Liability covers claims arising from injuries or damages that occur on your business premises. This section is essential for protecting against incidents such as slips and falls, which are commonly associated with business operations.

<b>A) Operations Liability</b>  
Operations Liability generally refers to coverage for injuries or damages that occur as a result of business activities away from the premises. While important for certain risks, this section does not specifically address incidents that happen on the business premises itself, making it less relevant in this context.

<b>B) Personal Injury</b>  
Personal Injury coverage pertains to claims related to non-physical harm, such as defamation or invasion of privacy. Although it is a crucial aspect of liability insurance, it does not cover physical injuries that occur on the business premises, which is the focus of the question.

<b>C) Premises Liability</b>  
Premises Liability is specifically designed to address injuries or damages that occur on the premises of a business. This section provides coverage for various incidents, including slips, trips, and falls, making it the most relevant section of the policy for responding to such claims.

<b>D) Products Liability</b>  
Products Liability provides coverage for injuries or damages caused by products sold or manufactured by the business. While it is essential for businesses that sell goods, it does not cover incidents that occur on the business premises, which is the primary concern of the question.

<b>Conclusion</b>  
The Premises Liability section of a Commercial General Liability policy is specifically tailored to address claims arising from injuries that occur on the business premises. This focus on physical incidents distinguishes it from other sections like Operations Liability, Personal Injury, and Products Liability, which cater to different types of risks. Understanding these distinctions is crucial for ensuring comprehensive coverage in liability situations.",,Regular,
Insurance Exams,Life Insurance Producer,Institutition-based Insurace Exams,Insurance Practice Questions,,Which of the following unendorsed policies include Liability coverage?,DP-1,DP-2,DP-3,All Homeowner's forms,,,,D,"<h2>All Homeowner's forms include Liability coverage.</h2>  
Liability coverage is a standard feature included in all Homeowner's insurance forms, providing protection against legal claims for injuries or damages occurring on the insured property. This coverage is essential for homeowners to safeguard against potential lawsuits and financial losses.

<b>A) DP-1</b>  
The DP-1 is a dwelling policy that provides limited coverage primarily for damages to the structure itself and does not include liability coverage. It is designed for rental properties or homes that do not need comprehensive homeowner protections, making it inadequate for liability needs.

<b>B) DP-2</b>  
While the DP-2 offers broader coverage than DP-1, it still focuses primarily on property-related damage and does not include liability coverage. This policy is also intended for rental properties and is not as comprehensive as the Homeowner's forms that include liability protections.

<b>C) DP-3</b>  
The DP-3 offers more extensive coverage for the dwelling compared to DP-1 and DP-2, covering risks on an open-perils basis. However, like the previous policies, it does not provide liability coverage, which is a distinguishing feature of Homeowner's forms.

<b>D) All Homeowner's forms</b>  
This option correctly identifies that all Homeowner's insurance forms include liability coverage. These forms are designed to provide comprehensive protection for both property and liability claims, ensuring homeowners are protected from a wide range of potential risks.

<b>Conclusion</b>  
Homeowner's insurance forms are distinct in that they provide liability coverage, a critical component for protecting against claims of bodily injury or property damage. In contrast, the DP-1, DP-2, and DP-3 dwelling policies do not include this essential coverage, highlighting the comprehensive nature of Homeowner's forms. Thus, for those seeking liability protection, Homeowner's forms are the appropriate choice.",,Regular,
Insurance Exams,Life Insurance Producer,Institutition-based Insurace Exams,Insurance Certification Exam Prep,,Which of the following is a correct statement regarding the Business Income and Extra Expense coverage available under the Equipment Breakdown Coverage policy?,This coverage provides substantially different benefits than those found in the Commercial Property policy,This coverage provides identical benefits to those found in the Commercial Property policy but is triggered only by equipment breakdown,This coverage is always expressed with a dollar deductible,This coverage is always expressed with a loss of time deductible,,,,B,"<h2>This coverage provides identical benefits to those found in the Commercial Property policy but is triggered only by equipment breakdown.</h2>  
The Business Income and Extra Expense coverage under the Equipment Breakdown Coverage policy mirrors the benefits offered in the Commercial Property policy, but it specifically applies when there is an equipment breakdown that interrupts business operations.

<b>A) This coverage provides substantially different benefits than those found in the Commercial Property policy</b>  
This statement is incorrect because the Business Income and Extra Expense coverage is designed to align closely with the benefits found in the Commercial Property policy; it does not provide substantially different benefits but rather targets specific incidents involving equipment breakdown.

<b>C) This coverage is always expressed with a dollar deductible</b>  
This choice is misleading; while some policies may have a dollar deductible, the Business Income and Extra Expense coverage can also have various deductible structures, including time-based deductibles, depending on the specific terms of the policy.

<b>D) This coverage is always expressed with a loss of time deductible</b>  
This statement is not accurate, as the coverage may not always utilize a loss of time deductible. The specifics of the deductible depend on the terms of the policy, and it can vary, including options for dollar deductibles.

<b>Conclusion</b>  
The Business Income and Extra Expense coverage under the Equipment Breakdown Coverage policy provides benefits that are similar to those found in the Commercial Property policy, specifically activated by equipment breakdown events. Understanding the nuances of this coverage is essential for businesses to adequately protect against income loss due to equipment failures, emphasizing the importance of correctly interpreting policy terms regarding deductibles and coverage triggers.",,Regular,
Insurance Exams,Life Insurance Producer,Institutition-based Insurace Exams,Insurance Practice Questions,,A Commercial Package policy must contain at least _____ coverage part(parts).,one,two,three,seven,,,,B,"<h2>A Commercial Package policy must contain at least two coverage parts.</h2>  
A Commercial Package policy (CPP) is designed to combine multiple types of insurance coverage into a single policy, and it must include at least two different coverage parts to be valid. This requirement allows businesses to tailor their insurance needs by combining various coverages, such as property and liability, within one policy.

<b>A) one</b>  
A CPP cannot consist of just one coverage part; it is specifically structured to include at least two distinct parts. While a single coverage part may be included in an insurance policy, it does not meet the definition or requirements of a Commercial Package policy.

<b>B) two</b>  
This is the correct answer because a Commercial Package policy must have a minimum of two coverage parts. By requiring at least two parts, the CPP provides a broader scope of protection and addresses multiple risks that a business may face, enhancing its overall coverage.

<b>C) three</b>  
While a CPP can include three or more coverage parts, it is not a necessity. The requirement specifically mandates only two parts as the minimum, making three an incorrect choice. Including more parts can further diversify coverage, but it is not a requirement for the policy's validity.

<b>D) seven</b>  
Seven coverage parts are not required for a CPP; this number exceeds the minimum requirement. While a CPP may have many coverage parts, the essential criterion is the inclusion of at least two, making seven an unnecessary specification.

<b>Conclusion</b>  
A Commercial Package policy is mandated to include at least two coverage parts, allowing businesses to address various insurance needs in one comprehensive policy. While it can certainly encompass more than two parts for enhanced coverage, the minimum requirement ensures that businesses are adequately protected against a range of potential risks. This structure supports flexible insurance solutions tailored to specific business circumstances.",,Regular,
Insurance Exams,Life Insurance Producer,Institutition-based Insurace Exams,Insurance Certification Exam Prep,,The Farm Liability coverage form provides all of the following coverages EXCEPT,Coverage for bodily injury or property damage arising out of farming operations,Coverage for B.I. or P.D. arising out of personal activities,Crop dusting liability,Personal and advertising injury,,,,C,"<h2>Crop dusting liability is not covered under the Farm Liability coverage form.</h2>  
The Farm Liability coverage form provides various coverages related to farming operations, but crop dusting liability is typically excluded from these coverages, as it often falls under separate aviation or specialized liability policies.

<b>A) Coverage for bodily injury or property damage arising out of farming operations</b>  
This coverage is explicitly included in the Farm Liability coverage form, as it addresses risks associated with the day-to-day operations of the farm, protecting the insured against claims resulting from bodily injury or property damage linked to farming activities.

<b>B) Coverage for B.I. or P.D. arising out of personal activities</b>  
This type of coverage is also part of the Farm Liability coverage form. It provides protection for bodily injury (B.I.) or property damage (P.D.) claims that may arise from personal activities of the insured that are not related to farming, thus ensuring comprehensive coverage for various aspects of the insured's life.

<b>C) Crop dusting liability</b>  
Crop dusting liability is generally excluded from the standard Farm Liability coverage form. This is because crop dusting involves the use of aircraft and carries specific risks that require specialized coverage, making it necessary for the insured to obtain separate policies designed to address these unique liability exposures.

<b>D) Personal and advertising injury</b>  
This coverage is included within the Farm Liability coverage form, protecting the insured against claims related to personal and advertising injury, such as defamation or false advertising, which can occur in the course of running a farming business.

<b>Conclusion</b>  
The Farm Liability coverage form encompasses a range of protections pertinent to farming operations and personal activities but notably excludes crop dusting liability due to its specialized nature. Understanding these distinctions helps ensure that farmers secure appropriate coverage for their specific operational risks while maintaining compliance with insurance requirements.",,Regular,